MAE,WAPE,R2,R2_change,category,h,model,n_forecasts,n_origins,MAE_vs_base_%,DM_stat,DM_p,share_MO_better,wilcoxon_p
982.0742935847604,0.032045044923892964,0.9858060664202597,0.8265780455856536,Все категории,1,chronos_bolt,24192,12,-45.60127683436372,-2.3887792885634593,0.0359388952194141,0.9950396825396826,0.0
2347.716411328189,0.07660589261018005,0.9249559886505553,0.0831097636042859,Все категории,1,chronos_bolt_raw,24192,12,30.04390397501089,2.921793438050136,0.013892847799201632,0.043154761904761904,1.0
960.5827425168778,0.03134377647205257,0.9871491077844591,0.842987369817747,Все категории,1,ensemble,24192,12,-46.791729475858276,-2.446915753686855,0.03242266511125173,0.9717261904761905,0.0
923.0006535121839,0.030117474410837664,0.9880875493684922,0.8544532804261367,Все категории,1,ensemble_fm,24192,12,-48.87346368793111,-2.5342580314555017,0.02776224717831816,0.9875992063492064,0.0
1278.4370062013907,0.041715348384236045,0.9767958487614368,0.7164909053779475,Все категории,1,factor_national,24192,12,-29.185254884128586,-1.5340716736764888,0.15325689897213057,0.9717261904761905,0.0
1043.4370503067148,0.03404730922166957,0.9827291189909553,0.7889837991547825,Все категории,1,factor_panel,24192,12,-42.20229201478013,-2.2437937327389026,0.046391850387833444,0.9945436507936508,0.0
1026.9796333536542,0.03351030436466732,0.9838459691727945,0.8026295119682503,Все категории,1,factor_region,24192,12,-43.113895622265986,-2.3098018573079626,0.041313109935404886,0.9920634920634921,0.0
1061.4964959413278,0.03463658821048145,0.9846530667195168,0.812490656743183,Все категории,1,lgbm,24192,12,-41.2019493828432,-2.1265850109730584,0.05691598018584627,0.9875992063492064,0.0
1075.8190871440254,0.035103933788626744,0.9843920628290781,0.809301702494853,Все категории,1,lgbm_no_events,24192,12,-40.40859731269977,-2.1050720556772453,0.05907911647128054,0.9866071428571429,0.0
2237.882275132275,0.07302200913866826,0.9169786402114758,-0.014357745988971216,Все категории,1,naive,24192,12,23.96000909242617,1.7014322027305584,0.11692113933322398,0.06001984126984127,1.0
1805.3260011167645,0.05890771521662451,0.9483314052253196,0.3687113838226126,Все категории,1,prophet,24192,12,,,,,
2693.7965649874477,0.08789847418341065,0.7895495613750352,-1.5712904860842491,Все категории,1,prophet_log_y,24192,12,49.21385740420734,1.0387414788265361,0.3212192986609064,0.03273809523809524,1.0
4079.2546709656085,0.13310591677330266,0.8329695926144287,-1.040783094601485,Все категории,1,snaive,24192,12,125.95667865206642,4.353284892471076,0.001149073313514731,0.032242063492063495,1.0
1057.8189085092026,0.03451658867964776,0.9839375682234534,0.8037486722277032,Все категории,1,snaive_drift,24192,12,-41.405657047267816,-2.1789431556203858,0.05196082463433756,0.8883928571428571,2.5776325140207186e-277
1103.1930802706725,0.03542667054724284,0.9823175282853958,0.7853163091801303,Все категории,2,chronos_bolt,22176,11,-37.46699055970639,-1.7086202188585558,0.11831923714576614,0.9836309523809523,0.0
2732.4008085352684,0.08774516898098085,0.9046149601252186,-0.1580740939291716,Все категории,2,chronos_bolt_raw,22176,11,54.88244860353859,2.0677775476622786,0.06552748468070442,0.027777777777777776,1.0
1001.4165200960314,0.03215833544686857,0.9862831910737248,0.8334636008985348,Все категории,2,ensemble,22176,11,-43.236057382206674,-2.049535976141124,0.06756075628064523,0.9613095238095238,0.0
950.0367319444376,0.030508384173436865,0.9873518250742562,0.8464379347514321,Все категории,2,ensemble_fm,22176,11,-46.14845126409687,-2.153253420299406,0.056752090134544554,0.9821428571428571,0.0
1517.2790262634203,0.048724149156634776,0.9667479171563106,0.596284954527293,Все категории,2,factor_national,22176,11,-13.995088104059894,-1.1040804672784534,0.29541629304915673,0.7390873015873016,5.300147769069518e-146
1122.0145718829028,0.03603108222682896,0.9801984375542023,0.7595883325319872,Все категории,2,factor_panel,22176,11,-36.400119733813206,-1.8357036837371967,0.09627329586663419,0.9806547619047619,0.0
1047.049250956362,0.033623732349071116,0.9833892368114956,0.7983279709873546,Все категории,2,factor_region,22176,11,-40.649427679113096,-2.008634053556904,0.07233929813081387,0.9766865079365079,0.0
2512.38271103896,0.08067976148901175,0.9104110412787083,-0.0877036098471895,Все категории,2,naive,22176,11,42.41101997166537,1.323827653547759,0.2150236786930348,0.037698412698412696,1.0
1764.1771764143205,0.05665275166561133,0.9536740986718775,0.43755513153376835,Все категории,2,prophet,22176,11,,,,,
3660.066887443873,0.11753516779722105,-0.557046603966485,-17.904173416094764,Все категории,2,prophet_log_y,22176,11,107.4659470928502,0.8886525521209583,0.39506299134496903,0.023809523809523808,1.0
4239.755456349207,0.13615061809135562,0.8259710403373398,-1.1128934898317926,Все категории,2,snaive,22176,11,140.32481051401447,5.501024370416485,0.0002614125266143088,0.029265873015873016,1.0
1195.0523334315099,0.03837653268528881,0.9806094413736814,0.76457834853942,Все категории,2,snaive_drift,22176,11,-32.260072887891766,-1.5649031191976244,0.14867277363606005,0.8263888888888888,2.3028949221111635e-215
1399.0489293863473,0.044435200939379575,0.9725904355296735,0.6629206580066105,Все категории,3,chronos_bolt,20160,10,-20.259826294813866,-0.5813572476522424,0.5752684299564081,0.8546626984126984,5.2944984692744585e-233
3032.1948449997667,0.09630555757904315,0.8822845156421887,-0.4476500731239641,Все категории,3,chronos_bolt_raw,20160,10,72.82293604577833,2.2474331394929106,0.05121759662739073,0.030753968253968252,1.0
1221.2361895453218,0.038787689506106685,0.9806074312188994,0.7615126525862279,Все категории,3,ensemble,20160,10,-30.39443879055951,-0.9411487939650782,0.37120188594658027,0.8814484126984127,7.466133901126338e-272
1176.3461897081436,0.037361937968018136,0.9813415450638266,0.7705406913959736,Все категории,3,ensemble_fm,20160,10,-32.95298860926559,-0.9622907308625148,0.3610436663684786,0.9221230158730159,3.4660375077069883e-304
1808.087736922766,0.05742668481325469,0.957929450256332,0.4826217235137692,Все категории,3,factor_national,20160,10,3.053744002847325,0.18058706982874004,0.860692721495114,0.4593253968253968,0.9999999983976895
1356.6239847747395,0.04308774203421768,0.9721134786016816,0.6570551022944527,Все категории,3,factor_panel,20160,10,-22.67787785949098,-0.7167706800685261,0.49169632710476974,0.9112103174603174,1.214488052927971e-271
1293.1181157519059,0.04107073176989671,0.9769765367197025,0.7168603732710397,Все категории,3,factor_region,20160,10,-26.297457504500766,-0.8383937660339505,0.42351633007657374,0.8854166666666666,1.3818718975127373e-274
1739.7806445372487,0.055257182866624024,0.9623284954669746,0.5367206226994126,Все категории,3,lgbm,20160,10,-0.8394861034838663,-0.019560073013622403,0.9848210931388747,0.4191468253968254,0.9999841097795039
1777.3527697518498,0.056450511347539,0.9615631256060074,0.5273082013748892,Все категории,3,lgbm_no_events,20160,10,1.3019742330030004,0.031919199264396944,0.9752331456155,0.39632936507936506,0.999999999999985
2499.336309523809,0.07938143462751547,0.9034877811842674,-0.18689500695819095,Все категории,3,naive,20160,10,42.45213822258778,1.5423794433476483,0.15737392006253917,0.08432539682539683,1.0
1754.5095080415608,0.05572498638348163,0.9557742188802013,0.45611696183117667,Все категории,3,prophet,20160,10,,,,,
5869.127203228815,0.18640938221413164,-58.635257164055,-732.3868170808906,Все категории,3,prophet_log_y,20160,10,234.51669405770969,0.7967342641116474,0.4461131006793774,0.024305555555555556,1.0
4344.625,0.13798965913646044,0.8243320853781275,-1.1603416987598094,Все категории,3,snaive,20160,10,147.62618726698201,5.955057176113849,0.00021400224452338467,0.03273809523809524,1.0
1423.5150352549908,0.04521226906590618,0.9740638397060462,0.6810403953997266,Все категории,3,snaive_drift,20160,10,-18.86535645828654,-0.5490734138207889,0.5963125532689425,0.6944444444444444,5.715052710687145e-99
1453.8377185456275,0.04602219572991822,0.9697256508940175,0.58193192179061,Все категории,4,chronos_bolt,18144,9,-22.192534770581716,-0.7290799342741684,0.4867462286424738,0.8690476190476191,5.24188218704858e-240
3455.82410679839,0.10939640059025874,0.8661664089659337,-0.8481504592419802,Все категории,4,chronos_bolt_raw,18144,9,84.95111978363654,2.2434127734187004,0.055131087666099664,0.034722222222222224,1.0
1249.3109033488236,0.039547763954671425,0.9797944790431746,0.7209755596704048,Все категории,4,ensemble,18144,9,-33.13853848124931,-1.1962732562160558,0.2658385839174229,0.9072420634920635,8.164612292354294e-284
1199.5494585100823,0.03797253246565554,0.9805775315741809,0.7317889801548152,Все категории,4,ensemble_fm,18144,9,-35.80170496789764,-1.166467154513343,0.2770189292096563,0.9325396825396826,1.1630523179855839e-307
1873.7423912178367,0.059314556209435626,0.9564166505267253,0.3981437192114704,Все категории,4,factor_national,18144,9,0.28020603249561127,0.017353012385786962,0.9865799719075898,0.4662698412698413,0.9987013746017801
1364.1151503504268,0.04318196841830244,0.9705329377577304,0.5930800018531955,Все категории,4,factor_panel,18144,9,-26.994367544686547,-0.9288677777201264,0.38013073789737206,0.9012896825396826,7.507380775518362e-262
1308.976328086189,0.04143651248591648,0.9762369824769931,0.6718489625153857,Все категории,4,factor_region,18144,9,-29.945324134537266,-1.0727790894730853,0.3146614730347357,0.8983134920634921,2.8202507350453604e-285
2546.614252645503,0.08061476056701475,0.9111872020420329,-0.2264440643365968,Все категории,4,naive,18144,9,36.29141505124416,0.8842697149881373,0.4023435047350214,0.1076388888888889,1.0
1868.5067226633473,0.05914881765421866,0.9525486343255807,0.3447290580395882,Все категории,4,prophet,18144,9,,,,,
13679.244646430396,0.43302554784810243,-1745.6269786161404,-24118.7253074692,Все категории,4,prophet_log_y,18144,9,632.0950190070585,0.7121754969258436,0.49659741056379003,0.012896825396825396,1.0
4407.435681216931,0.1395202951474567,0.8251398620979792,-1.4146990428171047,Все категории,4,snaive,18144,9,135.88010831101656,5.472946558652492,0.0005923790833158742,0.033234126984126984,1.0
1424.4620899557412,0.04509229075400003,0.9741263253835877,0.6427022300221459,Все категории,4,snaive_drift,18144,9,-23.764679426717315,-0.9158279366627705,0.3865306726934062,0.7757936507936508,3.586145759132536e-162
1588.5384274909327,0.04996302087035452,0.9632995558941281,0.5473516955368453,Все категории,5,chronos_bolt,16128,8,-21.360147271950638,-1.418868238972432,0.19889233247164345,0.8100198412698413,2.662425817206818e-183
4283.549253372919,0.13472702771408676,0.8047340256725513,-1.4083308622558066,Все категории,5,chronos_bolt_raw,16128,8,112.05510462258866,4.690812262256656,0.002232381696216452,0.029265873015873016,1.0
1400.9158440284702,0.04406187873173393,0.9753380422687872,0.6958294749902104,Все категории,5,ensemble,16128,8,-30.648315613744437,-2.711171486056879,0.03014790023836119,0.8968253968253969,1.0010436052762723e-276
1328.4138619098032,0.04178153223016482,0.976548377131387,0.7107572513900826,Все категории,5,ensemble_fm,16128,8,-34.23749236744068,-2.5994019458148125,0.03545601977361067,0.9231150793650794,8.311337345402794e-301
2097.648403117507,0.06597564725529691,0.9480476517445716,0.35924093226608966,Все категории,5,factor_national,16128,8,3.843104228166516,0.16220624603235273,0.8757263820259756,0.42311507936507936,0.9999999999999791
1480.6009774682698,0.046568151111557994,0.9666540673201895,0.5887248708839548,Все категории,5,factor_panel,16128,8,-26.703540309681763,-2.082503865046462,0.07580438904305266,0.8715277777777778,6.718676274209696e-236
1471.7607543844404,0.0462901066885889,0.9715381790755846,0.6489635126429085,Все категории,5,factor_region,16128,8,-27.141171423518585,-2.2032651949088002,0.06342459191235429,0.8779761904761905,4.324964069902335e-264
2821.2327628968255,0.08873396385845166,0.891492550646823,-0.3382866111824214,Все категории,5,naive,16128,8,39.66380991876921,16.88582735977273,6.256634405304645e-07,0.09771825396825397,1.0
2020.0170427383453,0.06353397054688742,0.9465610089241081,0.3409052862427365,Все категории,5,prophet,16128,8,,,,,
32355.813109646708,1.0176613531647136,-27956.558045008616,-344816.11473291524,Все категории,5,prophet_log_y,16128,8,1501.7594121772856,1.3641662610739516,0.21475214025158781,0.005456349206349206,1.0
4359.586495535715,0.13711856590501642,0.8316546141204944,-1.076303307467657,Все категории,5,snaive,16128,8,115.8192927731856,12.391061625225126,5.125677249450346e-06,0.04265873015873016,1.0
1576.9985703360442,0.04960006702933144,0.9690967899640465,0.6188524153852126,Все категории,5,snaive_drift,16128,8,-21.931422509274622,-2.2486903814956203,0.059312587855737134,0.7723214285714286,3.820493874741484e-158
1586.5150035730735,0.049577063790756895,0.9630004033992032,0.6241360867136141,Все категории,6,chronos_bolt,14112,7,-26.532126717156768,-1.5538287306022558,0.1712187029193275,0.8194444444444444,7.59767688303218e-185
4956.007780667605,0.15487046346002517,0.7413162090086807,-1.6278638395657787,Все категории,6,chronos_bolt_raw,14112,7,129.50136040242137,6.875599387510009,0.0004666761121410698,0.02976190476190476,1.0
1420.878774068678,0.04440109136206525,0.9751266902968397,0.7473221229332884,Все категории,6,ensemble,14112,7,-34.202360842185875,-2.115879897936391,0.07873040515945225,0.9201388888888888,1.3517514087302082e-292
1304.19424845766,0.040754812469912804,0.9774098669453861,0.7705159895882627,Все категории,6,ensemble_fm,14112,7,-39.60575376463049,-2.4055996476306736,0.052889878137983536,0.9365079365079365,3.025525190171851e-306
2266.4884342558607,0.07082557771785991,0.9406935043572249,0.3975293358978027,Все категории,6,factor_national,14112,7,4.955884255695198,0.1880003875048399,0.8570733788037193,0.40575396825396826,1.0
1431.2294285098696,0.04472453933094756,0.9685654378587223,0.6806690173857122,Все категории,6,factor_panel,14112,7,-33.723045760281614,-2.180064311120037,0.07205493467881811,0.8829365079365079,2.1822807660898792e-252
1487.4017962506027,0.04647987164894535,0.971578754989245,0.7112800854162964,Все категории,6,factor_region,14112,7,-31.121832165781004,-1.9588276291781999,0.09785406033331938,0.8878968253968254,2.2237076238934178e-276
1487.4017962506027,0.04647987164894535,0.971578754989245,0.7112800854162964,Все категории,6,lgbm,14112,7,-31.121832165781004,-1.9588276291781999,0.09785406033331938,0.8878968253968254,2.2237076238934178e-276
1487.4017962506027,0.04647987164894535,0.971578754989245,0.7112800854162964,Все категории,6,lgbm_no_events,14112,7,-31.121832165781004,-1.9588276291781999,0.09785406033331938,0.8878968253968254,2.2237076238934178e-276
3262.5866638321995,0.10195268673249054,0.8595748552773326,-0.42652215884246236,Все категории,6,naive,14112,7,51.08291005939935,5.652692407896304,0.0013157258223488707,0.0689484126984127,1.0
2159.467713819842,0.06748128341743424,0.9412285998642059,0.40296515438538927,Все категории,6,prophet,14112,7,,,,,
68855.05695135187,2.151654124357697,-152399.40645933684,-1548172.991632346,Все категории,6,prophet_log_y,14112,7,3088.519861200214,2.000224717780312,0.09239753594774691,0.006944444444444444,1.0
4352.150510204081,0.1360005061316301,0.8352962523503024,-0.6731586506868985,Все категории,6,snaive,14112,7,101.53811433955839,11.837737482300733,2.1972040889319585e-05,0.05109126984126984,1.0
1643.043236401789,0.05134351654954979,0.9671919851717086,0.6667166679256762,Все категории,6,snaive_drift,14112,7,-23.914433826128356,-1.4894407816057835,0.18695015270651413,0.8125,3.3111711003762267e-187
1723.2558398887727,0.053567028859164326,0.959319280915457,0.5689409785757935,Все категории,7,chronos_bolt,12096,6,-21.577259971061945,-0.992457350061825,0.36654391156547894,0.7405753968253969,4.377262728321204e-115
5441.321869138687,0.16914229381922027,0.7036553118958973,-2.140112911793464,Все категории,7,chronos_bolt_raw,12096,6,147.62624357900413,9.245469885222095,0.0002487179958822607,0.03125,1.0
1544.297914640163,0.04800416110356328,0.9720914849449575,0.7042771745497396,Все категории,7,ensemble,12096,6,-29.721361690047377,-1.3208475227061411,0.2437728046843981,0.8308531746031746,1.2171013313176756e-225
1402.4132341818056,0.043593707010294865,0.9758178018552517,0.7437617893012571,Все категории,7,ensemble_fm,12096,6,-36.1783166889017,-1.6401355441459577,0.161901363262848,0.8497023809523809,9.303546987245989e-243
2271.257354936983,0.07060153545532243,0.9424538717738074,0.3902325652508022,Все категории,7,factor_national,12096,6,3.3614515976531534,0.1099574198934504,0.9167201395319488,0.43353174603174605,0.999999999241034
1541.6771328749842,0.04792269467867191,0.967874994322814,0.6595986053816714,Все категории,7,factor_panel,12096,6,-29.840629463459635,-1.438070030816738,0.20993134080944795,0.8303571428571429,2.130441130439124e-206
1609.5894456504636,0.050033733988175434,0.9688133412937721,0.6695414710969252,Все категории,7,factor_region,12096,6,-26.750043883375884,-1.2093674621932484,0.2805800292954078,0.7996031746031746,4.9613624093332365e-191
3304.951140873016,0.10273367949398604,0.8494915065349787,-0.5948106466415592,Все категории,7,naive,12096,6,50.40327624582761,3.3166355477627723,0.02108605308510408,0.10863095238095238,1.0
2197.3930511136055,0.06830547981286812,0.9400363134728184,0.36461575367737487,Все категории,7,prophet,12096,6,,,,,
108226.61859652765,3.364200641307072,-281915.90180183435,-2987232.916910199,Все категории,7,prophet_log_y,12096,6,4825.228035179234,1.8849564501652505,0.11812245501969697,0.009424603174603174,1.0
4284.697668650793,0.13318888487517058,0.8429890768525689,-0.6637113701010997,Все категории,7,snaive,12096,6,94.99004361005754,13.40848702980574,4.129198731718277e-05,0.062003968253968256,1.0
1771.9569200012543,0.055080891225663633,0.9625517461537043,0.6031926666910139,Все категории,7,snaive_drift,12096,6,-19.360948233487253,-0.8554585002129483,0.4313711421813062,0.7217261904761905,4.759716631218794e-117
1850.2727264462012,0.0573808731928334,0.958641060988664,0.4952970445631806,Все категории,8,chronos_bolt,10080,5,-22.97844493003244,-1.022309870430021,0.36442929890944,0.7400793650793651,3.873040723980529e-122
5895.266103302486,0.18282467869551922,0.6651635768453251,-3.0860074362095853,Все категории,8,chronos_bolt_raw,10080,5,145.4030459065019,10.53442561500083,0.00045925958558206174,0.032242063492063495,1.0
1650.7673102546935,0.05119378800039476,0.9699291461550014,0.6330454994524974,Все категории,8,ensemble,10080,5,-31.283284092562134,-1.5148998154218385,0.20437079267095173,0.8115079365079365,7.426449277381231e-214
1475.2683941042224,0.04575119518195563,0.9759648896882466,0.7066996519115961,Все категории,8,ensemble_fm,10080,5,-38.58880140457779,-12.232512189306393,0.0002564384080649153,0.8343253968253969,4.933858561603239e-236
1996.8505252395964,0.06192656095293075,0.95655256457443,0.46981113177431233,Все категории,8,factor_national,10080,5,-16.87683091365766,-3.975592553234522,0.016461584078406637,0.6319444444444444,2.7821778873633813e-52
1669.1893712194,0.051765095099644276,0.9677919947145996,0.6069658495879022,Все категории,8,factor_panel,10080,5,-30.516426448921287,-2.9289422734223245,0.04285902250941176,0.8134920634920635,3.665941530885977e-205
1750.2776881584373,0.05427981542448849,0.9666709811606331,0.5932861259949787,Все категории,8,factor_region,10080,5,-27.140952023242004,-2.8235955311034253,0.047653778950139156,0.7633928571428571,2.6716744750753506e-164
3511.1301587301587,0.10888757723224553,0.8510737253747592,-0.8173466907589877,Все категории,8,naive,10080,5,46.15829386291394,2.341985348056735,0.07920617104626299,0.125,1.0
2402.279108446181,0.07449975937347374,0.9303405648753974,0.14994621182593537,Все категории,8,prophet,10080,5,,,,,
138870.9937606898,4.30668342523212,-309096.84153461765,-3771918.6350492556,Все категории,8,prophet_log_y,10080,5,5680.801792449212,1.7749690174716057,0.15056465032987534,0.00744047619047619,1.0
4248.84365079365,0.13176563392934745,0.8474415787940545,-0.8616697599111964,Все категории,8,snaive,10080,5,76.86719398487574,7.887419070862133,0.0013971666041833306,0.08779761904761904,1.0
1850.7136334133013,0.057394546651025474,0.9595065391122621,0.5058584703948785,Все категории,8,snaive_drift,10080,5,-22.960091235594938,-1.0530656541693466,0.3517185262270426,0.7321428571428571,1.004864916361225e-131
2316.926103956031,0.07177561815330966,0.9428709893834204,0.5462179493398013,Все категории,9,chronos_bolt,8064,4,-24.312774568018558,-0.9767977101165047,0.4007080135691611,0.8244047619047619,1.9660762928088933e-197
6323.87547859313,0.1959061494561989,0.5979831633569973,-2.1932642025984066,Все категории,9,chronos_bolt_raw,8064,4,106.58258721968328,2.772395550633049,0.06942953013338578,0.04811507936507937,1.0
1911.4913077117324,0.059215729829030186,0.9617741863362784,0.6963681337158651,Все категории,9,ensemble,8064,4,-37.55714812353098,-1.5866086545464175,0.2107928977150204,0.9627976190476191,0.0
1774.3173034274228,0.054966242141330536,0.9672282292747878,0.7396902000760922,Все категории,9,ensemble_fm,8064,4,-42.03822318585034,-1.6962187174408272,0.18841332619889214,0.9578373015873016,0.0
2238.587853215964,0.06934879221254416,0.9481168121970712,0.5878861002159811,Все категории,9,factor_national,8064,4,-26.87185698052482,-4.962251665417919,0.0157153272853431,0.7718253968253969,1.72368756671614e-166
2098.262362327288,0.06500167521386041,0.9523172975715228,0.6212510201824687,Все категории,9,factor_panel,8064,4,-31.455881928325326,-3.2701856087654844,0.04677048009855644,0.9097222222222222,2.922428570686746e-286
2191.398393304037,0.0678869188063461,0.9505750567526597,0.6074122086400517,Все категории,9,factor_region,8064,4,-28.413399148947484,-3.727046771625231,0.03364322587970161,0.8452380952380952,9.174865431860592e-239
4665.886532738095,0.14454362163241222,0.7975896302055439,-0.6077679569259224,Все категории,9,naive,8064,4,52.4209189237467,11.394005897704458,0.0014505333264820297,0.06498015873015874,1.0
3061.185148130717,0.09483187914955732,0.8915495105792853,0.13856576626671246,Все категории,9,prophet,8064,4,,,,,
174900.4349554469,5.418207690256212,-357114.31477189634,-2836605.44758871,Все категории,9,prophet_log_y,8064,4,5613.48763606305,1.6297442036484813,0.20164687360203012,0.00744047619047619,1.0
4194.140625,0.1299294938527726,0.8530024079523157,-0.1676181337919207,Все категории,9,snaive,8064,4,37.01035455372934,1.7865966683128047,0.1719750123788067,0.16418650793650794,1.0
1952.3137712136788,0.06048036125054605,0.9553683514681959,0.6454858787764541,Все категории,9,snaive_drift,8064,4,-36.22359717752322,-1.3596950892918034,0.26709612979927033,0.9122023809523809,1.4497248016366004e-290
2162.5723176406154,0.06525236870725036,0.9503395266263283,0.714456237856901,Все категории,10,chronos_bolt,6048,3,-40.7756729148107,-5.008418028014634,0.03762982766775552,0.9434523809523809,4.5478725622117486e-298
7419.319064185733,0.22386679935918494,0.49271301280550484,-1.9168597270470258,Все категории,10,chronos_bolt_raw,6048,3,103.18588905554384,3.8799846697192866,0.06046426738092928,0.052083333333333336,1.0
1721.8984036874315,0.051955695815260224,0.9687352463588672,0.8202301595075161,Все категории,10,ensemble,6048,3,-52.84399349996818,-7.482200218758904,0.017397678697844293,0.9920634920634921,0.0
1593.9565111215472,0.04809524154110175,0.9743836206315849,0.852707861193686,Все категории,10,ensemble_fm,6048,3,-56.34781736352661,-4.835990609188892,0.040198501141175576,0.9871031746031746,0.0
1856.4668318167699,0.05601609583842835,0.9655779428558859,0.8020759161179065,Все категории,10,factor_national,6048,3,-49.1586949608808,-2.777774863502667,0.10884643520441215,0.9429563492063492,0.0
1893.820985558547,0.05714320127338787,0.9641163433149278,0.7936718353003227,Все категории,10,factor_panel,6048,3,-48.135712006208074,-2.5610699768364604,0.12459722957912875,0.9796626984126984,0.0
1978.1868793210317,0.05968881529110195,0.9621183059173268,0.7821832795807541,Все категории,10,factor_region,6048,3,-45.825262896013705,-2.660587819224985,0.11699104703535103,0.9672619047619048,0.0
5563.983465608466,0.16788483678318475,0.6782424340012283,-0.8500803486501827,Все категории,10,naive,6048,3,52.37556403352719,1.5632096018832797,0.25843615181265167,0.0625,1.0
3651.4932698685357,0.11017832015784702,0.8621764909791141,0.20752581270295423,Все категории,10,prophet,6048,3,,,,,
239556.13885305263,7.228246367075885,-496162.38490522164,-2852898.9008415285,Все категории,10,prophet_log_y,6048,3,6460.497888078467,1.4925125886031219,0.2741090609856973,0.024305555555555556,1.0
4336.200562169312,0.13083833338806272,0.8495757856789495,0.13507276196395257,Все категории,10,snaive,6048,3,18.75143240577377,1.6964504814706785,0.23189114517903278,0.2509920634920635,1.0
1811.2078003959912,0.054650472602843926,0.9608961245524392,0.7751558341851931,Все категории,10,snaive_drift,6048,3,-50.398161340135786,-2.1433336949459973,0.1653213711133857,0.9801587301587301,0.0
2297.097273411568,0.06737145529499194,0.9456419866797974,0.829478423885806,Все категории,11,chronos_bolt,4032,2,-47.58397727668925,,,0.970734126984127,0.0
8513.729315621513,0.24969875704444716,0.3666474715144542,-0.9868325716224451,Все категории,11,chronos_bolt_raw,4032,2,94.26945233580403,,,0.052083333333333336,1.0
1936.2016136937539,0.056786763873228625,0.9632522861922795,0.884722091659724,Все категории,11,ensemble,4032,2,-55.81902910469423,,,0.9955357142857143,0.0
1893.2322618735043,0.05552651782325909,0.9671570504660323,0.8969713722651879,Все категории,11,ensemble_fm,4032,2,-56.799519808107554,,,0.9955357142857143,0.0
2207.649643398083,0.06474805006246273,0.9562922358242979,0.8628883511293042,Все категории,11,factor_national,4032,2,-49.62502667481507,,,0.9955357142857143,0.0
2076.6602609888296,0.06090626877472601,0.9607057026990817,0.8767334363641651,Все категории,11,factor_panel,4032,2,-52.61399127999211,,,0.9950396825396826,0.0
2094.1746388836395,0.061419947120444185,0.9604560264734421,0.8759501998013514,Все категории,11,factor_region,4032,2,-52.21434166987544,,,0.9945436507936508,0.0
6584.401041666667,0.19311358102137494,0.5042649848160601,-0.555125196099501,Все категории,11,naive,4032,2,50.24531987137786,,,0.04861111111111111,1.0
4382.4333744994165,0.1285321773661208,0.8285766553707011,0.4622434279052169,Все категории,11,prophet,4032,2,,,,,
370315.9501242211,10.860978665376004,-732616.8177798933,-2298227.6758949417,Все категории,11,prophet_log_y,4032,2,8350.007529584416,,,0.00992063492063492,1.0
4278.822668650793,0.12549338396457016,0.8583021092454677,0.5554924437508917,Все категории,11,snaive,4032,2,-2.3642277473404416,,,0.4851190476190476,0.42276106113632383
1948.1680367538795,0.05713772651881084,0.9567215363961502,0.8642350708798541,Все категории,11,snaive_drift,4032,2,-55.545974798158596,,,0.9871031746031746,0.0
1703.163214516291,0.04608272898958354,0.9728909291107817,0.15927196993592507,Все категории,12,chronos_bolt,2016,1,-41.283146773236545,,,0.6731150793650794,9.548779447015342e-92
11065.361643473307,0.2993970615627312,0.17923106006604628,-24.454338026866544,Все категории,12,chronos_bolt_raw,2016,1,281.4803008796815,,,0.029265873015873016,1.0
1460.0137289237418,0.0395037988242204,0.9799519014631619,0.3782524506913355,Все категории,12,ensemble,2016,1,-49.66576831885013,,,0.6790674603174603,6.6366151370912005e-111
1363.0727154480119,0.03688085205440869,0.9827424525108733,0.46479523538222534,Все категории,12,ensemble_fm,2016,1,-53.00782691393593,,,0.7251984126984127,3.060300633171949e-142
1583.4345365366314,0.042843213144835364,0.9761273940042922,0.2596437888526275,Все категории,12,factor_national,2016,1,-45.41081413479513,,,0.6552579365079365,4.0010088506125375e-89
1583.4345365366314,0.042843213144835364,0.9761273940042922,0.2596437888526275,Все категории,12,factor_panel,2016,1,-45.41081413479513,,,0.6552579365079365,4.0010088506125375e-89
1583.4345365366312,0.04284321314483536,0.9761273940042922,0.2596437888526276,Все категории,12,factor_region,2016,1,-45.41081413479513,,,0.6552579365079365,4.0010088506125375e-89
1583.4345365366312,0.04284321314483536,0.9761273940042922,0.2596437888526276,Все категории,12,lgbm,2016,1,-45.41081413479513,,,0.6552579365079365,4.0010088506125375e-89
1583.4345365366312,0.04284321314483536,0.9761273940042922,0.2596437888526276,Все категории,12,lgbm_no_events,2016,1,-45.41081413479513,,,0.6552579365079365,4.0010088506125375e-89
4703.629960317461,0.1272667838767028,0.8429558243227026,-3.870378663649495,Все категории,12,naive,2016,1,62.158475276490236,,,0.3005952380952381,1.0
2900.6377571677835,0.07848296776329762,0.9226663252869503,-1.3983333204154995,Все категории,12,prophet,2016,1,,,,,
849400.0559833844,22.98233795211233,-1793187.9154893975,-55611797.3760086,Все категории,12,prophet_log_y,2016,1,29183.217247118388,,,0.026785714285714284,1.0
4703.629960317461,0.1272667838767028,0.8429558243227026,-3.870378663649495,Все категории,12,snaive,2016,1,62.158475276490236,,,0.3005952380952381,1.0
1416.1153136238715,0.0383160331667108,0.9803199907669528,0.3896679284304436,Все категории,12,snaive_drift,2016,1,-51.17917395495179,,,0.6919642857142857,1.3102235031885514e-123
95.5447052042631,0.06483137835984959,0.9646511475026969,0.12625409279259636,Здоровье,1,chronos_bolt,24192,12,-19.47182785681599,-1.5341253741301997,0.1532438115310738,0.810515873015873,1.5307985129292854e-192
101.92659293596076,0.06916177612809048,0.9606722764763801,0.027905149929016715,Здоровье,1,chronos_bolt_raw,24192,12,-14.092966173607902,-2.145337825939698,0.055091777509841594,0.75,3.5705325557340447e-146
92.23096577786228,0.06258285716676357,0.9694587163089208,0.24508662260036418,Здоровье,1,ensemble,24192,12,-22.26475477407811,-1.9761726711567915,0.07375011475807272,0.7738095238095238,3.67027431335618e-156
88.75495298386372,0.06022422619763119,0.9714971496877777,0.2954722135336759,Здоровье,1,ensemble_fm,24192,12,-25.194450941422996,-2.111485213494232,0.0584262675262528,0.8273809523809523,4.2683709832070193e-216
112.16370746258234,0.07610811861530245,0.9548842526215352,-0.11516207281535462,Здоровье,1,factor_national,24192,12,-5.464794480714453,-0.5194528885033495,0.6137366826695485,0.5426587301587301,6.582670094118872e-13
97.10205377295271,0.06588810938517471,0.9577372508843525,-0.044642229049659976,Здоровье,1,factor_panel,24192,12,-18.15924404216853,-1.4218894110378906,0.18278729644719335,0.8055555555555556,5.0164965438987455e-177
95.22625290523143,0.06461529415671194,0.9640274554747453,0.1108377972615846,Здоровье,1,factor_region,24192,12,-19.740229768789963,-1.7002655759772158,0.11714532935025167,0.7693452380952381,4.0503900045321496e-160
105.69156661071892,0.07171648004707047,0.9617238257792916,0.05389713650667871,Здоровье,1,lgbm,24192,12,-10.919724416806142,-0.7734669501729482,0.45554691173903017,0.6507936507936508,1.3995944422994979e-62
105.4927107189961,0.07158154738358266,0.9619262030227896,0.05889945697045762,Здоровье,1,lgbm_no_events,24192,12,-11.087326603092729,-0.7976712592254447,0.4419406568542798,0.6527777777777778,2.2658484048161132e-64
103.85218253968254,0.07046837525252954,0.9593849333754588,-0.003915140862246869,Здоровье,1,naive,24192,12,-12.470016887678081,-1.7139663448627616,0.11453658182791653,0.7361111111111112,4.783812619029117e-116
118.64755235519164,0.0805076989014173,0.9503865638184715,-0.22633505032202805,Здоровье,1,prophet,24192,12,,,,,
177.79637896825398,0.12064283720651184,0.8972842841908844,-1.5389066392166693,Здоровье,1,snaive,24192,12,49.852546840570525,5.058145006260133,0.00036734994263843687,0.20238095238095238,1.0
117.02012066625895,0.07940341332793169,0.9500921634332408,-0.23361198050513088,Здоровье,1,snaive_drift,24192,12,-1.3716521383101865,-0.11872293552713528,0.9076352199621157,0.49404761904761907,0.6814121923284042
124.27008282793003,0.08380510164937166,0.9397613303521827,0.10358848366285978,Здоровье,2,chronos_bolt,22176,11,-8.721450987198853,-1.0234953643530156,0.3301952294910405,0.6760912698412699,1.0143797063196888e-57
128.24934932439015,0.08648863436808349,0.9374370340457217,0.0690006352147986,Здоровье,2,chronos_bolt_raw,22176,11,-5.7986101580423615,-0.4751751865196714,0.6448703848693307,0.6190476190476191,1.680433060925409e-27
104.35997335048437,0.07037814714321086,0.9617835556691989,0.4313011722889435,Здоровье,2,ensemble,22176,11,-23.34577457684085,-2.0088283940951683,0.07231585608549021,0.783234126984127,1.442118444531335e-170
106.27958262103382,0.07167269082085712,0.9605087426910627,0.412330683042444,Здоровье,2,ensemble_fm,22176,11,-21.935787998414792,-2.256332619819562,0.04766443119270532,0.8194444444444444,3.1987042157702404e-201
162.45775542019697,0.109558056105668,0.9131597567887101,-0.2922694765876035,Здоровье,2,factor_national,22176,11,19.32806233954867,1.4505917922004234,0.17752637639343768,0.15228174603174602,1.0
125.7431888960824,0.08479853306079797,0.9325463166971966,-0.0037781193626049703,Здоровье,2,factor_panel,22176,11,-7.639428819167593,-0.9952083817769347,0.34310603624970076,0.7003968253968254,8.786578123347466e-69
118.13704129765762,0.07966910884106254,0.9465447438950954,0.2045324463282866,Здоровье,2,factor_region,22176,11,-13.22627724287666,-1.5766912025362807,0.14594518329293393,0.7063492063492064,4.3997676673717815e-91
135.24255952380952,0.09120470663810248,0.9315304379786146,-0.018895408437259897,Здоровье,2,naive,22176,11,-0.6619749726584301,-0.058748898350793485,0.9543095322656306,0.5044642857142857,0.23122740914835577
136.14379738935386,0.09181248229265633,0.9370157949145221,0.06273217658935515,Здоровье,2,prophet,22176,11,,,,,
180.11246392496392,0.12146401614981377,0.8977231102604535,-0.521982181108732,Здоровье,2,snaive,22176,11,32.2957544733862,3.551432310782096,0.005255691360855072,0.32142857142857145,1.0
127.13620888916674,0.08573795612597519,0.9422680688869938,0.1408912545272919,Здоровье,2,snaive_drift,22176,11,-6.616231273780726,-0.7325582288742822,0.48064581463121125,0.5466269841269841,1.1866664037431891e-07
128.03376024714674,0.08635143740044077,0.9300927398361486,0.2267088521456,Здоровье,3,chronos_bolt,20160,10,-12.367370324240646,-0.8737084561091462,0.40498646477099665,0.71875,6.930364581593777e-88
151.82668966111683,0.10239840541026558,0.9157798896579279,0.06838480515187317,Здоровье,3,chronos_bolt_raw,20160,10,3.9176858063543207,0.1986214401041978,0.8469731963637831,0.5436507936507936,0.982072991299087
101.73218401500917,0.06861253080925549,0.9631892873559315,0.5928119888098615,Здоровье,3,ensemble,20160,10,-30.369468250525923,-2.7063428799478166,0.024141631281623836,0.8303571428571429,1.9931903814179333e-221
104.11598524374016,0.07022026819180607,0.9602681042826616,0.5604988212429013,Здоровье,3,ensemble_fm,20160,10,-28.737876942930484,-2.695127084761733,0.024589153941555766,0.8680555555555556,3.4860453001782366e-250
190.61112982575764,0.12855628869451255,0.8888622928253566,-0.22936880875537646,Здоровье,3,factor_national,20160,10,30.463672392773876,2.2126888246626337,0.054206922093347154,0.1056547619047619,1.0
128.54685817609453,0.08669749256281595,0.9266037189923386,0.1881144496919216,Здоровье,3,factor_panel,20160,10,-12.016180757456974,-1.1918834168837746,0.2637862602837804,0.7653769841269841,4.633102391771172e-101
115.98532659187104,0.07822545904482117,0.9462806231919323,0.40577390021338355,Здоровье,3,factor_region,20160,10,-20.613913444177335,-2.4103710338129347,0.0392251489989682,0.7867063492063492,5.36365266517308e-159
134.80048880675042,0.09091520820973725,0.9364735630870762,0.2972914228886221,Здоровье,3,lgbm,20160,10,-7.735887058924707,-0.9164680071986407,0.3833217311272248,0.6264880952380952,9.548173246416054e-40
134.36270172491948,0.09061994589987091,0.9369794344163873,0.30288720535803515,Здоровье,3,lgbm_no_events,20160,10,-8.035530162000548,-3.5301184557884953,0.006412753250437168,0.6319444444444444,5.084920233640889e-44
164.35600198412698,0.11084870888211956,0.9064795075353203,-0.034492966773662204,Здоровье,3,naive,20160,10,12.493366039246201,0.8649768953929154,0.40951440116942767,0.22123015873015872,1.0
146.1028394570282,0.0985379963147757,0.9292373664506273,0.21724699273953108,Здоровье,3,prophet,20160,10,,,,,
180.7498015873016,0.12190538766321823,0.8996511320047526,-0.1100262138160637,Здоровье,3,snaive,20160,10,23.714092251070685,3.3204787599706833,0.008933502001513726,0.37103174603174605,1.0
129.31125848496922,0.08721303678563073,0.9408667958301123,0.3458879203438415,Здоровье,3,snaive_drift,20160,10,-11.492987428897806,-1.4717982077290614,0.1751584631240045,0.5634920634920635,3.024980904835198e-20
134.4519008854229,0.09119665493482196,0.9228677415499035,0.24471996258622553,Здоровье,4,chronos_bolt,18144,9,-3.8853286184496127,-0.2813198799452436,0.7856043880996726,0.6101190476190477,5.69095898786789e-15
155.823416511428,0.10569262504118622,0.904955878930204,0.06932678026018557,Здоровье,4,chronos_bolt_raw,18144,9,11.392374320608312,0.337013395940803,0.744777946667637,0.42857142857142855,1.0
110.45879363608701,0.07492249958095674,0.9581093481573397,0.5898062143288338,Здоровье,4,ensemble,18144,9,-21.037110062264354,-2.41206884677451,0.04237119674707062,0.7470238095238095,1.9203904583504686e-132
112.63777425873009,0.07640046859920205,0.9541179328110133,0.5507222254416454,Здоровье,4,ensemble_fm,18144,9,-19.479437726559855,-6.869169143178144,0.0001284694728162437,0.7569444444444444,5.158294288991037e-137
199.6172243735368,0.13539729085536542,0.8709318178561899,-0.26383725042324047,Здоровье,4,factor_national,18144,9,42.698941379116185,1.5941755881488457,0.1495626777848579,0.09424603174603174,1.0
130.91877144612852,0.08880018761681824,0.9247351287918361,0.2630054417656712,Здоровье,4,factor_panel,18144,9,-6.411031659983024,-0.7206419013843343,0.4916477058999352,0.6696428571428571,1.3135685108222904e-36
119.1084782147541,0.08078944749780301,0.9446020561686266,0.4575426425938711,Здоровье,4,factor_region,18144,9,-14.853771743075228,-2.4000616187820367,0.04317257621198095,0.7132936507936508,1.0029314980059571e-87
176.640376984127,0.11981244892257832,0.8954098880248992,-0.024147681825932077,Здоровье,4,naive,18144,9,26.27364637269509,1.026647575564201,0.3346244123137953,0.14583333333333334,1.0
139.8869693386181,0.09488317821198684,0.9323842579512909,0.3379058099621185,Здоровье,4,prophet,18144,9,,,,,
182.87389770723104,0.12404055008492951,0.8980645559700831,0.0018468598256236035,Здоровье,4,snaive,18144,9,30.729758870217893,1.9379506731949743,0.08862629341770135,0.32688492063492064,1.0
125.93979668093361,0.08542302566819238,0.9432147521020244,0.4439581438590723,Здоровье,4,snaive_drift,18144,9,-9.970315836869093,-1.414401408146334,0.19496231022628507,0.59375,4.55129083093544e-25
124.35266837449437,0.08462287070626513,0.9280750943162903,0.2806156568139041,Здоровье,5,chronos_bolt,16128,8,-4.529623817270057,-3.074623153531999,0.017950477202659198,0.5932539682539683,2.295316633468573e-13
151.21578810896193,0.10290341375991965,0.90024322502272,0.0022446138341279953,Здоровье,5,chronos_bolt_raw,16128,8,16.09423717433982,0.6907157320013745,0.5119901814814504,0.3382936507936508,1.0
106.1472233990511,0.07223393658490496,0.9591599918840167,0.5915231012824851,Здоровье,5,ensemble,16128,8,-18.506651436373822,-3.189341114670959,0.015290653710873781,0.6651785714285714,7.841126553277932e-79
104.83799369714706,0.0713429965090927,0.9574439382345401,0.5743593369957503,Здоровье,5,ensemble_fm,16128,8,-19.511797958633892,-6.800893030564456,0.0002530011656925583,0.6979166666666666,9.226364338329871e-90
197.96389042609718,0.1347158281604906,0.8682186492760747,-0.3180613799008307,Здоровье,5,factor_national,16128,8,51.9845720773668,1.9803288131250252,0.08813906654219457,0.12251984126984126,1.0
119.21159384508688,0.08112433311249882,0.9325153183052264,0.32502624849304507,Здоровье,5,factor_panel,16128,8,-8.476626529168874,-1.0747849575874147,0.3181157050347554,0.6547619047619048,1.9603371471432664e-35
108.75176848532409,0.07400634794499382,0.9507217456913399,0.5071247675306727,Здоровье,5,factor_region,16128,8,-16.507040954172346,-6.487137498881503,0.0003382027353508656,0.6577380952380952,7.970245949390624e-64
172.65811011904762,0.11749506560640109,0.8986386937463154,-0.013803716955123502,Здоровье,5,naive,16128,8,32.55634108649028,1.6816792113047132,0.13651403685023494,0.16865079365079366,1.0
130.25262217096937,0.08863783101084391,0.9379937046283542,0.37982041623396345,Здоровье,5,prophet,16128,8,,,,,
177.230220734127,0.12060641923067089,0.9035817200942204,0.035635844054195065,Здоровье,5,snaive,16128,8,36.06652808992581,10.504326712224776,1.5453929003850423e-05,0.30654761904761907,1.0
127.32526939934964,0.08664574673679856,0.9402127045726687,0.4020145894803002,Здоровье,5,snaive_drift,16128,8,-2.247442487397533,-0.3246959063799355,0.754899233350667,0.5248015873015873,0.00611057337766441
128.26423658060273,0.08677934408413178,0.9258105522938236,0.17311945669148043,Здоровье,6,chronos_bolt,14112,7,2.1564863426911884,0.22670471739231374,0.8281797330010795,0.466765873015873,0.9705961267384251
155.5391012870806,0.10523261626904205,0.8970998393410596,-0.14687658936588832,Здоровье,6,chronos_bolt_raw,14112,7,23.879644864241435,1.6775628156815547,0.14444312547237792,0.3382936507936508,1.0
113.15534390844132,0.07655716656309088,0.9560607895625094,0.5102743136329506,Здоровье,6,ensemble,14112,7,-9.87704248080834,-4.2920455930622845,0.00513733240665381,0.5565476190476191,1.2146471037709834e-15
109.20039778104615,0.07388138070124033,0.9555100371130278,0.5041358869599362,Здоровье,6,ensemble_fm,14112,7,-13.026972740561071,-1.8425193989461877,0.11497600946218836,0.5734126984126984,6.588197318596339e-23
189.6128428072282,0.12828578384278352,0.8752011874924926,-0.3909486197977814,Здоровье,6,factor_national,14112,7,51.0177918882557,1.630169784022854,0.15418765572683596,0.1597222222222222,1.0
121.81425932268222,0.08241550260562136,0.9356768109497204,0.2830841156834243,Здоровье,6,factor_panel,14112,7,-2.9806199250045684,-0.41061869400644674,0.6956132484090951,0.5193452380952381,0.0005282183552215646
116.43004246983783,0.07877271940000859,0.9484012717650706,0.42490494597151396,Здоровье,6,factor_region,14112,7,-7.268897702637767,-1.4944880043572848,0.18566972401419582,0.5372023809523809,1.0740355369756572e-06
116.43004246983783,0.07877271940000859,0.9484012717650706,0.42490494597151396,Здоровье,6,lgbm,14112,7,-7.268897702637767,-1.4944880043572848,0.18566972401419582,0.5372023809523809,1.0740355369756572e-06
116.43004246983783,0.07877271940000859,0.9484012717650706,0.42490494597151396,Здоровье,6,lgbm_no_events,14112,7,-7.268897702637767,-1.4944880043572848,0.18566972401419582,0.5372023809523809,1.0740355369756572e-06
160.28465136054422,0.10844329863594475,0.9088238033691025,-0.016206823719006724,Здоровье,6,naive,14112,7,27.659254318851147,4.640764916507042,0.0035376532803339943,0.22916666666666666,1.0
125.55662510780887,0.08494746363243576,0.9429706629712046,0.3643779453156767,Здоровье,6,prophet,14112,7,,,,,
176.84941893424036,0.11965047300717424,0.9048465368307772,-0.060535558030631265,Здоровье,6,snaive,14112,7,40.852319646525295,3.1945298473452675,0.01872889674780885,0.29017857142857145,1.0
133.50690337482192,0.09032635919748414,0.9336501516325834,0.2604959281571807,Здоровье,6,snaive_drift,14112,7,6.332026095944032,1.3826060059369767,0.21604529056744157,0.4330357142857143,0.9999999995405611
144.10131496800122,0.09592277098172285,0.9162488149426283,-0.2531503819514169,Здоровье,7,chronos_bolt,12096,6,13.144888995127314,1.2238057061848953,0.2755444499545916,0.3556547619047619,1.0
161.40679659414545,0.1074423726669792,0.8935410265709482,-0.5929219762488533,Здоровье,7,chronos_bolt_raw,12096,6,26.7327372256039,1.648794051451347,0.16010445768960335,0.3933531746031746,1.0
127.15750692187532,0.08464392165874673,0.9475585214289881,0.2153298027204893,Здоровье,7,ensemble,12096,6,-0.1589818332503823,-0.02055318507794468,0.9843970651124496,0.4568452380952381,0.9989433341900686
122.4071501062798,0.08148178959211695,0.9482830698091895,0.22617105922055802,Здоровье,7,ensemble_fm,12096,6,-3.88884782862422,-0.7131225491165346,0.5076606046673486,0.4573412698412698,0.7229476316170423
203.21622131565118,0.13527331836882192,0.8784275947707716,-0.8190608997758961,Здоровье,7,factor_national,12096,6,59.56049261503491,8.913968848692354,0.0002958701584089947,0.1949404761904762,1.0
138.18285411483458,0.09198307643342075,0.9282197222677053,-0.07403235423098642,Здоровье,7,factor_panel,12096,6,8.497855785178853,2.3654187220322966,0.06431710017924973,0.3725198412698413,1.0
134.36111725674803,0.0894390913943387,0.9378881600836978,0.07063433357390603,Здоровье,7,factor_region,12096,6,5.497119860785604,1.4571537867924422,0.20486164889824468,0.38839285714285715,0.9999999999999962
131.046875,0.08723292623170585,0.9312131394589477,-0.02924251759792007,Здоровье,7,naive,12096,6,2.8948564995804116,0.6193431732114486,0.5628172501284118,0.4017857142857143,0.9999999908534722
127.35998616270423,0.08477870439720334,0.9425302950139771,0.14009356757715652,Здоровье,7,prophet,12096,6,,,,,
180.44212962962962,0.12011347071857598,0.9029864613383127,-0.4515920335344714,Здоровье,7,snaive,12096,6,41.678823205203685,3.740688825818109,0.01342199432779923,0.31646825396825395,1.0
145.27481177198604,0.09670392322312615,0.924201163680346,-0.13416115390341887,Здоровье,7,snaive_drift,12096,6,14.066290480273258,1.3395166821279818,0.23806121243396267,0.3725198412698413,1.0
167.34852876329109,0.1097459427826061,0.902778964024308,-0.5513232185528767,Здоровье,8,chronos_bolt,10080,5,16.441271841120987,5.272987216529647,0.006199560445578534,0.3635912698412698,1.0
181.87197205679757,0.1192703108094687,0.877920964047552,-0.9479739242743233,Здоровье,8,chronos_bolt_raw,10080,5,26.5466980501577,1.8364585138873,0.14017307110368463,0.4255952380952381,1.0
147.41487847995785,0.0966736005301235,0.935173483524653,-0.03441481750154418,Здоровье,8,ensemble,10080,5,2.5714182572238675,0.38384822344849834,0.720621902834289,0.41865079365079366,0.999999999814977
145.55422176712247,0.09545339544882435,0.9374054419594818,0.0011997890292965163,Здоровье,8,ensemble_fm,10080,5,1.2767714760219429,0.22578284968456577,0.8324375481825544,0.39632936507936506,0.9999999979326794
216.92473687211796,0.14225765793598938,0.87044614095776,-1.0672471504583037,Здоровье,8,factor_national,10080,5,50.93644648001616,2.471162927931871,0.06886074413562081,0.23462301587301587,1.0
159.69345909448512,0.10472580400948336,0.9188336278791256,-0.29514437254400216,Здоровье,8,factor_panel,10080,5,11.114866793790323,2.6455054453283733,0.05724993701132937,0.3695436507936508,1.0
150.20945073899145,0.09850626060492804,0.930302053175679,-0.11214658544748435,Здоровье,8,factor_region,10080,5,4.51588439922419,1.6932038748008769,0.16566939722744325,0.4117063492063492,0.9999999999942105
134.15654761904761,0.08797888399567202,0.93393618984974,-0.05415789457121223,Здоровье,8,naive,10080,5,-6.6537414698655155,-2.5081721991137864,0.06618634347877281,0.47172619047619047,0.11313564130842063
143.7192553097761,0.09425003784942303,0.9301189445623514,-0.11506838771508354,Здоровье,8,prophet,10080,5,,,,,
177.15357142857144,0.11617601814255697,0.9072240319763953,-0.4803947712995227,Здоровье,8,snaive,10080,5,23.26363022597786,4.604236389507115,0.009998934401677869,0.3854166666666667,1.0
165.75952133196697,0.10870388331588741,0.9094907477137484,-0.4442255542373408,Здоровье,8,snaive_drift,10080,5,15.335638898688098,1.4894475329091608,0.21060985277748243,0.3229166666666667,1.0
155.89683105466858,0.10026923025155181,0.9096176269815288,-0.2771985218949513,Здоровье,9,chronos_bolt,8064,4,-8.233744193373106,-0.9249901105404612,0.42319549946924,0.5654761904761905,9.695305082577176e-06
210.40724892464894,0.13532906824528687,0.8484629079102586,-1.1413793814610615,Здоровье,9,chronos_bolt_raw,8064,4,23.852969285931724,1.7048819381968205,0.18676225175782932,0.48115079365079366,0.999999999997615
125.51016873380523,0.08072523297967424,0.9493139993010652,0.2837532030696285,Здоровье,9,ensemble,8064,4,-26.12038248346189,-2.8056293655881457,0.06753686861311907,0.71875,1.64362954435558e-128
120.696970165587,0.07762949516243872,0.9523591672381599,0.3267846466829146,Здоровье,9,ensemble_fm,8064,4,-28.953597296560407,-3.6710677508583873,0.03497405111321521,0.7063492063492064,4.454398713740471e-108
211.85476606818747,0.13626007773904392,0.8616877269189952,-0.9544987018971973,Здоровье,9,factor_national,8064,4,24.70502784016786,0.652821263294956,0.5604363718842085,0.30853174603174605,1.0
135.1413428407054,0.08691978105088494,0.9370811960057522,0.11089075472239984,Здоровье,9,factor_panel,8064,4,-20.45114096756455,-2.382333373164038,0.09741246544249664,0.5992063492063492,3.202000067511378e-30
123.40519866473113,0.07937136499466946,0.9496830489131208,0.2889682644060577,Здоровье,9,factor_region,8064,4,-27.359440522789257,-3.5804728329338924,0.037273890892616506,0.6974206349206349,1.386428743913954e-84
148.36024305555554,0.09542187144199943,0.9174016060387324,-0.16720266524389893,Здоровье,9,naive,8064,4,-12.670040027976926,-7.404190823260412,0.005096004025036828,0.5297619047619048,5.300105040025118e-09
169.88470291648372,0.10926590539211133,0.9061652511488896,-0.32598424374772517,Здоровье,9,prophet,8064,4,,,,,
187.80877976190476,0.12079425639258672,0.8997179736169172,-0.417091094111111,Здоровье,9,snaive,8064,4,10.550730311623546,3.0211534381413876,0.05670720574351124,0.4523809523809524,0.9999999990726449
149.60178334477985,0.09622040139469074,0.9241324963208635,-0.07208806676330815,Здоровье,9,snaive_drift,8064,4,-11.939226559836335,-0.9777520872872635,0.4003043639657789,0.623015873015873,2.3506469464315055e-45
158.726541586021,0.10044775854741017,0.9167295966387382,-0.3174557491211405,Здоровье,10,chronos_bolt,6048,3,-19.520925596375015,-2.665469964507396,0.11663486515457408,0.6145833333333334,1.8622859810266775e-20
241.41617544365937,0.15277667778871065,0.8219973527057073,-1.8162540539072887,Здоровье,10,chronos_bolt_raw,6048,3,22.40517654849443,2.769106930379234,0.10942098597121802,0.4895833333333333,0.9999999567755152
117.7522593239837,0.0745177863437379,0.9553736367224921,0.2939477114425444,Здоровье,10,ensemble,6048,3,-40.29610457937157,-3.084980099887535,0.09096468323740774,0.7509920634920635,8.182137684036869e-165
111.28424264870479,0.0704245970712498,0.9619809430408442,0.3984846578717849,Здоровье,10,ensemble_fm,6048,3,-43.575581282211175,-5.933825528934175,0.02724544716793412,0.748015873015873,1.835703652231456e-159
234.99125631115973,0.1487107621626324,0.8273767919393452,-1.7311437042593236,Здоровье,10,factor_national,6048,3,19.147551580829614,0.38522059291377786,0.7371836143307249,0.35119047619047616,1.0
123.29259153829432,0.07802390414215231,0.9523916351019728,0.24676822124844078,Здоровье,10,factor_panel,6048,3,-37.486991471752695,-4.119120519247592,0.05419105848126017,0.6750992063492064,1.3919902485816084e-89
119.82041518187923,0.07582658837631868,0.9573831592212823,0.32574120423413844,Здоровье,10,factor_region,6048,3,-39.24748808774553,-4.364033499538237,0.048703729431619366,0.7063492063492064,3.479271667864872e-115
172.03654100529099,0.10887079602163399,0.9054971058849358,-0.4951696657494278,Здоровье,10,naive,6048,3,-12.772360278487616,-1.9893863750031553,0.1849554470252322,0.5927579365079365,2.6039564018095934e-12
197.2270963132145,0.12481226864468728,0.8801468268512475,-0.8962469934268731,Здоровье,10,prophet,6048,3,,,,,
189.00512566137567,0.119609115381424,0.9012475516906288,-0.5624036333837927,Здоровье,10,snaive,6048,3,-4.168783501624739,-8.646964677129448,0.013111882634777777,0.5257936507936508,0.043468766788721025
141.0841639696529,0.0892830392175256,0.9302628803181348,-0.10334002891072713,Здоровье,10,snaive_drift,6048,3,-28.466135431209484,-1.6183885786753374,0.24699079188580358,0.6731150793650794,2.5943158343172256e-95
149.09884829087858,0.09511934903683493,0.926507726884247,0.10395189073106048,Здоровье,11,chronos_bolt,4032,2,-31.313200539127063,,,0.626984126984127,4.69697717161444e-42
237.24708300545103,0.1513545433452353,0.822668531996678,-1.1620984068351334,Здоровье,11,chronos_bolt_raw,4032,2,9.294893957067663,,,0.5153769841269841,0.9713357923869073
112.57903487884101,0.07182110818172967,0.9581825474593562,0.49014436899413727,Здоровье,11,ensemble,4032,2,-48.13713398284756,,,0.7509920634920635,1.0199861965040648e-171
102.90978864245142,0.06565249978384367,0.9670889320106141,0.5987346833120388,Здоровье,11,ensemble_fm,4032,2,-52.59155857961571,,,0.7762896825396826,5.648239769226224e-188
204.03071539820246,0.13016377426561265,0.8846480222820392,-0.4064188948382965,Здоровье,11,factor_national,4032,2,-6.007209357685417,,,0.44345238095238093,0.8862540077960024
108.8953171243007,0.06947103748122553,0.9620412469813543,0.5371912252735388,Здоровье,11,factor_panel,4032,2,-49.83414764577635,,,0.7281746031746031,2.2226320491880933e-148
112.55203730826939,0.07180388476674165,0.9611463288988229,0.5262800148590792,Здоровье,11,factor_region,4032,2,-48.14957121316182,,,0.7321428571428571,2.5858969708096567e-150
183.37227182539684,0.11698447927249586,0.8840427083516242,-0.4137991319689156,Здоровье,11,naive,4032,2,-15.5241331107837,,,0.5639880952380952,1.0474175876723566e-11
217.07060084494387,0.13848272125566008,0.851874548556458,-0.8060066055045434,Здоровье,11,prophet,4032,2,,,,,
164.26041666666666,0.10479184839423372,0.9223957072398068,0.053816451024711665,Здоровье,11,snaive,4032,2,-24.328575114600703,,,0.5987103174603174,7.369007847828745e-30
148.44373387712866,0.09470141115673157,0.9290658306058188,0.13514134651803844,Здоровье,11,snaive_drift,4032,2,-31.61499839254428,,,0.6517857142857143,4.203344896443121e-74
147.04736470289544,0.09251627271607771,0.9433090365846142,-0.21080628277034097,Здоровье,12,chronos_bolt,2016,1,-39.71254831000811,,,0.6473214285714286,8.265913339529307e-69
244.75204918876526,0.15398812060533862,0.8207129270416047,-2.8292154742004945,Здоровье,12,chronos_bolt_raw,2016,1,0.34506481164882086,,,0.5466269841269841,0.14640285435688877
173.7559363426513,0.10932022906492547,0.925856195215293,-0.5835642799722904,Здоровье,12,ensemble,2016,1,-28.762391360961047,,,0.5555555555555556,1.4765293474467532e-22
157.19485697868268,0.09890066569495128,0.9392199098604598,-0.29814190083652803,Здоровье,12,ensemble_fm,2016,1,-35.552212274152296,,,0.5907738095238095,1.8274093940221102e-40
171.0271843102656,0.10760340831323896,0.9285204313634599,-0.5266614920738453,Здоровье,12,factor_national,2016,1,-29.881143177144942,,,0.558531746031746,7.133345401128695e-25
171.0271843102656,0.10760340831323896,0.9285204313634599,-0.5266614920738453,Здоровье,12,factor_panel,2016,1,-29.881143177144942,,,0.558531746031746,7.133345401128695e-25
171.0271843102656,0.10760340831323896,0.9285204313634599,-0.5266614920738453,Здоровье,12,factor_region,2016,1,-29.881143177144942,,,0.558531746031746,7.133345401128695e-25
171.0271843102656,0.10760340831323896,0.9285204313634599,-0.5266614920738453,Здоровье,12,lgbm,2016,1,-29.881143177144942,,,0.558531746031746,7.133345401128695e-25
171.0271843102656,0.10760340831323896,0.9285204313634599,-0.5266614920738453,Здоровье,12,lgbm_no_events,2016,1,-29.881143177144942,,,0.558531746031746,7.133345401128695e-25
151.93353174603175,0.0955904520025441,0.9341925961446134,-0.405515328026377,Здоровье,12,naive,2016,1,-37.70928521068301,,,0.6463293650793651,3.923262939390618e-66
243.9104002256348,0.15345858901419782,0.8177106444550533,-2.8933382620214183,Здоровье,12,prophet,2016,1,,,,,
151.93353174603175,0.0955904520025441,0.9341925961446134,-0.405515328026377,Здоровье,12,snaive,2016,1,-37.70928521068301,,,0.6463293650793651,3.923262939390618e-66
180.56440007468512,0.11360383991836066,0.9171481150743883,-0.7695515610177457,Здоровье,12,snaive_drift,2016,1,-25.971012344020604,,,0.5500992063492064,1.8492941995676304e-18
355.68108140087986,0.07527034212422858,0.9182690326966501,0.5528954597733968,Маркетплейсы,1,chronos_bolt,24192,12,-30.45765170841911,-2.1368762788422524,0.05590791213884671,0.8655753968253969,1.2035996915952415e-260
648.4272551322109,0.1372222023849122,0.7520996032137914,-0.3561248151598386,Маркетплейсы,1,chronos_bolt_raw,24192,12,26.779737175097473,1.9186451867777043,0.08133953030319538,0.10912698412698413,1.0
331.34212444841586,0.0701196559827466,0.9294072152435504,0.6138262446509145,Маркетплейсы,1,ensemble,24192,12,-35.21637605432934,-1.945305529747446,0.07773649986621886,0.8764880952380952,3.3482013665532746e-261
319.09202176239944,0.06752725096474074,0.9362127329149716,0.6510554363499602,Маркетплейсы,1,ensemble_fm,24192,12,-37.611501778315834,-2.169005199766173,0.05286865349997744,0.9136904761904762,3.4875436762758014e-294
402.76835697636284,0.08523509855238892,0.897858283937008,0.44123963651622566,Маркетплейсы,1,factor_national,24192,12,-21.25120275905481,-1.1413670123003672,0.27795578871174526,0.8849206349206349,8.042054345234155e-270
374.47853916646375,0.07924831888787473,0.9098209758869779,0.5066808525037008,Маркетплейсы,1,factor_panel,24192,12,-26.78239479067155,-1.8406544468349795,0.0927829046743085,0.8343253968253969,1.4785379311889766e-229
375.3916090514783,0.07944154559073363,0.9085155925642818,0.4995398283659679,Маркетплейсы,1,factor_region,24192,12,-26.60387243657796,-1.8453457296537468,0.0920548514490578,0.8462301587301587,1.2420939173422676e-237
382.07413864639364,0.08085572338979863,0.9075706683160306,0.4943706747941613,Маркетплейсы,1,lgbm,24192,12,-25.29731207995718,-2.133951198673069,0.05619269986138129,0.8214285714285714,9.621993336498421e-228
383.6463619208214,0.08118844219310341,0.9068323313517088,0.49033164503766546,Маркетплейсы,1,lgbm_no_events,24192,12,-24.989912827481465,-2.1393983827485927,0.05566345771865945,0.8189484126984127,3.04904482044623e-227
529.6097470238095,0.1120776699559081,0.8072656244116347,-0.05434227963389637,Маркетплейсы,1,naive,24192,12,3.548677205676931,0.2610930048713009,0.7988444374516354,0.3501984126984127,1.0
511.45969346557166,0.1082366988940768,0.8274932627821454,0.056311848806187115,Маркетплейсы,1,prophet,24192,12,,,,,
1661.9038938492063,0.35169729628275914,-0.0957046858534687,-4.993989254701627,Маркетплейсы,1,snaive,24192,12,224.93350210813347,9.813857505064817,8.917070404996448e-07,0.000496031746031746,1.0
425.92987133649507,0.0901366106123949,0.8796451408526699,0.3416056882897187,Маркетплейсы,1,snaive_drift,24192,12,-16.722690609212965,-1.1596872772646736,0.2707293446768118,0.6676587301587301,1.057351309126131e-69
376.610099248592,0.07765023626871935,0.9051235309341573,0.550150466645644,Маркетплейсы,2,chronos_bolt,22176,11,-29.47231820833255,-1.5773083428770671,0.14580361088005514,0.78125,1.705235433872136e-173
878.4582400039849,0.18112230666307022,0.5823276426203665,-0.9803615892561275,Маркетплейсы,2,chronos_bolt_raw,22176,11,64.50866119066485,2.578943957834623,0.027466019765765137,0.005456349206349206,1.0
415.14088045656905,0.08559459110781474,0.8877402329203719,0.4677288864935174,Маркетплейсы,2,ensemble,22176,11,-22.25666817228077,-1.145339717602768,0.2787392159932324,0.6969246031746031,1.4713128899619761e-106
379.5854367837261,0.07826369741339739,0.9061714147880596,0.5551189279230166,Маркетплейсы,2,ensemble_fm,22176,11,-28.915127470964062,-1.4925696442148966,0.16641074587909052,0.7628968253968254,1.4443462693182965e-163
520.2131125945687,0.10725859764156385,0.824695492040952,0.16880706167970083,Маркетплейсы,2,factor_national,22176,11,-2.5798167863131716,-0.20354231873098205,0.8427934186706836,0.5307539682539683,1.9951412539992324e-07
394.20885135465545,0.08127878277290754,0.8948104009085196,0.5012515481347082,Маркетплейсы,2,factor_panel,22176,11,-26.176604176915685,-1.2708466291733278,0.23255023085099885,0.7534722222222222,1.2158732147549016e-141
394.64800039206295,0.08136932741464686,0.8954059976881313,0.5040755247857551,Маркетплейсы,2,factor_region,22176,11,-26.094364843368368,-1.2685616461090972,0.23333179463281964,0.7614087301587301,1.0544698820399337e-156
648.0545183982684,0.13361719871303956,0.7304374286905123,-0.2781103481962337,Маркетплейсы,2,naive,22176,11,21.361012220429075,0.8941628492342866,0.39224695777015534,0.16021825396825398,1.0
533.9890517897143,0.11009894880437342,0.8107359851249235,0.1026191255785549,Маркетплейсы,2,prophet,22176,11,,,,,
1703.8531746031747,0.3513039130897355,-0.16265638157533813,-4.512646453359923,Маркетплейсы,2,snaive,22176,11,219.08017006950823,9.959548981745906,1.6496973424178157e-06,0.000496031746031746,1.0
517.482511124594,0.10669559667658099,0.8067411587157918,0.08367796120267101,Маркетплейсы,2,snaive_drift,22176,11,-3.0911758602160555,-0.15573496120486988,0.8793407945104031,0.5238095238095238,0.00022189168145577776
494.2908745897215,0.1001409597496372,0.8340774483192295,0.3119569285942315,Маркетплейсы,3,chronos_bolt,20160,10,-15.081650489865982,-0.9041140995374017,0.38949411370481,0.6294642857142857,1.5172889032658238e-51
1106.580087100135,0.2241878166454602,0.3624726777961017,-1.643680756056633,Маркетплейсы,3,chronos_bolt_raw,20160,10,90.10861706747323,2.0337468642454017,0.07249417857048936,0.00248015873015873,1.0
539.0738682463854,0.10921377941065688,0.8103200510085129,0.21344040718898005,Маркетплейсы,3,ensemble,20160,10,-7.388006720692141,-0.45258906289663925,0.6615569809142258,0.5515873015873016,1.6980634130178964e-16
499.07052438189163,0.10110929386637031,0.8365328384561652,0.32213887284595133,Маркетплейсы,3,ensemble_fm,20160,10,-14.260514611271347,-0.8792681200726298,0.40212174539821804,0.6175595238095238,8.57427487145458e-48
620.6562640021342,0.12574198138573195,0.7548743736774117,-0.01648020179768439,Маркетплейсы,3,factor_national,20160,10,6.627713076706709,0.39039635543409074,0.7053228299105528,0.3551587301587302,1.0
515.2771642712346,0.10439268135391529,0.8141529987818723,0.2293347695393978,Маркетплейсы,3,factor_panel,20160,10,-11.47624085414315,-0.5943981741794586,0.5668857291529898,0.6205357142857143,1.1721999426063954e-36
512.6571653869402,0.10386188214983531,0.8160367058521986,0.23714607418223888,Маркетплейсы,3,factor_region,20160,10,-11.926352301491526,-0.6613324378234161,0.5249661856321313,0.6418650793650794,1.3947160253860476e-46
550.5398480110526,0.11153673190104375,0.8013151530802446,0.17609914425938367,Маркетплейсы,3,lgbm,20160,10,-5.418170482181129,-0.26278503253648455,0.7986329111220721,0.564484126984127,5.09104069904409e-13
538.421050002338,0.10908152156641639,0.809574795090996,0.21035000045838526,Маркетплейсы,3,lgbm_no_events,20160,10,-7.500159808407181,-0.36959251478973837,0.7202327339033232,0.5892857142857143,2.3384829856731327e-22
735.9575892857143,0.14910147671100316,0.641255215701816,-0.48763299948652405,Маркетплейсы,3,naive,20160,10,26.436288842018474,0.8235832384578653,0.4314585692244203,0.1488095238095238,1.0
582.077816445,0.11792617299714067,0.784481066226638,0.10629201614004613,Маркетплейсы,3,prophet,20160,10,,,,,
1717.104513888889,0.34787713642092644,-0.16317084208593702,-3.8234048394953284,Маркетплейсы,3,snaive,20160,10,194.99569737530726,10.115036411088756,3.2530216829815914e-06,0.000992063492063492,1.0
647.6493531525998,0.13121065174380567,0.7098053869864029,-0.20337103558674308,Маркетплейсы,3,snaive_drift,20160,10,11.26508086291167,0.6256409420255805,0.5470858345864635,0.4017857142857143,1.0
577.54474014879,0.11562364893263875,0.7774639144687,0.1358459701975736,Маркетплейсы,4,chronos_bolt,18144,9,-12.366826699022715,-0.36275746848073653,0.7261832230531063,0.6334325396825397,2.1115919557177587e-45
1388.1122848789948,0.27789813731934165,0.06591577578754937,-2.6272438449742106,Маркетплейсы,4,chronos_bolt_raw,18144,9,110.62382871096324,1.4566764488980355,0.18330529377723112,0.001488095238095238,1.0
627.8476777256177,0.1256942266564791,0.7545041825441098,0.046688542904608,Маркетплейсы,4,ensemble,18144,9,-4.734160794935837,-0.15144025935979422,0.8833776775836302,0.564484126984127,9.001334677191281e-13
577.3758759132766,0.1155898425489476,0.7882883058351094,0.1778793392896425,Маркетплейсы,4,ensemble_fm,18144,9,-12.392449144846173,-0.36475453925596774,0.7247486036173919,0.6324404761904762,1.0019205488169887e-47
667.0020606836355,0.13353287934362093,0.7345026107070134,-0.030981731847207428,Маркетплейсы,4,factor_national,18144,9,1.2068903284262023,0.04925860360280685,0.9619208158337789,0.4548611111111111,0.9988920978568782
609.8626757852027,0.12209365443089594,0.7569206519654454,0.05607219762000393,Маркетплейсы,4,factor_panel,18144,9,-7.463097069996993,-0.19352936873562465,0.8513678063179214,0.6195436507936508,7.030059584586471e-26
605.3277999029871,0.1211857786240393,0.7611251189195732,0.07239901964037998,Маркетплейсы,4,factor_region,18144,9,-8.151191924747536,-0.22311242940612325,0.8290394615581349,0.6393849206349206,3.3136304169127414e-31
842.9945987654321,0.16876633923573478,0.5841945036393872,-0.6146594582004674,Маркетплейсы,4,naive,18144,9,27.910942010080554,0.6480064616579727,0.5351321443592724,0.16865079365079366,1.0
659.0480732281655,0.13194050218349143,0.7420224700334125,-0.001780549823444666,Маркетплейсы,4,prophet,18144,9,,,,,
1720.021770282187,0.3443459519211761,-0.14282577956113163,-3.4378308372416626,Маркетплейсы,4,snaive,18144,9,160.9857823962877,9.729460422580466,1.0413084335887703e-05,0.00248015873015873,1.0
756.5252506158713,0.15145529671580252,0.6192741783820312,-0.47843776534270144,Маркетплейсы,4,snaive_drift,18144,9,14.79060198298443,0.7774019933219599,0.45929087213680164,0.39087301587301587,1.0
676.0696630078705,0.13302531642701584,0.7093873853902484,0.09360242654178197,Маркетплейсы,5,chronos_bolt,16128,8,-7.175550734200642,-0.42763718069659434,0.681763015935548,0.6140873015873016,2.4466666927410424e-25
1695.7499124473995,0.33366039186079205,-0.34229232909495977,-3.1865027490187483,Маркетплейсы,5,chronos_bolt_raw,16128,8,132.8266750132595,2.53550818608422,0.03891850476248208,0.001488095238095238,1.0
695.7501039940973,0.1368976938355338,0.7046558251762864,0.07884506749745579,Маркетплейсы,5,ensemble,16128,8,-4.473423725976488,-0.2357559266149311,0.8203711417279721,0.589781746031746,6.0994303285571645e-15
649.6356769255123,0.12782409300961173,0.7384877121056082,0.18436402530122709,Маркетплейсы,5,ensemble_fm,16128,8,-10.804940328577617,-0.5473501911372921,0.6011450660160732,0.654265873015873,3.2901284601771706e-51
726.4046085569056,0.1429293580152849,0.6964949988423286,0.05339210085164692,Маркетплейсы,5,factor_national,16128,8,-0.2645564165059233,-0.014497987841720291,0.9888372441688286,0.43005952380952384,0.9805489235819188
700.2673669203442,0.13778652284684387,0.7046357470041157,0.07878244527935452,Маркетплейсы,5,factor_panel,16128,8,-3.853202961370472,-0.21222488496923667,0.8379789401322788,0.5947420634920635,5.747579350717795e-14
695.6636048723693,0.1368806740317057,0.7090000423740517,0.0923943345584104,Маркетплейсы,5,factor_region,16128,8,-4.485300066205477,-0.25218676483746916,0.8081411347906184,0.5987103174603174,8.800393971860365e-15
1012.1142113095239,0.19914636107279612,0.4434153370437418,-0.7359431854156144,Маркетплейсы,5,naive,16128,8,38.96340776616345,1.4737032521510396,0.18405332154536613,0.13690476190476192,1.0
728.3314561576016,0.14330848982050276,0.6949047657154623,0.04843229052352305,Маркетплейсы,5,prophet,16128,8,,,,,
1708.6444072420634,0.33619754793224665,-0.10629193100307366,-2.4504363244662297,Маркетплейсы,5,snaive,16128,8,134.5970907608767,55.538958616579755,1.6088970882907598e-10,0.006944444444444444,1.0
839.0964084241324,0.16510290484975254,0.5539075342265973,-0.39132683231238374,Маркетплейсы,5,snaive_drift,16128,8,15.208041796091631,2.053848429836762,0.07907991506487196,0.4007936507936508,1.0
785.0010845611192,0.15092327293274357,0.6200648698451179,-0.020286499673069613,Маркетплейсы,6,chronos_bolt,14112,7,1.6204010780154876,0.06763365202330608,0.9482747702597741,0.4955357142857143,0.5454877317068363
1966.1079827609246,0.3780013270470453,-0.7425568352105243,-3.679502032764268,Маркетплейсы,6,chronos_bolt_raw,14112,7,154.5177143067975,4.1355293496203975,0.006109084406116036,0.001984126984126984,1.0
790.3846745676636,0.15195831484529068,0.6304639676826086,0.007639475816603736,Маркетплейсы,6,ensemble,14112,7,2.3173205937515817,0.08888404934285683,0.9320666556742012,0.5089285714285714,0.6368877309415528
742.0637513596979,0.14266819789499982,0.6688823575902894,0.11080909992060173,Маркетплейсы,6,ensemble_fm,14112,7,-3.937946683488913,-0.14961484536645422,0.8859709696629251,0.5942460317460317,5.107830225635966e-14
744.6364596305798,0.143162823393205,0.6870859416153454,0.1596934213542578,Маркетплейсы,6,factor_national,14112,7,-3.604903008154492,-0.5124553928700678,0.6266441745278782,0.5064484126984127,5.945438382803561e-07
806.3860844016514,0.15503472479067795,0.6255763659507034,-0.005485801808575497,Маркетплейсы,6,factor_panel,14112,7,4.388744082360696,0.17924007273761636,0.8636488378955327,0.4548611111111111,0.9999979224484834
799.87414007108,0.15378274696433503,0.6331449377502175,0.01483901423489642,Маркетплейсы,6,factor_region,14112,7,3.5457562092415795,0.14597705399118943,0.8887203788586724,0.42857142857142855,0.9999999562883433
799.87414007108,0.15378274696433503,0.6331449377502175,0.01483901423489642,Маркетплейсы,6,lgbm,14112,7,3.5457562092415795,0.14597705399118943,0.8887203788586724,0.42857142857142855,0.9999999562883433
799.87414007108,0.15378274696433503,0.6331449377502175,0.01483901423489642,Маркетплейсы,6,lgbm_no_events,14112,7,3.5457562092415795,0.14597705399118943,0.8887203788586724,0.42857142857142855,0.9999999562883433
1173.578373015873,0.22563062979418008,0.2965191552525539,-0.8891435713823868,Маркетплейсы,6,naive,14112,7,51.92272636035127,2.4957687746734383,0.04679538408876382,0.09325396825396826,1.0
772.4837495558222,0.14851670661767763,0.6576452287381335,0.08063265675182296,Маркетплейсы,6,prophet,14112,7,,,,,
1715.9236819727892,0.3299012234243279,-0.10231588430022787,-1.9601843205923712,Маркетплейсы,6,snaive,14112,7,122.13071575414295,9.426532187487032,8.102916211222589e-05,0.015873015873015872,1.0
959.8817014274217,0.18454558962637682,0.44588026818162374,-0.488045818101315,Маркетплейсы,6,snaive_drift,14112,7,24.259144866070415,1.085418043139601,0.31941004178097343,0.32043650793650796,1.0
904.6977118571401,0.16924977286572118,0.5138256945034204,-0.26894755572729934,Маркетплейсы,7,chronos_bolt,12096,6,13.695077142290856,0.4750368711400355,0.6547861590569193,0.3933531746031746,1.0
2229.116723103498,0.41702050765883136,-1.0772160961117203,-4.42167337532591,Маркетплейсы,7,chronos_bolt_raw,12096,6,180.13732594964625,4.46265530697775,0.006624148599648648,0.001488095238095238,1.0
890.2481016313544,0.1665465569554121,0.5305950103356942,-0.22517851631899877,Маркетплейсы,7,ensemble,12096,6,11.879167222584819,0.35593859664824645,0.7364118510607324,0.37450396825396826,1.0
846.6976863550045,0.1583991970172519,0.5758151435948679,-0.10715093460572622,Маркетплейсы,7,ensemble_fm,12096,6,6.406103944620778,0.1958468497938738,0.8524406732709442,0.4107142857142857,1.0
769.2956344696595,0.14391891312878766,0.6881259424634503,0.18598778559155227,Маркетплейсы,7,factor_national,12096,6,-3.321158703154692,-0.45193582413745,0.6702451169585024,0.45188492063492064,0.023219158522153914
925.0373836416053,0.17305489449316222,0.5207765639241371,-0.2508053201918592,Маркетплейсы,7,factor_panel,12096,6,16.251202268148155,0.543371383094285,0.6102128872709673,0.30853174603174605,1.0
923.9590760210357,0.17285316598487835,0.5219232476234607,-0.24781239880338157,Маркетплейсы,7,factor_region,12096,6,16.11568930453946,0.5425432024157856,0.6107423673521306,0.29117063492063494,1.0
1309.2362764550264,0.2449303668102639,0.17437984649810534,-1.1549239931043576,Маркетплейсы,7,naive,12096,6,64.53420573317999,2.3037485921103307,0.0694467790908228,0.06597222222222222,1.0
795.7228532638218,0.1488628858168616,0.641559426948196,0.06444605585850072,Маркетплейсы,7,prophet,12096,6,,,,,
1718.1222718253969,0.32142427293759296,-0.08854132156505523,-1.8411658816425445,Маркетплейсы,7,snaive,12096,6,115.91968419383245,9.270723256797888,0.0002455073015803213,0.033234126984126984,1.0
1078.42073276238,0.2017496691784928,0.3281272631336456,-0.7536329204719143,Маркетплейсы,7,snaive_drift,12096,6,35.52717863248673,1.237383407097702,0.27088336640595867,0.2123015873015873,1.0
976.2666297486444,0.17728331571236808,0.46061304313326545,-0.5842053537305669,Маркетплейсы,8,chronos_bolt,10080,5,19.734478135529553,1.6339048804130616,0.17761723695548717,0.3784722222222222,1.0
2528.400150305127,0.4591401041835776,-1.4663299386198556,-6.243729280225986,Маркетплейсы,8,chronos_bolt_raw,10080,5,210.09630288451356,5.325831105707412,0.005982023008610436,0.001488095238095238,1.0
996.8846122083943,0.18102739973857823,0.4514161843607618,-0.61121696889742,Маркетплейсы,8,ensemble,10080,5,22.263176028912703,1.3739229065789742,0.24142900696944367,0.25992063492063494,1.0
934.4810773725684,0.16969534635197844,0.5178799962600691,-0.416009566679427,Маркетплейсы,8,ensemble_fm,10080,5,14.609678050288032,0.9204000326454876,0.40944852854419017,0.2926587301587302,1.0
724.8750465386302,0.13163233056589468,0.7165808103889055,0.1675842513136505,Маркетплейсы,8,factor_national,10080,5,-11.097508850510728,-2.105866398953347,0.10296936924766335,0.5853174603174603,2.3809870225194998e-32
1003.7444792712109,0.18227310448888326,0.46118585645804955,-0.5825229735316046,Маркетплейсы,8,factor_panel,10080,5,23.10450623299529,1.8273246618420547,0.1416668582892062,0.26884920634920634,1.0
1012.5455794028138,0.18387132383358096,0.44116084312084114,-0.6413373978210102,Маркетплейсы,8,factor_region,10080,5,24.183919478480618,2.0098862045605155,0.11481385120311038,0.28174603174603174,1.0
1433.799007936508,0.26036805361003995,0.09027733076310995,-1.6718990970543892,Маркетплейсы,8,naive,10080,5,75.84865725741166,2.298092754900131,0.08311325440523311,0.034722222222222224,1.0
815.3596565924738,0.14806371437281246,0.6295749208915975,-0.087956217718826,Маркетплейсы,8,prophet,10080,5,,,,,
1723.6792658730158,0.3130083177761644,-0.06964088010035474,-2.1415865497888236,Маркетплейсы,8,snaive,10080,5,111.40109790035031,12.75253673094429,0.0002178553107489657,0.05357142857142857,1.0
1216.5293161126153,0.22091336961632277,0.19242965222712816,-1.3718728311258146,Маркетплейсы,8,snaive_drift,10080,5,49.20155863446782,5.7799926388546226,0.004450331493930263,0.16567460317460317,1.0
988.611039854044,0.1746022730952939,0.4980188647195847,-0.172137612334891,Маркетплейсы,9,chronos_bolt,8064,4,9.925606474145244,1.7594008567466177,0.17674236040582927,0.47767857142857145,0.9999999998439044
2825.008359254353,0.4989352345406128,-1.855509664841036,-5.667681403358429,Маркетплейсы,9,chronos_bolt_raw,8064,4,214.11823727096166,4.039438919838366,0.027297514317853013,0.001488095238095238,1.0
976.6314901634626,0.17248652026398587,0.47784837181695705,-0.21923618184048954,Маркетплейсы,9,ensemble,8064,4,8.593576775975231,0.8554551460927765,0.4551821148038114,0.4226190476190476,0.9999999999999997
922.9389147101132,0.1630036747923437,0.5466184830626206,-0.058656374492813246,Маркетплейсы,9,ensemble_fm,8064,4,2.62339367874862,0.29750477639537287,0.7854930860904442,0.4429563492063492,0.9999683427340456
856.0119536075996,0.15118345524312196,0.6832855273059515,0.26046434870878377,Маркетплейсы,9,factor_national,8064,4,-4.818346795595563,-1.8429563215790017,0.16255902396775257,0.4375,0.5828763093497242
1004.9268624008266,0.1774838712054144,0.5045687906229588,-0.1568433831900793,Маркетплейсы,9,factor_panel,8064,4,11.73979488220147,8.449940946918048,0.0034788463908853166,0.3869047619047619,1.0
1013.872912631172,0.1790638664133109,0.46128889389836536,-0.2579029474713683,Маркетплейсы,9,factor_region,8064,4,12.734523807405518,0.3979647047620496,0.7172843302829426,0.4211309523809524,1.0
1674.7725694444443,0.295787813158366,-0.11738837281843661,-1.6091278084275658,Маркетплейсы,9,naive,8064,4,86.221256875326,2.177988365462081,0.11757074321334154,0.012896825396825396,1.0
899.3455406466805,0.15883676123848425,0.5866166792553126,0.03474034280974969,Маркетплейсы,9,prophet,8064,4,,,,,
1688.282738095238,0.2981738942976962,0.0318366381279197,-1.260683941241997,Маркетплейсы,9,snaive,8064,4,87.72347910695892,7.617342731481366,0.004696244811718036,0.07043650793650794,1.0
1186.7957412052317,0.20960441039060276,0.2598517630310807,-0.7282633276049242,Маркетплейсы,9,snaive_drift,8064,4,31.9621533178291,1.0126404761519474,0.3858083884789152,0.3134920634920635,1.0
1006.503985139917,0.16841197170442837,0.49091131033921076,-0.043589940494079604,Маркетплейсы,10,chronos_bolt,6048,3,8.523807391851769,0.6064488131121943,0.6058845488530133,0.48462301587301587,0.9999995905768312
3234.680292104287,0.541238677511059,-2.4921792746978966,-6.158680276132116,Маркетплейсы,10,chronos_bolt_raw,6048,3,248.77141688191665,5.3962368535776095,0.03266792090387658,0.000992063492063492,1.0
1066.1604124969813,0.17839390590874113,0.41499674514866547,-0.19920855504751311,Маркетплейсы,10,ensemble,6048,3,14.956114394872788,0.9577435185843658,0.43926106609492066,0.3913690476190476,1.0
994.247332289418,0.16636114318956433,0.5056732178498451,-0.01332924428637794,Маркетплейсы,10,ensemble_fm,6048,3,7.202264056848051,0.49413260475188236,0.6701504299720363,0.3978174603174603,0.9999999999999998
1059.4583008117504,0.17727248377812121,0.535930676935378,0.048696058117438934,Маркетплейсы,10,factor_national,6048,3,14.233475748245294,0.367963972444063,0.7481940805412695,0.28422619047619047,1.0
1021.4507509471844,0.17091291987489815,0.4971153564152193,-0.030872156330384426,Маркетплейсы,10,factor_panel,6048,3,10.135405515204955,0.6967260949449114,0.558061793527004,0.39732142857142855,1.0
1027.3939859931256,0.17190736395775064,0.4485388497894863,-0.1304499994223942,Маркетплейсы,10,factor_region,6048,3,10.776220161677097,0.7071072389391833,0.5527861728935376,0.4350198412698413,0.999999999999664
1958.3721891534392,0.3276820823124711,-0.5594550205087003,-2.1967545245215363,Маркетплейсы,10,naive,6048,3,111.15664656578832,2.0428676420910103,0.1777928490358036,0.010912698412698412,1.0
927.4499387085526,0.15518435608910744,0.5973914730449792,0.17468563489918687,Маркетплейсы,10,prophet,6048,3,,,,,
1714.5256283068784,0.28688077331437073,0.018786561271760926,-1.0114068431115313,Маркетплейсы,10,snaive,6048,3,84.86449313849822,12.024998932696546,0.006844679331960006,0.06547619047619048,1.0
1275.235083341299,0.21337705358644374,0.17431385207943306,-0.6925886893094295,Маркетплейсы,10,snaive_drift,6048,3,37.499074625744974,3.8088993046120856,0.06253292315453639,0.31746031746031744,1.0
877.0914256669167,0.13889012124217334,0.6343451930499237,0.44034962499941943,Маркетплейсы,11,chronos_bolt,4032,2,-8.292740862767001,,,0.621031746031746,3.1846113298117174e-28
3628.6851729211353,0.5746134426447892,-3.0852398062176913,-5.252634851397386,Маркетплейсы,11,chronos_bolt_raw,4032,2,279.40944551758577,,,0.000992063492063492,1.0
872.1164071018644,0.13810231177161927,0.6231075063679123,0.42314986324000303,Маркетплейсы,11,ensemble,4032,2,-8.812920747561659,,,0.6140873015873016,1.4644107802894339e-27
827.9936624081953,0.13111533962629082,0.6758708316336752,0.5039063970254143,Маркетплейсы,11,ensemble_fm,4032,2,-13.426323481936276,,,0.6617063492063492,6.4360485397644685e-59
1359.263790988413,0.21524359628407871,0.2560306227327156,-0.13867706115902667,Маркетплейсы,11,factor_national,4032,2,42.12242084255728,,,0.17708333333333334,1.0
843.1710423766564,0.13351872436164522,0.6680779064041626,0.49197899050934557,Маркетплейсы,11,factor_panel,4032,2,-11.839401210140533,,,0.6507936507936508,4.956350221549864e-53
857.2194274864784,0.13574332929342445,0.6455953547855616,0.4575684803638085,Маркетплейсы,11,factor_region,4032,2,-10.370524812510185,,,0.5982142857142857,1.079594150303441e-30
2220.295386904762,0.351590594157455,-1.0027256456270859,-2.065257552463976,Маркетплейсы,11,naive,4032,2,132.1504901877851,,,0.011904761904761904,1.0
956.4034885770772,0.1514494300111344,0.6014194005651621,0.38995528651119593,Маркетплейсы,11,prophet,4032,2,,,,,
1710.640376984127,0.27088515793028606,0.062301456598563454,-0.435187864284694,Маркетплейсы,11,snaive,4032,2,78.86178766758707,,,0.04861111111111111,1.0
954.2226657624354,0.1511040900200349,0.47799149257525975,0.20104357612441814,Маркетплейсы,11,snaive_drift,4032,2,-0.22802330195242915,,,0.5863095238095238,3.4018307941917274e-09
1032.3222912093604,0.15047634527784087,0.6017733717404969,-2.4476697289449265,Маркетплейсы,12,chronos_bolt,2016,1,44.09064618974718,,,0.2698412698412698,1.0
4072.7634415248085,0.5936659152675067,-3.4672803648008257,-37.675734346919114,Маркетплейсы,12,chronos_bolt_raw,2016,1,468.4727735364503,,,0.000992063492063492,1.0
944.237635861964,0.13763669517573304,0.6702444374825371,-1.8548775751424973,Маркетплейсы,12,ensemble,2016,1,31.795866723599374,,,0.2584325396825397,1.0
971.7064201335205,0.14164067949497797,0.6538918704429304,-1.9964508562146417,Маркетплейсы,12,ensemble_fm,2016,1,35.6299357051948,,,0.2638888888888889,1.0
941.1421805543467,0.13718548647315293,0.6679803346004771,-1.8744791748743181,Маркетплейсы,12,factor_national,2016,1,31.36380576809725,,,0.2594246031746032,1.0
941.1421805543467,0.13718548647315293,0.6679803346004771,-1.8744791748743181,Маркетплейсы,12,factor_panel,2016,1,31.36380576809725,,,0.2594246031746032,1.0
941.1421805543467,0.13718548647315293,0.6679803346004771,-1.8744791748743181,Маркетплейсы,12,factor_region,2016,1,31.36380576809725,,,0.2594246031746032,1.0
941.1421805543467,0.13718548647315293,0.6679803346004771,-1.8744791748743181,Маркетплейсы,12,lgbm,2016,1,31.36380576809725,,,0.2594246031746032,1.0
941.1421805543467,0.13718548647315293,0.6679803346004771,-1.8744791748743181,Маркетплейсы,12,lgbm_no_events,2016,1,31.36380576809725,,,0.2594246031746032,1.0
2003.6661706349207,0.2920641790663831,-0.12212523735163394,-8.714863191874082,Маркетплейсы,12,naive,2016,1,179.66997877872052,,,0.03571428571428571,1.0
716.4394903538267,0.1044317235413634,0.7679999998191895,-1.0085532231595828,Маркетплейсы,12,prophet,2016,1,,,,,
2003.6661706349207,0.2920641790663831,-0.12212523735163394,-8.714863191874082,Маркетплейсы,12,snaive,2016,1,179.66997877872052,,,0.03571428571428571,1.0
952.1233838971865,0.13878616037107633,0.6641532295157164,-1.907612555250937,Маркетплейсы,12,snaive_drift,2016,1,32.89655256537618,,,0.27232142857142855,1.0
77.71269966011255,0.06192240050432614,0.990882705408253,0.2470151446749993,Общественное питание,1,chronos_bolt,24192,12,-45.08268876962239,-3.774516795766762,0.0030761897920702176,0.9672619047619048,0.0
97.76672456795892,0.07790168532519265,0.987415913048447,-0.03930248137311132,Общественное питание,1,chronos_bolt_raw,24192,12,-30.911090921359595,-2.776432182958652,0.018018520681614112,0.9290674603174603,1.9411927910082155e-306
75.1411268984279,0.05987334083748272,0.9928444348769376,0.4090316908444537,Общественное питание,1,ensemble,24192,12,-46.899944666311875,-5.1746824317506395,0.0003062680032424795,0.9156746031746031,4.0264795333622484e-300
69.21231362460142,0.05514919212481507,0.9939014038346903,0.4963253073583722,Общественное питание,1,ensemble_fm,24192,12,-51.08966507506818,-5.226426825755235,0.00028268488383116397,0.9464285714285714,0.0
108.96146766092157,0.08682178935422914,0.9807242070861991,-0.5919612986522853,Общественное питание,1,factor_national,24192,12,-23.000090618073266,-1.3963408954281769,0.19015011667835255,0.9092261904761905,1.3461148103878148e-287
89.83319548364409,0.07158015528544019,0.9868196540875318,-0.08854669114422498,Общественное питание,1,factor_panel,24192,12,-36.51748585789009,-4.019808839403271,0.00201677214142027,0.9404761904761905,1.8369110468437655e-304
85.18078557109118,0.06787305990495034,0.9896572107591823,0.1458032224599065,Общественное питание,1,factor_region,24192,12,-39.805209026129226,-4.6883463863442705,0.0006625315231232813,0.9528769841269841,0.0
75.53771413907698,0.060189346253042654,0.992169278156183,0.3532714233020101,Общественное питание,1,lgbm,24192,12,-46.61968796412575,-5.194196145246516,0.00029713847701919006,0.9573412698412699,0.0
74.77669973279043,0.059582960951003974,0.9922536750450549,0.360241646597698,Общественное питание,1,lgbm_no_events,24192,12,-47.15747477610921,-5.2980450223084565,0.00025316911926427643,0.9578373015873016,0.0
94.7983630952381,0.07553645970879609,0.9877205945623975,-0.01413925302796204,Общественное питание,1,naive,24192,12,-33.00874589351521,-2.6504371193610385,0.022568769997256117,0.9131944444444444,7.678528440100284e-299
141.50856609513986,0.11275570328737008,0.9757338084321848,-1.0041114788064345,Общественное питание,1,prophet,24192,12,,,,,
243.70333167989418,0.19418570419664125,0.9280576853979075,-4.9416170890692,Общественное питание,1,snaive,24192,12,72.21807725480463,8.684784403120792,2.9669948626054917e-06,0.20535714285714285,1.0
87.74967725616693,0.06991998325816311,0.9879548372792383,0.00520653167565166,Общественное питание,1,snaive_drift,24192,12,-37.98984776852973,-3.620195848693843,0.0040250844361203525,0.7286706349206349,1.4257913586400155e-148
122.91120955515356,0.09625305794283431,0.9781438541505775,0.19356256588835397,Общественное питание,2,chronos_bolt,22176,11,-25.31539563241887,-1.26942572615564,0.23303598903468986,0.8596230158730159,1.5487881714456165e-200
146.26280520342473,0.11453993752953383,0.9720520042263552,-0.031211548254597155,Общественное питание,2,chronos_bolt_raw,22176,11,-11.12625300942418,-0.7873384890155548,0.44934203783471977,0.7648809523809523,1.215546721019782e-137
95.85823846002525,0.07506759240417851,0.9881520052904875,0.5628384565726128,Общественное питание,2,ensemble,22176,11,-41.75360700890557,-2.3524276495108745,0.04047270946867674,0.9087301587301587,6.125041489115268e-286
96.35187474326548,0.07545416415744148,0.9884939536564648,0.5754555009846143,Общественное питание,2,ensemble_fm,22176,11,-41.45365852862691,-2.217130586846616,0.05094162873295143,0.9449404761904762,1.9601586527026e-309
173.129416588311,0.1355794628235768,0.955712608890384,-0.6340946064322384,Общественное питание,2,factor_national,22176,11,5.19872051609791,0.2065297251200389,0.8405215978848476,0.39087301587301587,1.0
128.12169922512075,0.10033344707844724,0.9754245964095976,0.09322871698232615,Общественное питание,2,factor_panel,22176,11,-22.149342991888567,-1.393571905986812,0.19364232518391175,0.8467261904761905,1.449808232918337e-171
111.46278974042468,0.08728768025458923,0.9833273505727088,0.3848206945259307,Общественное питание,2,factor_region,22176,11,-32.27180512176925,-1.839432359621158,0.09568750300478264,0.908234126984127,2.3063797523776745e-273
146.1599025974026,0.11445935341897333,0.9721573864473693,-0.027323206343765616,Общественное питание,2,naive,22176,11,-11.188779775265722,-0.7979628888845343,0.443428400656966,0.7400793650793651,4.73045931634733e-136
164.57369038230655,0.12887938385413147,0.967957239953044,-0.1822981678540161,Общественное питание,2,prophet,22176,11,,,,,
248.31295093795094,0.19445647749371306,0.9272440462420233,-1.6845137779165489,Общественное питание,2,snaive,22176,11,50.88253192908121,4.047130792936803,0.00233431351685733,0.36160714285714285,1.0
107.38004464989926,0.08409043973286263,0.9756146169014035,0.1002400006229236,Общественное питание,2,snaive_drift,22176,11,-34.75260571695622,-1.9530853082950173,0.07934132330652101,0.7351190476190477,1.906527877289922e-141
162.4692808975369,0.12501720753999135,0.9644873473788894,0.18386019590573355,Общественное питание,3,chronos_bolt,20160,10,-10.616384269903524,-0.40618215675066566,0.6940968961693534,0.7624007936507936,2.824893212058995e-73
196.60268774306962,0.15128225397880787,0.9525348592577169,-0.09082785451193809,Общественное питание,3,chronos_bolt_raw,20160,10,8.162349187803297,0.41793729925780826,0.6857880368388565,0.5024801587301587,0.999999999999476
116.74885778143849,0.08983615919691257,0.983399913397791,0.6185024089295674,Общественное питание,3,ensemble,20160,10,-35.76979609182238,-1.9477832160689579,0.08326258396970156,0.8854166666666666,4.534198170654359e-259
123.06490430158823,0.09469624409591437,0.9822574634633311,0.5922470098850225,Общественное питание,3,ensemble_fm,20160,10,-32.29497874806545,-1.4790800477055746,0.17324533178046955,0.9047619047619048,3.647497081320689e-280
228.8140527872765,0.17606832360767322,0.933578718366614,-0.5264714905508676,Общественное питание,3,factor_national,20160,10,25.88365785211031,0.7722660551493459,0.4597547532306383,0.28918650793650796,1.0
162.25400957408672,0.12485156010453463,0.9638456537690666,0.16911300980851562,Общественное питание,3,factor_panel,20160,10,-10.734817300115019,-0.48121126962799715,0.6418498947487992,0.7802579365079365,1.419928277933568e-84
136.41205811094952,0.10496664037412184,0.9767224223654305,0.46504256234654295,Общественное питание,3,factor_region,20160,10,-24.95194835736142,-1.1357147095797702,0.2854138713363753,0.8427579365079365,6.272817803389406e-197
186.74135954125876,0.14369413819707272,0.9485393069398698,-0.18265229017793705,Общественное питание,3,lgbm,20160,10,2.7370702322392804,0.14576043746321615,0.8873229077308048,0.5396825396825397,0.7792609527975374
188.25891504438292,0.14486187003068118,0.9476098540721469,-0.20401266247880057,Общественное питание,3,lgbm_no_events,20160,10,3.5719640484179083,0.1986491769802678,0.8469521363129827,0.5386904761904762,0.8575622611145075
196.9232638888889,0.1515289315927719,0.9543097717874885,-0.050037413432038935,Общественное питание,3,naive,20160,10,8.338716405481916,0.9966497425433714,0.344974262418444,0.36160714285714285,1.0
181.766288564708,0.13986591000916138,0.9615264818403694,0.11581458280161017,Общественное питание,3,prophet,20160,10,,,,,
251.95719246031746,0.193876555906407,0.9273183614325468,-0.6703449019865577,Общественное питание,3,snaive,20160,10,38.61601865222759,3.004464285148101,0.014848497043310043,0.4439484126984127,1.0
127.01832950233587,0.09773833412108905,0.9660481624071968,0.21973032042222518,Общественное питание,3,snaive_drift,20160,10,-30.11997411328674,-1.792177018460937,0.10670310532246972,0.7251984126984127,4.2383124478543067e-128
165.8527152820424,0.12650615086500075,0.9620515704036403,0.33015598034325055,Общественное питание,4,chronos_bolt,18144,9,-15.799143348599943,-1.3290060550956022,0.22049853627206709,0.7827380952380952,2.91911545252667e-115
227.63240662684936,0.17362935255855513,0.9347010295536597,-0.1526201560504028,Общественное питание,4,chronos_bolt_raw,18144,9,15.56544978480574,0.5277257990253075,0.6120087453418572,0.47470238095238093,1.0
126.76064966797297,0.09668820822964475,0.9805397684464675,0.6564990998067599,Общественное питание,4,ensemble,18144,9,-35.64558003418479,-1.6736226179552616,0.13274046993699765,0.8988095238095238,1.778191567673321e-271
128.79312551932128,0.09823850360010576,0.9803489602480501,0.6531310623946496,Общественное питание,4,ensemble_fm,18144,9,-34.6137235010205,-1.5497049783834465,0.15980702182209397,0.9241071428571429,1.1062881020772693e-296
267.4113486141123,0.20397121839857535,0.9127514074230082,-0.5400623578576895,Общественное питание,4,factor_national,18144,9,35.76060297429675,0.6979472868818526,0.5049869081212847,0.27976190476190477,1.0
161.50662864150513,0.12319112107314482,0.964743814957163,0.37767794456713033,Общественное питание,4,factor_panel,18144,9,-18.00558427175355,-0.8074111036587048,0.44277190334083844,0.8308531746031746,5.422078477259684e-154
142.85401951040754,0.1089636193964206,0.9759295893890876,0.5751228504077875,Общественное питание,4,factor_region,18144,9,-27.475225241763024,-1.2332082121267682,0.25250235340805466,0.8720238095238095,1.632507269395737e-240
228.0528549382716,0.1739500545586717,0.9397350602547316,-0.06376231935602372,Общественное питание,4,naive,18144,9,15.778904885249423,2.0111069394875787,0.07914228502176729,0.31746031746031744,1.0
196.97271723575113,0.15024330618006518,0.9559829720635404,0.22303654617818713,Общественное питание,4,prophet,18144,9,,,,,
252.66865079365078,0.19272604854132697,0.9283680342083924,-0.2644065752425242,Общественное питание,4,snaive,18144,9,28.27596346312202,1.6140955502198084,0.14517061700435158,0.48462301587301587,1.0
137.53930784547478,0.10490975923172809,0.9499710366955316,0.11691729445532051,Общественное питание,4,snaive_drift,18144,9,-30.173422098422986,-1.5635143516252128,0.15655979228891367,0.7911706349206349,1.248391311789454e-167
170.74912841262497,0.128547174060941,0.9601790930053158,0.3514673515916201,Общественное питание,5,chronos_bolt,16128,8,-17.181726783842045,-3.2635405961013015,0.013796776593244948,0.7762896825396826,3.1022702794393777e-137
265.4628295797914,0.1998516588514559,0.9108873882291547,-0.45130893492830126,Общественное питание,5,chronos_bolt_raw,16128,8,28.75716176861016,1.5948567619440304,0.15477399101936146,0.4330357142857143,1.0
142.19484276329837,0.107050298722991,0.9751365317284262,0.5950677133262181,Общественное питание,5,ensemble,16128,8,-31.03138243000987,-2.5707133707745573,0.036969411236296094,0.8918650793650794,1.200567121994794e-261
138.75760236701086,0.10446259860634313,0.977009058466373,0.6255641237856346,Общественное питание,5,ensemble_fm,16128,8,-32.69854358565244,-2.5425803769372446,0.03851859641583175,0.9231150793650794,3.644155747123661e-297
271.6304633869877,0.20449491474346773,0.9092648001874166,-0.47773478505081823,Общественное питание,5,factor_national,16128,8,31.748642817387363,2.2445158163323105,0.059678972276066666,0.34523809523809523,1.0
163.26005951733532,0.12290908587983614,0.9655557170852574,0.4390323147534665,Общественное питание,5,factor_panel,16128,8,-20.814142127163173,-1.4335779473888681,0.19480970547232013,0.8720238095238095,4.551271150227982e-228
158.30221072285389,0.11917660737246762,0.9705223049808265,0.5199193322665627,Общественное питание,5,factor_region,16128,8,-23.218842402022112,-1.7495048620883416,0.12368234373595896,0.84375,3.8638507868344145e-210
244.63702876984127,0.18417311415513518,0.929544031123525,-0.1474624648237779,Общественное питание,5,naive,16128,8,18.656045133591313,6.28341384221009,0.00041067598611387393,0.3462301587301587,1.0
206.17325353665012,0.15521595545155759,0.9536793753249688,0.24561142214970944,Общественное питание,5,prophet,16128,8,,,,,
253.24268353174602,0.19065181545727983,0.9294102797189462,-0.14964077162757228,Общественное питание,5,snaive,16128,8,22.830036965356726,1.9486491971330848,0.09235111405468158,0.5148809523809523,0.9999999998141574
155.5469969279347,0.11710236576102759,0.9279745461067574,-0.17302346660350598,Общественное питание,5,snaive_drift,16128,8,-24.55520090035147,-2.243977627428162,0.05972637315804893,0.7867063492063492,2.0035211104204437e-152
185.04802989330125,0.13799121618927096,0.9519063100682259,0.22800391460250258,Общественное питание,6,chronos_bolt,14112,7,-11.87786503082201,-5.395960987798217,0.0016702472205455,0.6775793650793651,2.761189566039291e-59
308.3216271595079,0.22991693742282643,0.886357003465441,-0.8241883411727797,Общественное питание,6,chronos_bolt_raw,14112,7,46.826529621163424,6.916427071378974,0.0004519652782134956,0.4126984126984127,1.0
155.52019367044062,0.11597216505871015,0.9694697733678604,0.5099312304847987,Общественное питание,6,ensemble,14112,7,-25.939381765039904,-2.032334224958993,0.08837762160894128,0.8675595238095238,2.221130520042282e-230
149.3387158468146,0.11136260697143413,0.9723040780464156,0.555427263743473,Общественное питание,6,ensemble_fm,14112,7,-28.883077104010223,-2.1681350774600783,0.07325013234876392,0.8824404761904762,1.0253254086255478e-263
272.92537709885903,0.20352178154235137,0.9109027719830254,-0.4301816173067219,Общественное питание,6,factor_national,14112,7,29.970402446797916,1.5134921054792299,0.1809216787014473,0.3888888888888889,1.0
169.86532451873603,0.1266693989243822,0.9603363347356518,0.3633220000371886,Общественное питание,6,factor_panel,14112,7,-19.108055014396285,-45.59124970516287,7.459824509455039e-09,0.7857142857142857,2.869021452357886e-168
176.01867716763093,0.13125798393202628,0.9610064105344912,0.3740780034621175,Общественное питание,6,factor_region,14112,7,-16.177753227603286,-0.9783727796245695,0.36567415800791997,0.7331349206349206,2.0238267978536945e-106
176.01867716763093,0.13125798393202628,0.9610064105344912,0.3740780034621175,Общественное питание,6,lgbm,14112,7,-16.177753227603286,-0.9783727796245695,0.36567415800791997,0.7331349206349206,2.0238267978536945e-106
176.01867716763093,0.13125798393202628,0.9610064105344912,0.3740780034621175,Общественное питание,6,lgbm_no_events,14112,7,-16.177753227603286,-0.9783727796245695,0.36567415800791997,0.7331349206349206,2.0238267978536945e-106
251.12585034013605,0.18726576837905945,0.920327323419644,-0.278899467277929,Общественное питание,6,naive,14112,7,19.589201196484396,3.818419001847368,0.008776881961683906,0.39880952380952384,1.0
209.99040701638077,0.15659086815989584,0.9534503415357816,0.2527885849069531,Общественное питание,6,prophet,14112,7,,,,,
252.84119897959184,0.18854491220503586,0.9304863718693885,-0.11582722961656144,Общественное питание,6,snaive,14112,7,20.406071197275423,1.5364599084385253,0.17533516294541335,0.5367063492063492,0.9999948690500627
168.78256262240404,0.1258619781104216,0.9038744099242025,-0.5430003260367995,Общественное питание,6,snaive_drift,14112,7,-19.623679471587575,-4.310987960096287,0.005031983575293603,0.7837301587301587,3.6896552722621987e-131
216.1347823833884,0.16182723072304947,0.935555200238479,-0.12945872152003357,Общественное питание,7,chronos_bolt,12096,6,6.594033332060545,0.800845989798538,0.45956671910682717,0.5014880952380952,0.9899929726306915
326.85859199286136,0.2447297940523673,0.8726393337543203,-1.2321213783284164,Общественное питание,7,chronos_bolt_raw,12096,6,61.201150807623335,10.193758775426677,0.0001559063824958045,0.4097222222222222,1.0
161.65074848057034,0.12103323991839572,0.967171099963966,0.42464112541556476,Общественное питание,7,ensemble,12096,6,-20.27657426685995,-2.3514298986159616,0.06544378552568338,0.7604166666666666,9.69908390845256e-155
161.88339780320854,0.12120743212937149,0.9671064023598315,0.42350723604789475,Общественное питание,7,ensemble_fm,12096,6,-20.161835540503603,-1.9551240354313668,0.10795961440279862,0.7450396825396826,2.825313169924355e-141
250.4047910258456,0.1874863149958734,0.9236773389889684,-0.3376299631238411,Общественное питание,7,factor_national,12096,6,23.4954242291735,1.4995743684016436,0.19400970528209047,0.42956349206349204,1.0
189.04393855568043,0.14154342361785147,0.9506054600878412,0.13431193663871022,Общественное питание,7,factor_panel,12096,6,-6.766714429685616,-1.189340193904403,0.2877012919576439,0.5451388888888888,1.4317889193254978e-10
190.7183566628147,0.14279711560746106,0.9522157947882219,0.16253464163029918,Общественное питание,7,factor_region,12096,6,-5.940919629073294,-1.0814640291946418,0.3288687797609806,0.5590277777777778,6.125785945090858e-10
247.73859126984127,0.18549004341796835,0.9190386004110291,-0.4189284350423341,Общественное питание,7,naive,12096,6,22.18049942841962,2.2166692495155016,0.07745195586900719,0.40773809523809523,1.0
202.76442838980276,0.1518164062888277,0.9572893972962349,0.251454533125138,Общественное питание,7,prophet,12096,6,,,,,
244.82721560846562,0.18331020056398853,0.935232450928168,-0.13511522173020207,Общественное питание,7,snaive,12096,6,20.74465800174754,3.2151844011085675,0.02359192948349772,0.5391865079365079,0.9998517801849786
171.3634139113783,0.12830543244694056,0.8932568969773512,-0.8707782337315575,Общественное питание,7,snaive_drift,12096,6,-15.486451310906391,-1.557731676087715,0.180031895534292,0.7450396825396826,8.387375890343046e-104
238.10716558453154,0.18192655031116808,0.9250773235027155,-0.5256593478699838,Общественное питание,8,chronos_bolt,10080,5,29.23849416268012,2.055407211833659,0.10901909722641374,0.4623015873015873,1.0
322.19717265348584,0.24617579230328074,0.8745115067194449,-1.5553370724888307,Общественное питание,8,chronos_bolt_raw,10080,5,74.88040443884354,8.380981184969441,0.001108758056813965,0.41220238095238093,1.0
161.03420216790482,0.1230387032267515,0.9673636534264117,0.33542220382204146,Общественное питание,8,ensemble,10080,5,-12.594743859230395,-5.158167481322499,0.006706502325645747,0.6468253968253969,4.298181676164251e-50
167.09084218088864,0.12766629862621692,0.9656673611818748,0.300880403654359,Общественное питание,8,ensemble_fm,10080,5,-9.307354195664919,-2.1372518854801115,0.09939423994578925,0.5600198412698413,1.5203476719093324e-14
218.7597753078797,0.16714411416770175,0.9402206027370683,-0.2172949567215572,Общественное питание,8,factor_national,10080,5,18.73722437017369,1.048347411187582,0.3536425854700752,0.45337301587301587,0.999999999999993
198.60287240458655,0.15174316728250006,0.9476921242290433,-0.06515147840553226,Общественное питание,8,factor_panel,10080,5,7.7965717786827815,0.6995463973344836,0.5227550526353258,0.4851190476190476,0.9999926939850878
195.2344017958294,0.14916947641447706,0.9503219194143875,-0.011600647134183184,Общественное питание,8,factor_region,10080,5,5.968251878950626,0.58060573047772,0.592645537283639,0.46478174603174605,0.9999984099030904
243.5172619047619,0.18606015191015582,0.9270208203098501,-0.48608369187392664,Общественное питание,8,naive,10080,5,32.17495640641468,2.7586360128774303,0.0509208364120031,0.4027777777777778,1.0
184.23857932359687,0.14076808267524876,0.9630898670409647,0.24839458475409404,Общественное питание,8,prophet,10080,5,,,,,
238.3875992063492,0.18214081652732045,0.9374592491708055,-0.273524726907298,Общественное питание,8,snaive,10080,5,29.390706377324417,3.232373035000423,0.03190366943081805,0.5163690476190477,0.9999999916584861
168.38214946442756,0.12865292613450383,0.8996549026572247,-1.0433391188244228,Общественное питание,8,snaive_drift,10080,5,-8.606465549931908,-0.632164070116421,0.5616103131382155,0.685515873015873,4.332381423351955e-60
225.24466059300124,0.17815575668939634,0.9375520662928991,-0.8204770019361007,Общественное питание,9,chronos_bolt,8064,4,38.14873676635755,31.691532107432494,6.903773651282134e-05,0.49255952380952384,0.9999999999967306
302.3453921233378,0.23913806424301615,0.8863592026245136,-2.312847132366034,Общественное питание,9,chronos_bolt_raw,8064,4,85.43673301291108,17.126178307022915,0.00043369500591592373,0.43700396825396826,1.0
140.70737082926667,0.11129155317541144,0.9735523241131291,0.22899953851901822,Общественное питание,9,ensemble,8064,4,-13.700304892454307,-2.185349276935262,0.11676195007962636,0.5887896825396826,1.3749461651527466e-24
147.70952415765768,0.11682985948371839,0.9766007429349024,0.3178667920511633,Общественное питание,9,ensemble_fm,8064,4,-9.40569193952191,-1.4648293680932525,0.23919778341653392,0.5649801587301587,1.9339134360374226e-07
170.81879629658954,0.1351079836071211,0.9641032612825554,-0.0464587601268589,Общественное питание,9,factor_national,8064,4,4.767859367658844,1.00810631090768,0.38766385381444374,0.5094246031746031,0.9337159091862224
171.1391069188355,0.13536133114988477,0.967042222644616,0.039217598586700486,Общественное питание,9,factor_panel,8064,4,4.964314669727377,0.9089780529039398,0.43037648000321327,0.5441468253968254,0.3564158625594389
160.6631985470178,0.1270754815405025,0.9736413479926537,0.23159475529685103,Общественное питание,9,factor_region,8064,4,-1.4608476592556707,-0.3252811492083821,0.7663337642619967,0.5252976190476191,0.3567154136970766
213.89471726190476,0.1691785949790597,0.9463321292294729,-0.5645213329054308,Общественное питание,9,naive,8064,4,31.187504791167985,2.6580134183250355,0.076468273404146,0.4399801587301587,1.0
163.0450381706665,0.12895938164870824,0.9665687269033152,0.025414289872021656,Общественное питание,9,prophet,8064,4,,,,,
229.42609126984127,0.18146303129610833,0.9392211972644384,-0.771818633812049,Общественное питание,9,snaive,8064,4,40.71332304494344,6.73942363149909,0.006671264686001139,0.4836309523809524,0.9999999999999964
170.40312633212721,0.13477921223089012,0.8903776997261105,-2.1957002370001106,Общественное питание,9,snaive_drift,8064,4,4.512917561930774,0.4759743766784168,0.666606962758533,0.5104166666666666,0.1542716176013153
230.7159723734726,0.18438780473593186,0.9319451379128824,-0.9142129724383989,Общественное питание,10,chronos_bolt,6048,3,29.17710521778558,4.217025554641278,0.05189417530238958,0.5054563492063492,0.9999999810500702
309.920409940538,0.24768785378799543,0.8769221220002099,-2.4618727224191352,Общественное питание,10,chronos_bolt_raw,6048,3,73.52340625651127,13.12275695464151,0.00575687651057394,0.4523809523809524,1.0
137.20656999719228,0.1096552526332075,0.9735517112088359,0.25607581956400816,Общественное питание,10,ensemble,6048,3,-23.178498017432258,-5.197894844308414,0.03507641463867077,0.6324404761904762,1.0814273151897257e-52
153.1327660087762,0.12238344084731383,0.9752978795693531,0.3051911659956078,Общественное питание,10,ensemble_fm,6048,3,-14.261473865427787,-2.189900934566631,0.15994358456618354,0.5813492063492064,4.541442872369956e-12
145.81354753432248,0.11653393414431638,0.9740520015095975,0.2701477338157331,Общественное питание,10,factor_national,6048,3,-18.359479934361644,-3.389698308269502,0.07710096357776794,0.5773809523809523,4.845578451385525e-17
173.0007799166953,0.13826192308353277,0.9650986173826885,0.01831144295654752,Общественное питание,10,factor_panel,6048,3,-3.137438989779162,-0.7145255087571887,0.5490446065859325,0.5704365079365079,0.001368872279572495
150.58917755794738,0.12035060937155977,0.9765477003359625,0.34034549665319047,Общественное питание,10,factor_region,6048,3,-15.685620575182146,-3.7481059506182874,0.06438459064293797,0.5858134920634921,1.700961289837504e-13
231.80671296296296,0.18525952272217924,0.9390109308664877,-0.7154698978430634,Общественное питание,10,naive,6048,3,29.787807244370136,57.64478388041614,0.0003008042573280819,0.46081349206349204,0.9999999999999983
178.60438348149853,0.14274031332801895,0.9570586464035986,-0.2078328217471399,Общественное питание,10,prophet,6048,3,,,,,
233.6347552910053,0.18672049097836244,0.9357418143985696,-0.8074219635645403,Общественное питание,10,snaive,6048,3,30.81132206097692,15.153303364173654,0.004326728229841241,0.48313492063492064,0.9999999999745287
160.32765271987552,0.128133581820804,0.8781187888126372,-2.4282134794821264,Общественное питание,10,snaive_drift,6048,3,-10.233080737078481,-0.826572730789815,0.49539362645930984,0.6383928571428571,6.655118524193341e-59
229.45008891714969,0.18598582072204586,0.9267969609537147,-0.9059763776337255,Общественное питание,11,chronos_bolt,4032,2,16.842774539458727,,,0.5178571428571429,0.9917705727433496
304.10977796051236,0.24650287524624961,0.8745773520467279,-2.265610380848504,Общественное питание,11,chronos_bolt_raw,4032,2,54.8616973267565,,,0.4751984126984127,1.0
132.02902033878652,0.10701902894316793,0.976056780865156,0.3765940503280746,Общественное питание,11,ensemble,4032,2,-32.76691619988552,,,0.6433531746031746,4.160915511155717e-70
155.3135899032283,0.12589284939379317,0.972987323577281,0.2966750584519813,Общественное питание,11,ensemble_fm,4032,2,-20.90972440403146,,,0.5892857142857143,2.223158316540041e-21
110.35588783383866,0.08945139427554372,0.9853229588168009,0.6178561142653218,Общественное питание,11,factor_national,4032,2,-43.8035165637835,,,0.7450396825396826,6.224138978088909e-137
173.57466717466096,0.1406947675783725,0.9594561112420661,-0.05563505609611541,Общественное питание,11,factor_panel,4032,2,-11.610643525295893,,,0.6041666666666666,4.966657466783087e-13
149.7275674776687,0.1213649759451819,0.9753476684249724,0.35813099773238466,Общественное питание,11,factor_region,4032,2,-23.754292309506063,,,0.5987103174603174,2.658021359620684e-26
224.36755952380952,0.18186606463467467,0.9385252516096562,-0.6006086602345524,Общественное питание,11,naive,4032,2,14.254600183986366,,,0.5,0.9995331615127312
196.37507738201012,0.15917614200374625,0.9459889251383152,-0.40627812940782393,Общественное питание,11,prophet,4032,2,,,,,
226.35664682539684,0.18347836313505614,0.9384045420588709,-0.603751556422317,Общественное питание,11,snaive,4032,2,15.267502293615042,,,0.5138888888888888,0.9966669132357212
146.64252638802543,0.11886432797539306,0.9178415506797376,-1.1391470308825116,Общественное питание,11,snaive_drift,4032,2,-25.32528651649595,,,0.6686507936507936,2.0954728657226305e-86
149.38940078761757,0.11877455280956614,0.9736305984384238,0.3165093411188973,Общественное питание,12,chronos_bolt,2016,1,-27.500869961494324,,,0.6314484126984127,5.349360807719111e-35
328.478104657597,0.2611620354773775,0.8606483536710499,-2.6119723211438455,Общественное питание,12,chronos_bolt_raw,2016,1,59.411422087629795,,,0.45783730158730157,1.0
97.48726687889493,0.07750888929950994,0.9882504378908447,0.6954532347350331,Общественное питание,12,ensemble,2016,1,-52.689133223049026,,,0.746031746031746,6.7527501118613056e-146
104.13776992404324,0.08279648347273473,0.9871106579364112,0.6659103211343537,Общественное питание,12,ensemble_fm,2016,1,-49.4616238913987,,,0.7132936507936508,2.2212702584031937e-109
99.51249623836829,0.07911908192522527,0.9878188288690077,0.6842659981181732,Общественное питание,12,factor_national,2016,1,-51.70628326236808,,,0.7395833333333334,9.017380812434655e-133
99.51249623836829,0.07911908192522527,0.9878188288690077,0.6842659981181732,Общественное питание,12,factor_panel,2016,1,-51.70628326236808,,,0.7395833333333334,9.017380812434655e-133
99.51249623836829,0.07911908192522527,0.9878188288690077,0.6842659981181732,Общественное питание,12,factor_region,2016,1,-51.70628326236808,,,0.7395833333333334,9.017380812434655e-133
99.51249623836829,0.07911908192522527,0.9878188288690077,0.6842659981181732,Общественное питание,12,lgbm,2016,1,-51.70628326236808,,,0.7395833333333334,9.017380812434655e-133
99.51249623836829,0.07911908192522527,0.9878188288690077,0.6842659981181732,Общественное питание,12,lgbm_no_events,2016,1,-51.70628326236808,,,0.7395833333333334,9.017380812434655e-133
233.1279761904762,0.1853523139756653,0.9379237772520468,-0.6090057367351394,Общественное питание,12,naive,2016,1,13.137715074414501,,,0.5183531746031746,0.983547419674796
206.0568184863377,0.1638289352527164,0.9396676148049292,-0.5638057470721956,Общественное питание,12,prophet,2016,1,,,,,
233.1279761904762,0.1853523139756653,0.9379237772520468,-0.6090057367351394,Общественное питание,12,snaive,2016,1,13.137715074414501,,,0.5183531746031746,0.983547419674796
102.56651017214394,0.08154722701012376,0.9869075373620032,0.6606454684258023,Общественное питание,12,snaive_drift,2016,1,-50.2241610223908,,,0.7390873015873016,1.1807385199715665e-136
321.7751934065893,0.025583720180217765,0.9808112898453757,0.9086627084330239,Продовольствие,1,chronos_bolt,24192,12,-63.075948320628214,-3.9176996682183214,0.0024023177660420377,1.0,0.0
955.3407223212024,0.07595728389711304,0.8289454122690458,0.1857887983322395,Продовольствие,1,chronos_bolt_raw,24192,12,9.626381788305016,0.5809404347514806,0.5729907659532003,0.17162698412698413,1.0
329.4641527700668,0.026195054393864593,0.9800746812820329,0.9051564888602323,Продовольствие,1,ensemble,24192,12,-62.19363191241805,-3.821118642668014,0.0028376463761827864,0.9985119047619048,0.0
310.06342240877837,0.024652540032827793,0.9824242162702395,0.916340156784515,Продовольствие,1,ensemble_fm,24192,12,-64.41988671750056,-3.9209065273187913,0.0023891122688965882,0.9995039682539683,0.0
432.5353691475629,0.03439004646432088,0.9647389071381602,0.8321589781835377,Продовольствие,1,factor_national,24192,12,-50.366098285954095,-2.597533805463509,0.02480282567496518,0.9975198412698413,0.0
325.58749511049496,0.02588682887856931,0.9796972798541387,0.9033600771170979,Продовольствие,1,factor_panel,24192,12,-62.63848257430358,-3.8570173112424646,0.002666998725674266,0.9995039682539683,0.0
321.7640707300456,0.02558283583782537,0.9803004735258913,0.9062312485415593,Продовольствие,1,factor_region,24192,12,-63.077224659798944,-3.755267161709796,0.003180692564105676,0.9995039682539683,0.0
354.82591762840195,0.028211519021056203,0.9766744448960466,0.8889715353286567,Продовольствие,1,lgbm,24192,12,-59.28334194756688,-3.2131170918816556,0.008259595647116088,0.9990079365079365,0.0
357.5355140437488,0.02842695376528759,0.9760842056801167,0.8861620264598874,Продовольствие,1,lgbm_no_events,24192,12,-58.97241282648922,-3.1712430923065784,0.008898887718945503,0.998015873015873,0.0
966.3528025793651,0.07683283299381095,0.7893498032684015,-0.002684301470784911,Продовольствие,1,naive,24192,12,10.890029915573795,0.5458976385574984,0.5960335162469307,0.15873015873015872,1.0
871.4514761291871,0.06928741299132814,0.872991887572704,0.3954477970293613,Продовольствие,1,prophet,24192,12,,,,,
1201.1972552910054,0.09550485895219221,0.8028979484061105,0.061804185387536736,Продовольствие,1,snaive,24192,12,37.83868502082102,1.5178300447551512,0.15725986918782456,0.23214285714285715,1.0
398.8952947104041,0.03171538953340427,0.9686618619064931,0.8508320448249097,Продовольствие,1,snaive_drift,24192,12,-54.22633323404109,-3.546219048303123,0.0045823876554578515,0.9801587301587301,0.0
477.6349849669253,0.03748797014631466,0.9621946769574313,0.8325004156591221,Продовольствие,2,chronos_bolt,22176,11,-46.92651970556182,-2.2920966633505078,0.044853430386915055,0.9950396825396826,0.0
1118.3597889469472,0.08777631392261832,0.7892572629021953,0.06628701923815805,Продовольствие,2,chronos_bolt_raw,22176,11,24.269050821053263,0.7292573746705098,0.4825751704748482,0.07936507936507936,1.0
427.7362761757346,0.03357158762748945,0.9675488542406804,0.8562225372350115,Продовольствие,2,ensemble,22176,11,-52.471126405447,-2.6679391725018244,0.023575799884150293,0.9940476190476191,0.0
426.50272059558677,0.03347476998176025,0.9691458003565759,0.8632979379749046,Продовольствие,2,ensemble_fm,22176,11,-52.60819569441377,-2.674319507310783,0.0233190010616581,0.9970238095238095,0.0
649.4481992858404,0.050973013855112215,0.9241274208986641,0.6638403156075601,Продовольствие,2,factor_national,22176,11,-27.835109881152775,-1.1980142850294382,0.2585344968795976,0.966765873015873,0.0
479.6619648087781,0.03764706100479485,0.961096052532848,0.8276328700424049,Продовольствие,2,factor_panel,22176,11,-46.70128730408426,-2.4199021015232955,0.03606764258455521,0.9950396825396826,0.0
470.10265748340316,0.036896782991432994,0.9623265672801004,0.8330847665506825,Продовольствие,2,factor_region,22176,11,-47.763491131127836,-2.4020085129282247,0.037187800517079095,0.9950396825396826,0.0
1126.1113816738816,0.08838471047203321,0.7699797454910032,-0.01912360269629554,Продовольствие,2,naive,22176,11,25.1303863948533,0.7161267495251815,0.49029805898776,0.02976190476190476,1.0
899.9503750594985,0.07063409058222851,0.8720429325350111,0.43307571820692903,Продовольствие,2,prophet,22176,11,,,,,
1235.7661435786433,0.09699114544867463,0.7933658533209802,0.08449046605432431,Продовольствие,2,snaive,22176,11,37.31492066959174,1.0584351316833778,0.31475406581093757,0.23363095238095238,1.0
493.45055788856445,0.03872928149115747,0.9542877983108194,0.7974683413332403,Продовольствие,2,snaive_drift,22176,11,-45.16913692536202,-2.2222346030924847,0.05050293006721476,0.9627976190476191,0.0
563.8680812156026,0.04387761840291575,0.9482609593215705,0.7862097778099083,Продовольствие,3,chronos_bolt,20160,10,-38.22806676234919,-1.0168638966732582,0.3357734086303049,0.9940476190476191,0.0
1164.7027554466608,0.09063180690444622,0.7526239032681918,-0.02217957641529722,Продовольствие,3,chronos_bolt_raw,20160,10,27.5935688646465,0.5738021415853457,0.5801561660070218,0.06498015873015874,1.0
498.54707084465605,0.03879463807076003,0.958115720876207,0.8269305108341386,Продовольствие,3,ensemble,20160,10,-45.38400487282217,-1.3529982850077251,0.2090625762069158,0.9920634920634921,0.0
501.5007995892253,0.03902448364464059,0.9590506402763083,0.8307936792202661,Продовольствие,3,ensemble_fm,20160,10,-45.06042292007479,-1.2891320466072005,0.22949757728212608,0.9970238095238095,0.0
844.0436836907869,0.06567959404358442,0.8856446553299332,0.5274737562764525,Продовольствие,3,factor_national,20160,10,-7.534737617693965,-0.3073889774427465,0.7655413552908505,0.7217261904761905,7.686855337941789e-107
566.0950409982707,0.04405091016174682,0.9481415828304127,0.7857165037515907,Продовольствие,3,factor_panel,20160,10,-37.98410258774767,-1.0631770787567192,0.3153948935693396,0.9920634920634921,0.0
553.5636613251955,0.04307577588180696,0.9500409191244255,0.7935647267372943,Продовольствие,3,factor_region,20160,10,-39.356919341042264,-1.0788871442398484,0.30870250560141776,0.9915674603174603,0.0
685.8964693331686,0.053373305827893736,0.9267842892236166,0.6974663064981352,Продовольствие,3,lgbm,20160,10,-24.859816820543745,-0.6482466463217463,0.5330133225618336,0.9503968253968254,0.0
694.4015298643421,0.0540351304867324,0.9253544329809903,0.6915580159731736,Продовольствие,3,lgbm_no_events,20160,10,-23.92808464981825,-0.6493842564063883,0.5323108479712361,0.9489087301587301,4.061328388236078e-307
1241.4740079365079,0.0966057923689212,0.7498797154657397,-0.033518799414500755,Продовольствие,3,naive,20160,10,36.00388475475693,1.1237560778398774,0.29019589544246344,0.028769841269841268,1.0
912.822461045978,0.07103164188517215,0.8675556680378556,0.452728485361924,Продовольствие,3,prophet,20160,10,,,,,
1249.4397817460315,0.09722565221760196,0.7922318273170845,0.14148381532654775,Продовольствие,3,snaive,20160,10,36.87653788824752,0.7028222363377836,0.4999405322450436,0.24404761904761904,1.0
553.3475365070215,0.04305895804335297,0.9448781564459985,0.7722317417096887,Продовольствие,3,snaive_drift,20160,10,-39.38059588575901,-1.1495872113120764,0.27994506321876833,0.9375,1.4589323930422558e-307
613.0197545888435,0.047679167701031956,0.9405197978663233,0.7620397423121748,Продовольствие,4,chronos_bolt,18144,9,-36.214062887345435,-1.1347835055922018,0.28932036264783334,0.970734126984127,0.0
1194.426132901846,0.09289952480457737,0.7443401145791202,-0.022809103413379717,Продовольствие,4,chronos_bolt_raw,18144,9,24.282438907842163,0.6300258051387478,0.5462472621919623,0.07787698412698413,1.0
562.8634904518952,0.04377813692487574,0.948537726886118,0.7941167761357164,Продовольствие,4,ensemble,18144,9,-41.43292294217489,-1.5118738082502499,0.16901623029753493,0.9861111111111112,0.0
559.80388897371,0.04354016865242657,0.9503683307805811,0.801440405828026,Продовольствие,4,ensemble_fm,18144,9,-41.75128062317361,-1.4240748071299347,0.19223892799557588,0.9905753968253969,0.0
1064.5938801767275,0.082801491740642,0.8358498419837566,0.34329049835345626,Продовольствие,4,factor_national,18144,9,10.77313215952518,0.5458208032337323,0.6000741067338329,0.22767857142857142,1.0
617.2533840618356,0.048008448981310126,0.9404750350568355,0.761860661386111,Продовольствие,4,factor_panel,18144,9,-35.77354523469054,-1.2301662273639313,0.2535793240985214,0.9766865079365079,0.0
604.7513210176169,0.04703606928876012,0.9433802227029852,0.7734833387831308,Продовольствие,4,factor_region,18144,9,-37.074410012941996,-1.2428568660106412,0.24911157618331828,0.9836309523809523,0.0
1324.1021825396826,0.10298540877684288,0.7461732437068215,-0.015475371113302439,Продовольствие,4,naive,18144,9,37.77549241109228,0.9258460739305134,0.3816068188499924,0.023313492063492064,1.0
961.0578480742047,0.07474871399447203,0.8624540359807709,0.44972491908522527,Продовольствие,4,prophet,18144,9,,,,,
1237.029320987654,0.0962130959156817,0.7987029720626126,0.19467838168872875,Продовольствие,4,snaive,18144,9,28.7153862242995,0.5115676404021372,0.6227712674964538,0.27976190476190477,1.0
606.6874659235,0.047186657874152466,0.9356454088571231,0.7425389534262662,Продовольствие,4,snaive_drift,18144,9,-36.872950245482336,-1.3853391996654756,0.20334835032227805,0.9365079365079365,2.565088591809667e-304
686.4901049210681,0.053245711527319745,0.9258726097949366,0.6586071279798065,Продовольствие,5,chronos_bolt,16128,8,-27.062964731301832,-1.6513981009005232,0.1426401523930794,0.8581349206349206,9.924508812754691e-257
1296.6649199288986,0.10057223808355933,0.7281515557369284,-0.25199498976630896,Продовольствие,5,chronos_bolt_raw,16128,8,37.76585316901526,1.0995656999261434,0.307893018188181,0.11259920634920635,1.0
643.0531047471018,0.049876640415739665,0.9377896894842349,0.7134911060878761,Продовольствие,5,ensemble,16128,8,-31.677985386289,-2.988481956215273,0.020269866323612013,0.9384920634920635,0.0
638.6533480890595,0.04953538542586409,0.939356874456986,0.7207087590681623,Продовольствие,5,ensemble_fm,16128,8,-32.14544326258019,-2.5269390396792564,0.0394088199158233,0.9454365079365079,0.0
1339.0377315275962,0.10385876834351862,0.7674124072928987,-0.07117957412072173,Продовольствие,5,factor_national,16128,8,42.26780772284451,3.144008130761835,0.016287747310378856,0.041666666666666664,1.0
695.183552688148,0.05391999482530986,0.9267933141148456,0.6628474214959493,Продовольствие,5,factor_panel,16128,8,-26.13931805111116,-1.7614757217642008,0.12154014490202261,0.8621031746031746,2.0938396391100173e-263
695.3368616626027,0.05393188581306022,0.9289296089377248,0.6726861035680831,Продовольствие,5,factor_region,16128,8,-26.1230295394536,-1.8128621389158337,0.11274125909957386,0.8903769841269841,3.9666293373621345e-285
1212.573722718254,0.09404993631028066,0.7775947083383741,-0.024285099783061703,Продовольствие,5,naive,16128,8,28.831474402630807,1.729059366850057,0.12742455073373277,0.04117063492063492,1.0
941.2092257274459,0.07300229757237034,0.8688590091825227,0.39603162379114387,Продовольствие,5,prophet,16128,8,,,,,
1205.1444072420634,0.0934737019467334,0.8106941894353584,0.12815419266764894,Продовольствие,5,snaive,16128,8,28.042137104066978,1.1255789824134455,0.29745000637341384,0.28125,1.0
672.0040669125692,0.052122141944240315,0.9259514468612003,0.6589702112125896,Продовольствие,5,snaive_drift,16128,8,-28.602052705848923,-3.3633842700583485,0.012028548584658065,0.8893849206349206,2.8678116365623605e-266
707.5073309346083,0.05497658591821097,0.9204171364320135,0.6445645671942164,Продовольствие,6,chronos_bolt,14112,7,-24.14635321014613,-1.845794230784627,0.11445535569362854,0.7534722222222222,3.1086365814596873e-155
1420.578500933658,0.11038550781795488,0.6721249049924467,-0.4643658329872753,Продовольствие,6,chronos_bolt_raw,14112,7,52.303806809658624,1.3413650922967477,0.22834235939076614,0.10218253968253968,1.0
654.7974928539247,0.05088078815714788,0.9340455338150817,0.7054321347222671,Продовольствие,6,ensemble,14112,7,-29.797507997250506,-3.5544136663926555,0.012007864085191873,0.8893849206349206,1.1024262990845597e-287
649.6354492376405,0.050479673536880536,0.936083339848624,0.7145334467011651,Продовольствие,6,ensemble_fm,14112,7,-30.350943723020585,-3.1548810951919974,0.019692411974889707,0.8745039682539683,5.409404025092635e-278
1468.6481134692876,0.11412073863192987,0.7339660937545425,-0.18816881383751816,Продовольствие,6,factor_national,14112,7,57.45747130354608,8.23903598253452,0.00017273645666351302,0.03670634920634921,1.0
708.7084317611327,0.05506991699747855,0.923020856191085,0.656193380458518,Продовольствие,6,factor_panel,14112,7,-24.017580158800033,-2.03497535230856,0.08805495894609605,0.7678571428571429,3.7558972294910333e-175
711.1605661416673,0.055260459159460644,0.9245439276463454,0.6629957690334423,Продовольствие,6,factor_region,14112,7,-23.754680642357386,-2.013403451936827,0.09072571405763828,0.8134920634920635,9.903147875872162e-214
711.1605661416673,0.055260459159460644,0.9245439276463454,0.6629957690334423,Продовольствие,6,lgbm,14112,7,-23.754680642357386,-2.013403451936827,0.09072571405763828,0.8134920634920635,9.903147875872162e-214
711.1605661416673,0.055260459159460644,0.9245439276463454,0.6629957690334423,Продовольствие,6,lgbm_no_events,14112,7,-23.754680642357386,-2.013403451936827,0.09072571405763828,0.8134920634920635,9.903147875872162e-214
1225.6444869614513,0.09523823499271362,0.7668037080786709,-0.041508450835688215,Продовольствие,6,naive,14112,7,31.40443913294002,14.163653706237552,7.738248483090177e-06,0.051587301587301584,1.0
932.7268508193121,0.0724771823700434,0.8717531718275016,0.42722007183720323,Продовольствие,6,prophet,14112,7,,,,,
1144.955357142857,0.08896831709337864,0.8306306388505003,0.24355735034862536,Продовольствие,6,snaive,14112,7,22.753553855249507,1.8707041233215815,0.11057083336769043,0.3005952380952381,1.0
696.1381229642338,0.05409314597140557,0.9193864708316912,0.6399613767923573,Продовольствие,6,snaive_drift,14112,7,-25.365274694006878,-3.1825401183089865,0.01901471476987112,0.8472222222222222,3.883883004322224e-231
683.3034257473591,0.053312031997804626,0.9221212494088876,0.5056738966296037,Продовольствие,7,chronos_bolt,12096,6,-25.260130188632445,-2.144251322091958,0.084859709807082,0.6681547619047619,9.087876143740011e-91
1473.96961143534,0.11500061631139306,0.6615054254361963,-1.1485540379899306,Продовольствие,7,chronos_bolt_raw,12096,6,61.22310047560171,1.611937830116139,0.1678930139884735,0.1111111111111111,1.0
619.0838345831816,0.048301553826579385,0.9366666981111392,0.5979994016509771,Продовольствие,7,ensemble,12096,6,-32.284482331606355,-5.590925820126784,0.002526197947541447,0.847718253968254,1.270894922698254e-253
607.4197172141676,0.04739150746215075,0.9395295517988059,0.6161710248113689,Продовольствие,7,ensemble_fm,12096,6,-33.560305898085794,-4.309764004479801,0.0076443396828262,0.8194444444444444,7.718081517288739e-230
1421.6065499527372,0.11091519670997622,0.7378725424293743,-0.663822849028394,Продовольствие,7,factor_national,12096,6,55.49561799758853,5.377527390661671,0.0029963445064441737,0.0496031746031746,1.0
670.2933254106855,0.052296970665886414,0.9268245741802398,0.5355276910146061,Продовольствие,7,factor_panel,12096,6,-26.683177650061886,-2.5547999127538383,0.050967690653146554,0.689484126984127,1.0496386217385152e-116
671.3924434455831,0.052382724978886866,0.9286326097399119,0.5470039816097179,Продовольствие,7,factor_region,12096,6,-26.562955892435358,-2.7394519691735555,0.04081865079315967,0.7475198412698413,2.1716752776553623e-155
988.6814649470898,0.07713793888453854,0.8301386566505379,-0.07817466682346841,Продовольствие,7,naive,12096,6,8.142182800030007,3.059909070463561,0.028104926186628548,0.33630952380952384,1.0
914.2421942557787,0.07133011086633728,0.8785020583877595,0.22880627143038867,Продовольствие,7,prophet,12096,6,,,,,
1075.1082175925926,0.08388104250276476,0.8527597291106301,0.06540989916381468,Продовольствие,7,snaive,12096,6,17.595558851641456,1.2002336748070055,0.2838080388667957,0.33779761904761907,1.0
695.171595720453,0.05423799875506028,0.9181292219308612,0.4803349771838985,Продовольствие,7,snaive_drift,12096,6,-23.961987306181598,-4.3444001689647855,0.007398139203997287,0.7777777777777778,2.1268250876010616e-172
585.9333882993336,0.04611873557494241,0.9384250287966104,0.6855362427965872,Продовольствие,8,chronos_bolt,10080,5,-46.18253053964004,-22.76747300903014,2.2045855721811983e-05,0.810515873015873,3.665822453993329e-203
1482.8175161694724,0.11671236065348925,0.6556550872181559,-0.7585715905507278,Продовольствие,8,chronos_bolt_raw,10080,5,36.19549250019782,2.2669693962898267,0.08601515749784346,0.23065476190476192,1.0
608.0473922831229,0.04785932575566545,0.9400178441293283,0.6936707605116379,Продовольствие,8,ensemble,10080,5,-44.15137860699772,-44.54660850888886,1.5185708123789506e-06,0.8859126984126984,2.118901140419002e-281
551.8125000558653,0.043433085202550986,0.9473660638944879,0.7311981641132694,Продовольствие,8,ensemble_fm,10080,5,-49.31650429446063,-35.243562304746625,3.868162326540586e-06,0.8844246031746031,3.586841947355818e-275
1324.569735847823,0.10425669985361806,0.7679702684776397,-0.18497726805926473,Продовольствие,8,factor_national,10080,5,21.660572226497155,1.6460830425656914,0.17509201548838524,0.3179563492063492,1.0
563.8640191143774,0.044381658593033314,0.9426818222821824,0.7072757133468928,Продовольствие,8,factor_panel,10080,5,-48.20958280503172,-18.96234375843178,4.555894962363125e-05,0.84375,1.1147132290673542e-242
585.2848693852318,0.0460676907413281,0.9430611449747882,0.7092129166744483,Продовольствие,8,factor_region,10080,5,-46.24209643492968,-19.59120452439124,4.00313879753448e-05,0.8690476190476191,1.3003209815321999e-263
1179.3084325396826,0.09282320285495034,0.7916270102980252,-0.06416214187013591,Продовольствие,8,naive,10080,5,8.318448513000565,0.5489132551210583,0.6122660780124608,0.36904761904761907,1.0
1088.7419906112668,0.08569473079538203,0.8380518648632611,0.1729298763459033,Продовольствие,8,prophet,10080,5,,,,,
995.4288690476191,0.0783500679633882,0.8754691559294424,0.3640202122906697,Продовольствие,8,snaive,10080,5,-8.570728636199455,-1.671095499027453,0.17002238883336787,0.5595238095238095,3.2305098723350975e-10
724.0866126026482,0.05699275666284006,0.9162615876820204,0.5723474125098604,Продовольствие,8,snaive_drift,10080,5,-33.493277668466284,-38.790922208881874,2.63820874554528e-06,0.8125,5.937958735069727e-216
708.6720544309145,0.05572938449478807,0.9251543470712242,0.7388890498360616,Продовольствие,9,chronos_bolt,8064,4,-46.57330462004836,-3.2720537085165478,0.0467046329752269,0.8576388888888888,1.898026059092252e-239
1658.520125495063,0.13042465155519825,0.5689403521183376,-0.5038200594338071,Продовольствие,9,chronos_bolt_raw,8064,4,25.035619751508122,0.5542827526541059,0.6180256666748744,0.2757936507936508,1.0
678.0804532794689,0.05332368627059442,0.9340401086979557,0.7698884408560587,Продовольствие,9,ensemble,8064,4,-48.87960151109163,-3.8972251925963044,0.029976404283643142,0.9533730158730159,0.0
641.2723739401889,0.05042912934092877,0.9402085257762662,0.7914079437436587,Продовольствие,9,ensemble_fm,8064,4,-51.65455789618571,-4.283396436649706,0.023379712812529926,0.9310515873015873,1.5147467494766367e-305
1385.1204199797835,0.10892472473550995,0.754189818842765,0.14245213381979982,Продовольствие,9,factor_national,8064,4,4.424050983972805,0.181853754816435,0.8672911495108725,0.4965277777777778,0.9999979520251144
686.241018359876,0.05396542636210396,0.9299031486605818,0.7554559985714424,Продовольствие,9,factor_panel,8064,4,-48.26437755530958,-14.4421016607961,0.0007196709517183305,0.8978174603174603,7.719100732085178e-281
685.3295248730515,0.053893747267840075,0.9328224742799459,0.7656405297563796,Продовольствие,9,factor_region,8064,4,-48.333094932489765,-4.117897701741549,0.025950907729398218,0.9226190476190477,3.269266188138382e-297
1566.0210813492063,0.12315060319337261,0.6963419655122987,-0.0593592921882824,Продовольствие,9,naive,8064,4,18.062128665443076,4.672439214764216,0.018513543047957697,0.22569444444444445,1.0
1326.4381212258986,0.1043099972746967,0.7656002473403413,0.18225922628534397,Продовольствие,9,prophet,8064,4,,,,,
981.6943204365081,0.07719962978346738,0.883205974436274,0.5925454880133592,Продовольствие,9,snaive,8064,4,-25.990190968786177,-1.1750540605487905,0.324747677437781,0.7341269841269841,1.9554757976356974e-129
750.2371374286964,0.05899802825949995,0.9160066924238351,0.7069760034093797,Продовольствие,9,snaive_drift,8064,4,-43.4397183386644,-2.9533852923484676,0.05986139049491279,0.9246031746031746,1.2108250752368426e-304
679.2476352618276,0.05209641977028559,0.9331973786132042,0.8383993573320346,Продовольствие,10,chronos_bolt,6048,3,-56.59370480400641,-5.529246957245944,0.03118699091257979,0.9007936507936508,5.201795794371642e-281
2029.610800122458,0.1556655492407084,0.4378445411536661,-0.3598969852226308,Продовольствие,10,chronos_bolt_raw,6048,3,29.699215646342793,0.7691343250730281,0.5222277495152473,0.24751984126984128,1.0
616.7526726141007,0.04730322854133224,0.9461385948966362,0.8697051478069144,Продовольствие,10,ensemble,6048,3,-60.587351091643725,-6.67151418879547,0.021737425700135204,0.9776785714285714,0.0
587.5120246433592,0.04506055150874793,0.9512701489889057,0.8821187690388516,Продовольствие,10,ensemble_fm,6048,3,-62.4559305781971,-6.689381840057347,0.021625191995056994,0.9598214285714286,0.0
1206.1978942218898,0.09251205092410207,0.8121189856738487,0.5455014783863474,Продовольствие,10,factor_national,6048,3,-22.919743634882916,-1.2227975368071107,0.34594173426375274,0.71875,3.2247299577158603e-115
645.9605074751499,0.04954338889892533,0.9427486427705414,0.861504594732528,Продовольствие,10,factor_panel,6048,3,-58.720868477352624,-7.001126402741632,0.019797757205416367,0.9350198412698413,0.0
640.7439285198058,0.04914329168413314,0.9441962249961541,0.8650064066841765,Продовольствие,10,factor_region,6048,3,-59.05422608405464,-7.142364767253459,0.019044511140042925,0.9523809523809523,0.0
2069.5704365079364,0.1587303431140112,0.5137428763044167,-0.17629311634490064,Продовольствие,10,naive,6048,3,32.252775913363905,1.6765342987838638,0.23562712046118622,0.08134920634920635,1.0
1564.8597333515856,0.1200204245376235,0.7178682703687396,0.3175018003941963,Продовольствие,10,prophet,6048,3,,,,,
1030.2281746031747,0.07901565888059896,0.8796562908691135,0.7088793772927906,Продовольствие,10,snaive,6048,3,-34.164823041573676,-2.6213759024859082,0.11990806304499892,0.8531746031746031,1.458787620334388e-235
669.342248428605,0.05133670392636997,0.9319053166268949,0.835273760715916,Продовольствие,10,snaive_drift,6048,3,-57.22669360307323,-5.209031679619499,0.03493434869542635,0.9747023809523809,0.0
777.993417092868,0.057829405220157865,0.9228748429449677,0.8963561001047635,Продовольствие,11,chronos_bolt,4032,2,-57.47252961081388,,,0.9032738095238095,6.132563921706975e-291
2507.425501384432,0.1863806584903392,0.24418819701469352,-0.015690415934603186,Продовольствие,11,chronos_bolt_raw,4032,2,37.063452492539284,,,0.2361111111111111,1.0
687.8038417655131,0.051125480246436684,0.9414081503390553,0.9212619068431516,Продовольствие,11,ensemble,4032,2,-62.402564248484225,,,0.964781746031746,0.0
660.7905630953715,0.049117543155685964,0.9441994856780278,0.9250130159688039,Продовольствие,11,ensemble_fm,4032,2,-63.879191663986056,,,0.9518849206349206,0.0
930.1319499356612,0.0691380881370931,0.9078735360726402,0.8761967382682122,Продовольствие,11,factor_national,4032,2,-49.156177816086824,,,0.8784722222222222,2.0523365165818124e-274
740.0720223647786,0.05501065167538016,0.9321106640624519,0.9087675694087133,Продовольствие,11,factor_panel,4032,2,-59.54542760195839,,,0.9384920634920635,0.0
730.380600591329,0.05429027391307144,0.9351088658458622,0.9127966740144098,Продовольствие,11,factor_region,4032,2,-60.07518999254465,,,0.9518849206349206,0.0
2901.0699404761904,0.21564083380899707,0.16151195741419433,-0.1267940846733837,Продовольствие,11,naive,4032,2,58.581246678893194,,,0.010416666666666666,1.0
1829.3902975491717,0.13598129559773373,0.6687444361835904,0.5548453992588929,Продовольствие,11,prophet,4032,2,,,,,
988.5004960317463,0.07347670878624321,0.8948175386237031,0.858651561774574,Продовольствие,11,snaive,4032,2,-45.965576763141414,,,0.9692460317460317,0.0
719.9676041583517,0.05351626043551676,0.9327460556602596,0.9096214342910949,Продовольствие,11,snaive_drift,4032,2,-60.64439583379829,,,0.9598214285714286,0.0
1095.3441686660817,0.0740794687040804,0.8694419725569815,-1.7446293956210588,Продовольствие,12,chronos_bolt,2016,1,31.061813258128556,,,0.3804563492063492,1.0
3697.3838990226623,0.2500586050210847,-0.14870432963673297,-23.14840153259954,Продовольствие,12,chronos_bolt_raw,2016,1,342.40509237151616,,,0.023809523809523808,1.0
1142.85671883864,0.07729280070898385,0.8778088951556295,-1.5687374787095694,Продовольствие,12,ensemble,2016,1,36.74685833917983,,,0.3169642857142857,1.0
1114.2856715315918,0.07536050575971434,0.8797135494937087,-1.5286972729315598,Продовольствие,12,ensemble_fm,2016,1,33.32823123195225,,,0.34077380952380953,1.0
1163.6500499802457,0.07869907918073946,0.8720505124748184,-1.6897918993876648,Продовольствие,12,factor_national,2016,1,39.23485413178476,,,0.3189484126984127,1.0
1163.6500499802457,0.07869907918073946,0.8720505124748184,-1.6897918993876648,Продовольствие,12,factor_panel,2016,1,39.23485413178476,,,0.3189484126984127,1.0
1163.6500499802457,0.07869907918073946,0.8720505124748184,-1.6897918993876648,Продовольствие,12,factor_region,2016,1,39.23485413178476,,,0.3189484126984127,1.0
1163.6500499802457,0.07869907918073946,0.8720505124748184,-1.6897918993876648,Продовольствие,12,lgbm,2016,1,39.23485413178476,,,0.3189484126984127,1.0
1163.6500499802457,0.07869907918073946,0.8720505124748184,-1.6897918993876648,Продовольствие,12,lgbm_no_events,2016,1,39.23485413178476,,,0.3189484126984127,1.0
995.2375992063494,0.06730913870963112,0.896817975882698,-1.1691229718956064,Продовольствие,12,naive,2016,1,19.083707300417462,,,0.3948412698412698,1.0
835.7462341138086,0.05652254219784032,0.9090932451660981,-0.9110686371739143,Продовольствие,12,prophet,2016,1,,,,,
995.2375992063494,0.06730913870963112,0.896817975882698,-1.1691229718956064,Продовольствие,12,snaive,2016,1,19.083707300417462,,,0.3948412698412698,1.0
1132.2548636915533,0.0765757842505585,0.8777098885800734,-1.570818824169157,Продовольствие,12,snaive_drift,2016,1,35.47830878258764,,,0.3219246031746032,1.0
92.46279251014653,0.051691940834959295,0.9823635218913463,0.3232999751675586,Транспорт,1,chronos_bolt,24192,12,-37.75564417786511,-3.0125768330115905,0.011811352397851829,0.9206349206349206,1.893302491230077e-303
121.13798950588891,0.06772300096514147,0.9726816270332296,-0.04818794042132479,Транспорт,1,chronos_bolt_raw,24192,12,-18.451996552503402,-1.6408102982375108,0.12909110696942963,0.8125,3.140761358680115e-210
93.89286332569687,0.05249143146227425,0.9825214596827725,0.3293599439845536,Транспорт,1,ensemble,24192,12,-36.792945190765,-3.6620618407340277,0.003741100015181602,0.8258928571428571,1.3623218134912468e-231
88.31306899961983,0.04937201022974805,0.9849404588154287,0.4221753441485382,Транспорт,1,ensemble_fm,24192,12,-40.54916641249109,-3.780888278088079,0.003042387677228047,0.8888888888888888,1.1811033454603735e-281
111.42003412365108,0.06229011319463327,0.9757777610723186,0.07060867918880387,Транспорт,1,factor_national,24192,12,-24.9939563641678,-2.559443347729779,0.026544912273806145,0.9052579365079365,1.934694384454628e-294
99.56113432497574,0.055660316169050615,0.9793115412844362,0.20619749360856388,Транспорт,1,factor_panel,24192,12,-32.97716299992661,-2.879383121406351,0.014987815943465922,0.8968253968253969,9.78271681408766e-285
96.07540752236592,0.0537115973519376,0.9814356426563574,0.2876978613276935,Транспорт,1,factor_region,24192,12,-35.32369411271545,-3.3955863796274683,0.005975554392645973,0.8968253968253969,2.3006530221837487e-281
87.08849721327057,0.04868740520528721,0.9850453003641737,0.4261980451777446,Транспорт,1,lgbm,24192,12,-41.37352700046388,-4.358260644263068,0.0011395904539175002,0.9226190476190477,2.230509518357123e-307
87.30637279021235,0.04880920999970136,0.9850594554583267,0.42674116679793606,Транспорт,1,lgbm_no_events,24192,12,-41.226856923041886,-4.301689568253205,0.0012524166376391775,0.9211309523809523,1.1041403951283649e-306
119.07159391534394,0.06656776872838689,0.9736390782382068,-0.011451169610717571,Транспорт,1,naive,24192,12,-19.843058393871193,-1.756906791679574,0.10669487071557948,0.8040674603174603,1.7265977203008546e-200
148.54807522526497,0.08304679219858996,0.9589394147078302,-0.575467557392447,Транспорт,1,prophet,24192,12,,,,,
232.56097056878306,0.13001476166581324,0.9069245715728174,-2.5712427583294235,Транспорт,1,snaive,24192,12,56.556030911957066,6.451061264687169,4.7352144765675186e-05,0.1701388888888889,1.0
115.35772936071015,0.06449150797943627,0.9703806320284399,-0.13647560008261084,Транспорт,1,snaive_drift,24192,12,-22.343167903201355,-2.0228185399649368,0.06808587717165847,0.6190476190476191,1.069317968264965e-57
127.62932121096881,0.07048623732003824,0.9675590791579268,0.2632528555809006,Транспорт,2,chronos_bolt,22176,11,-23.781082048592538,-1.063053901929428,0.3127544869429654,0.8268849206349206,1.5437613706008355e-208
159.58294675945376,0.08813336426763953,0.952941394832221,-0.06872098811518979,Транспорт,2,chronos_bolt_raw,22176,11,-4.698705516132684,-0.50763237255243,0.6227189009090349,0.5798611111111112,4.766389838630579e-13
118.63624968284375,0.06551960607924603,0.9746319096674995,0.42387985215276747,Транспорт,2,ensemble,22176,11,-29.151651870869344,-1.7406713906103963,0.11236268338002615,0.7926587301587301,2.468548662736617e-186
115.13787704727514,0.06358754907631789,0.9766413342885203,0.46951474207064336,Транспорт,2,ensemble_fm,22176,11,-31.240844027843206,-1.6656873802250185,0.1267453954574383,0.8447420634920635,2.2292928987871585e-234
151.39805917033686,0.08361307125369574,0.957001248767438,0.023480025786074332,Транспорт,2,factor_national,22176,11,-9.586636202257647,-0.7442631490974214,0.4738435225634734,0.6235119047619048,4.3924771749912186e-60
131.80257049382308,0.07279101052227686,0.9654208384723796,0.2146924979132916,Транспорт,2,factor_panel,22176,11,-21.288860499009445,-1.074665014791331,0.30777047406339963,0.8263888888888888,9.107965568226682e-192
124.57745907454368,0.06880077604221384,0.9708924534646095,0.33895520736320384,Транспорт,2,factor_region,22176,11,-25.603622727867137,-1.5431152943233946,0.1538325368240375,0.8328373015873016,4.431871694535461e-213
158.94534632034632,0.08778123471433727,0.9543022742465485,-0.03781483636674032,Транспорт,2,naive,22176,11,-5.079473940606105,-0.5627987790434986,0.5859673200312935,0.5421626984126984,6.983009619871546e-14
167.4509749565554,0.09247866437171934,0.94867718405309,-0.16556303307500464,Транспорт,2,prophet,22176,11,,,,,
231.7892766955267,0.12801097592922697,0.9084750076925239,-1.0785715995478462,Транспорт,2,snaive,22176,11,38.42217207493934,3.0334912755187182,0.01260180666414641,0.3353174603174603,1.0
138.99694159574796,0.07676426795283602,0.9617931490136999,0.13230612353962512,Транспорт,2,snaive_drift,22176,11,-16.992456071509732,-1.0040839287726244,0.3390154095154256,0.5982142857142857,2.2148236694452192e-41
152.67487145612054,0.08313655652288106,0.9540123680953032,0.23342345794237795,Транспорт,3,chronos_bolt,20160,10,-15.168854564904933,-0.7055692463696425,0.4983101299374495,0.7157738095238095,1.5191788916280936e-88
196.55313485766214,0.10702973351145018,0.9268398622366648,-0.2195201861948648,Транспорт,3,chronos_bolt_raw,20160,10,9.21134178669558,0.9406179383141523,0.3714596064505146,0.4489087301587302,1.0
135.22362308624423,0.07363377009404798,0.9688385484130847,0.4805638643777642,Транспорт,3,ensemble,20160,10,-24.86533817330554,-1.602046124070322,0.14360923213137067,0.7698412698412699,5.085658031980551e-164
132.50566016203786,0.07215374868567678,0.9703859683964302,0.506358101019523,Транспорт,3,ensemble_fm,20160,10,-26.375527151436195,-1.4300062548058388,0.1864988150789062,0.8115079365079365,1.5046590997845229e-200
183.22477793944432,0.09977199890378087,0.9410259014513616,0.016949587009208678,Транспорт,3,factor_national,20160,10,1.8056713357782472,0.1621215509054691,0.8747915456689375,0.45783730158730157,0.9960075697192474
151.33892348529238,0.08240908832245554,0.9554245536896984,0.2569634469537374,Транспорт,3,factor_panel,20160,10,-15.911150893869674,-0.8206814628694122,0.433026474863492,0.7341269841269841,1.675701242352493e-106
141.61211985558012,0.07711251952867765,0.9642829171050088,0.4046251836848449,Транспорт,3,factor_region,20160,10,-21.315680699338547,-1.4200936804162254,0.18928027696115768,0.7633928571428571,2.2563320497393377e-151
177.13576896209437,0.09645633055452488,0.9463377100746481,0.105493130519979,Транспорт,3,lgbm,20160,10,-1.577580938723433,-0.1284481529182385,0.900618835868648,0.48115079365079366,0.40326252474106716
178.94015130815956,0.09743887688629403,0.9457714886375289,0.09605467819424818,Транспорт,3,lgbm_no_events,20160,10,-0.5750071702983806,-0.04695887510135479,0.9635715097564613,0.4751984126984127,0.8066363832628677
191.48328373015872,0.1042690305823803,0.9340450736989586,-0.09941515232389997,Транспорт,3,naive,20160,10,6.394366902553417,1.47220237690427,0.17505179472252172,0.373015873015873,1.0
179.97502058124772,0.09800239770013414,0.9430236834570891,0.05025099345930062,Транспорт,3,prophet,20160,10,,,,,
231.51785714285714,0.1260691902527345,0.9100104966303093,-0.5000520674249989,Транспорт,3,snaive,20160,10,28.638883549031725,2.4368026584098046,0.03756111114405164,0.43898809523809523,1.0
157.62734583171482,0.08583334389809132,0.9541571142288802,0.23583625864460944,Транспорт,3,snaive_drift,20160,10,-12.417098038027053,-0.7105775818336205,0.495346145701701,0.5912698412698413,2.5051564892579045e-32
165.97379598307782,0.08941029650769805,0.9457015864134768,0.2529552178308563,Транспорт,4,chronos_bolt,18144,9,-14.463415649146238,-0.66415863467145,0.5252645867445533,0.6656746031746031,2.2227269645628627e-62
232.65576227379853,0.12533195716777923,0.8987453433231766,-0.3930750079874008,Транспорт,4,chronos_bolt_raw,18144,9,19.9019346190886,1.3652204645643033,0.2093360106793491,0.42162698412698413,1.0
137.53198781757686,0.0740886580151267,0.9669706038588494,0.5455771832794682,Транспорт,4,ensemble,18144,9,-29.121242258638357,-1.6477891426772378,0.13800946109849646,0.8278769841269841,5.340107866329628e-215
136.37039214827726,0.07346290494007668,0.9676683218782945,0.5551764804121808,Транспорт,4,ensemble_fm,18144,9,-29.71988450430202,-1.5548396603602073,0.15859257495476575,0.847718253968254,2.39516368481109e-239
205.17398816581695,0.11052749025179245,0.9239729799217435,-0.04598983472745277,Транспорт,4,factor_national,18144,9,5.738873063647976,0.5073304308700652,0.625609753406361,0.41865079365079366,0.9999999999903276
154.8034229065885,0.08339280222220044,0.9527207228488004,0.3495254286895264,Транспорт,4,factor_panel,18144,9,-20.220201250320603,-0.9929743221641409,0.3498029426522897,0.7564484126984127,5.319713116518738e-138
144.1574002283822,0.07765777616794815,0.9624592340194915,0.48350915815094,Транспорт,4,factor_region,18144,9,-25.706756591311553,-1.4464077580643762,0.18607880562009754,0.7881944444444444,2.9375337466073393e-183
215.57528659611992,0.11613068304020865,0.9161753653362037,-0.15327045131878836,Транспорт,4,naive,18144,9,11.099306831353829,0.7497977653313691,0.4748463963656423,0.3472222222222222,1.0
194.03837228557887,0.10452871971243918,0.9360875678693443,0.12068427445187291,Транспорт,4,prophet,18144,9,,,,,
231.34496252204585,0.12462582766238203,0.9116583859656805,-0.21541565312174682,Транспорт,4,snaive,18144,9,19.226398261865675,1.9492585775832794,0.08709189132616928,0.4756944444444444,0.9999999999999869
161.1790995697965,0.08682738740788094,0.9518031939805153,0.33690194471886215,Транспорт,4,snaive_drift,18144,9,-16.934419892690734,-1.0366947817068657,0.3301950639388171,0.7018849206349206,1.1628848986298317e-85
179.00003555168422,0.09544703124054327,0.9373899177433235,0.1969455881269898,Транспорт,5,chronos_bolt,16128,8,-12.630969303023054,-1.1480112266610698,0.2886789844271818,0.5753968253968254,3.585543017665909e-24
280.148747338189,0.14938190462798262,0.8587072621433014,-0.8122601410468342,Транспорт,5,chronos_bolt_raw,16128,8,36.739215891622635,14.931339398678267,1.4497737160136089e-06,0.3978174603174603,1.0
146.98563541888143,0.07837619971693394,0.9630085438475938,0.5255372458542164,Транспорт,5,ensemble,16128,8,-28.257039428246745,-2.90002054582082,0.022985256587461086,0.8368055555555556,5.016801575229823e-224
142.4986509026878,0.07598363398378744,0.9640606231821148,0.5390315094101069,Транспорт,5,ensemble_fm,16128,8,-30.447114344846337,-2.935938099733559,0.02183902779595024,0.8556547619047619,9.992777286925317e-250
215.72169661797548,0.11502788506661372,0.9159091668669075,-0.07857252556805161,Транспорт,5,factor_national,16128,8,5.2926915669682995,0.3801959591182253,0.7150732848294554,0.4419642857142857,0.9999999628553864
160.98875692924858,0.08584299363206264,0.948558946909636,0.3402026774816236,Транспорт,5,factor_panel,16128,8,-21.422185181865817,-1.9303510066307812,0.09487329042893385,0.6904761904761905,7.193675169891574e-106
153.1790386042338,0.08167866804044956,0.9580300096984564,0.461681175569325,Транспорт,5,factor_region,16128,8,-25.234070011776623,-2.620447623133586,0.0343868050591089,0.7470238095238095,1.7693560959069798e-154
235.05301339285714,0.125335798081526,0.8980839656631252,-0.30720353759159824,Транспорт,5,naive,16128,8,14.72821152936492,1.3168645124425726,0.22935554452268292,0.37351190476190477,1.0
204.87812915369543,0.10924583972046496,0.929999035490795,0.10214806691954958,Транспорт,5,prophet,16128,8,,,,,
231.0811011904762,0.12321788102694593,0.9131294719174072,-0.11422566979657978,Транспорт,5,snaive,16128,8,12.789540857786651,1.231630455247617,0.25785378829152134,0.5128968253968254,0.9999894596553381
173.75036369410918,0.09264778266917698,0.9437659874343663,0.2787268398239683,Транспорт,5,snaive_drift,16128,8,-15.193308133068129,-5.221953260264899,0.0012231831151940222,0.7003968253968254,1.487132536253459e-83
193.8272644295004,0.10231371867593504,0.9314471752416283,0.06922171484192274,Транспорт,6,chronos_bolt,14112,7,-7.868776764487206,-19.722300232452067,1.1018030943186735e-06,0.5466269841269841,1.5686680747627571e-06
326.6091060054546,0.17240398190211853,0.8202566641618396,-1.4404711912269468,Транспорт,6,chronos_bolt_raw,14112,7,55.245943055057545,25.687853344096727,2.2941225633335328e-07,0.39186507936507936,1.0
153.20040250023578,0.08086841099772284,0.9602075554701515,0.45971674526486483,Транспорт,6,ensemble,14112,7,-27.179798342284144,-13.742212712712131,9.23194101275316e-06,0.777281746031746,3.7520621269148972e-180
147.43863093173476,0.07782700050746112,0.9623370904962307,0.48863057874648397,Транспорт,6,ensemble_fm,14112,7,-29.918520699905184,-5.562485555765782,0.0014294870949901246,0.7723214285714286,6.2761430257448555e-186
206.90484836840952,0.10921685610618623,0.9248125833506339,-0.0208596798313061,Транспорт,6,factor_national,14112,7,-1.652655369991507,-0.45821359685499724,0.6629259106519941,0.5009920634920635,0.3314609626277774
165.434441849611,0.08732627472471967,0.9484769694892402,0.3004443193408174,Транспорт,6,factor_panel,14112,7,-21.364635993030102,-40.72572290372465,1.4654605599004615e-08,0.6240079365079365,3.60789816978548e-58
159.0054845886442,0.08393268339217824,0.9557527549559414,0.3992315413662261,Транспорт,6,factor_region,14112,7,-24.42048934949709,-4.989901071642549,0.002477141303871735,0.7058531746031746,3.440955576878268e-105
159.0054845886442,0.08393268339217824,0.9557527549559414,0.3992315413662261,Транспорт,6,lgbm,14112,7,-24.42048934949709,-4.989901071642549,0.002477141303871735,0.7058531746031746,3.440955576878268e-105
159.0054845886442,0.08393268339217824,0.9557527549559414,0.3992315413662261,Транспорт,6,lgbm_no_events,14112,7,-24.42048934949709,-4.989901071642549,0.002477141303871735,0.7058531746031746,3.440955576878268e-105
256.9825680272109,0.13565089641616818,0.8818054585646374,-0.6047903639275987,Транспорт,6,naive,14112,7,22.15060875072037,1.6365965976314898,0.15283013632567422,0.3814484126984127,1.0
210.3817333826389,0.11105216568588588,0.928056343003691,0.023182576019994072,Транспорт,6,prophet,14112,7,,,,,
232.23667800453515,0.12258852339234332,0.9137789989668414,-0.17066854311434776,Транспорт,6,snaive,14112,7,10.388232985107514,1.0928252289329414,0.31639450829424465,0.5282738095238095,0.9943732907121493
183.5778854295514,0.0969034783638182,0.9363697534706742,0.13605818640582024,Транспорт,6,snaive_drift,14112,7,-12.740577578727851,-4.4715767241470195,0.0042302945911682965,0.6651785714285714,6.646441813742414e-57
222.08251998894582,0.11668164451678217,0.9138037868136152,-0.3111515143836705,Транспорт,7,chronos_bolt,12096,6,4.881131475222533,0.9329363369770511,0.3936772286202536,0.5119047619047619,0.9548736309604761
353.91392368235915,0.1859455603921465,0.7951265401656582,-2.116379910309674,Транспорт,7,chronos_bolt_raw,12096,6,67.1400917212619,40.17563783935498,1.8014052516021612e-07,0.3958333333333333,1.0
163.30152525534973,0.08579824526415439,0.9558502860360837,0.3284279879184019,Транспорт,7,ensemble,12096,6,-22.878897712151236,-6.090607257370814,0.0017261916014672416,0.6676587301587301,1.175851460196277e-95
160.69848439772758,0.08443061359270701,0.9571690166889709,0.3484875198709084,Транспорт,7,ensemble_fm,12096,6,-24.108214951694606,-7.905655065683556,0.0005210790502922634,0.6403769841269841,4.710800807554412e-71
195.9589369293315,0.10295637414332696,0.9345346273568959,0.004190331481343845,Транспорт,7,factor_national,12096,6,-7.456043686585268,-1.8870706520745246,0.11780223484581603,0.5267857142857143,5.9915758163307944e-05
184.6832493474138,0.09703215385718691,0.9414390667876815,0.10921543503281639,Транспорт,7,factor_panel,12096,6,-12.781122273641587,-2.656056837393397,0.045096984471090784,0.5540674603174603,5.372857968494273e-13
177.05887512812063,0.0930263252023123,0.9469146145376386,0.1925053205050743,Транспорт,7,factor_region,12096,6,-16.381824368294453,-3.493026015291876,0.017413920814068846,0.5972222222222222,4.9388213690532696e-30
278.44775132275134,0.14629580724298252,0.8739499098944981,-0.9173785067872622,Транспорт,7,naive,12096,6,31.500287446824625,10.00725937958703,0.00017035368684157657,0.3943452380952381,1.0
211.74687654986954,0.11125132125824504,0.9267506618299953,-0.11421345693610463,Транспорт,7,prophet,12096,6,,,,,
228.5147982804233,0.12006114871673697,0.9176793876077118,-0.2521988102858881,Транспорт,7,snaive,12096,6,7.918851982028952,1.2663118222296885,0.26118975198656386,0.535218253968254,0.933976520295602
193.93390850254858,0.10189242887180346,0.9320138754296172,-0.034153437747709736,Транспорт,7,snaive_drift,12096,6,-8.41238762883274,-1.2567707477777543,0.2643514651250541,0.597718253968254,3.676160437320742e-21
234.2964647165957,0.1242951674967517,0.9034793919171352,-0.7110311058606078,Транспорт,8,chronos_bolt,10080,5,8.199454662191474,0.8960427127005489,0.42088072756112255,0.4975198412698413,0.9957949952111065
355.32625583164275,0.1885019329592102,0.7903991743140868,-2.7156161744730265,Транспорт,8,chronos_bolt_raw,10080,5,64.09170814696832,19.8621685603552,3.790888151047064e-05,0.4027777777777778,1.0
165.646901681149,0.08787631266515651,0.9540492695768283,0.18542650473603983,Транспорт,8,ensemble,10080,5,-23.503308297624294,-2.979406527763547,0.04076280522445356,0.7033730158730159,1.6291615939939674e-105
165.24726456859975,0.08766430365382845,0.9562582060296123,0.22458455664489219,Транспорт,8,ensemble_fm,10080,5,-23.687863014200595,-3.5472723880112857,0.02385695536638122,0.6388888888888888,1.1644476186385593e-57
168.61667612651436,0.08945178932700354,0.9506792476592374,0.12568576705357748,Транспорт,8,factor_national,10080,5,-22.131849381900047,-10.428491267435225,0.0004776402896000653,0.6021825396825397,9.175221247850225e-37
188.94517955819896,0.1002361378747115,0.9396789739072557,-0.06931725806685729,Транспорт,8,factor_panel,10080,5,-12.744029603794093,-1.4386761292753976,0.22363700713302995,0.5659722222222222,1.0013400580292892e-12
176.70964241972345,0.09374513878994462,0.9479108012367693,0.0766092222841459,Транспорт,8,factor_region,10080,5,-18.394471011364633,-3.4112318486730304,0.02699679617641388,0.6150793650793651,1.585744820502393e-36
275.48303571428573,0.1461448003837311,0.882567098506787,-1.0817455598067567,Транспорт,8,naive,10080,5,27.219649980742687,9.85928410334721,0.0005936853887556095,0.41021825396825395,1.0
216.5412621053318,0.1148759648417938,0.9223061599639889,-0.37728698229133184,Транспорт,8,prophet,10080,5,,,,,
220.45416666666668,0.11695177562467614,0.9235349472187151,-0.35550413967272143,Транспорт,8,snaive,10080,5,1.8070018264840115,0.8510947749240051,0.4426676720944509,0.53125,0.28292434566818087
204.7724166236239,0.10863254745962508,0.925809988544002,-0.31517423964409486,Транспорт,8,snaive_drift,10080,5,-5.434920516895847,-0.5994085891082358,0.5811988196527325,0.5441468253968254,5.63611295000391e-10
248.01647858652206,0.13362767540805875,0.8877135200987042,-0.971715447713458,Транспорт,9,chronos_bolt,8064,4,5.087648032122449,0.34556971047690804,0.7524785201060276,0.5158730158730159,0.9230507209567488
349.70575308799744,0.18841637913858006,0.7847534156972011,-2.779662660281576,Транспорт,9,chronos_bolt_raw,8064,4,48.174650752084666,5.694099028651408,0.01073890450233583,0.4270833333333333,1.0
173.18224684939997,0.09330807856122642,0.949777466986449,0.11810803711039919,Транспорт,9,ensemble,8064,4,-26.62054107839069,-2.2071725862951452,0.11440301799553507,0.6716269841269841,1.3705545662827934e-107
173.56278898931006,0.09351310913758488,0.9521228827279354,0.1592928035476766,Транспорт,9,ensemble_fm,8064,4,-26.45930066933331,-2.10208364150609,0.1263144381902507,0.6334325396825397,3.4495611183140406e-67
150.22969890678064,0.08094157919092644,0.9593876796233046,0.28686036355749955,Транспорт,9,factor_national,8064,4,-36.34581938804521,-3.720329964038358,0.033799446710091906,0.7237103174603174,4.200333558659219e-117
193.6263930906156,0.10432308753758765,0.9341102674766496,-0.15700308332934543,Транспорт,9,factor_panel,8064,4,-17.958103579244376,-1.1647327349073535,0.3283256286802601,0.5972222222222222,1.9252617317854435e-25
171.86290209634876,0.09259723477610045,0.9497975254269536,0.11846025704849561,Транспорт,9,factor_region,8064,4,-27.179563760398917,-2.3057813314395434,0.10443358336275861,0.6547619047619048,1.7391986200083003e-69
266.078125,0.14335902809087409,0.8864614773128572,-0.9937009272139525,Транспорт,9,naive,8064,4,12.740590901070025,2.4481690340693207,0.09182906421884737,0.4375,0.9999999998537115
236.0091630471263,0.12715830824114782,0.906699067560664,-0.638335175690065,Транспорт,9,prophet,8064,4,,,,,
219.47854662698413,0.11825185227550004,0.9228890891204823,-0.35404346366588935,Транспорт,9,snaive,8064,4,-7.004226533713576,-2.1828735174314207,0.11703323163962262,0.5520833333333334,2.005569061074866e-05
212.52258022590271,0.11450407863686737,0.9193948781642897,-0.4154007145651146,Транспорт,9,snaive_drift,8064,4,-9.951555489620457,-1.9600457116128238,0.14484574768280845,0.6076388888888888,2.1175038617868937e-35
264.20568112995113,0.14202495570809867,0.8747200458091439,-1.022536624491548,Транспорт,10,chronos_bolt,6048,3,0.96340019727994,0.0790133404033139,0.9442161295384637,0.5267857142857143,0.30255691402920604
365.4219982914193,0.1964342435792548,0.7640805786318099,-2.8087152348339934,Транспорт,10,chronos_bolt_raw,6048,3,39.64214280555025,3.7982110488949914,0.0628528237994979,0.4365079365079365,1.0
171.06172338083852,0.09195500105300523,0.9508836785371849,0.20705942414772704,Транспорт,10,ensemble,6048,3,-34.630575836705155,-3.238471060771246,0.08357087650919695,0.6969246031746031,2.1275710187876051e-131
181.20624802041246,0.09740823603437776,0.94952181124992,0.1850732533833752,Транспорт,10,ensemble_fm,6048,3,-30.75395328787851,-3.0002496577507167,0.0954522813654804,0.6607142857142857,1.0204212689562625e-85
136.7813624238582,0.07352743838383582,0.9665020209898573,0.4592040695413363,Транспорт,10,factor_national,6048,3,-47.730452370035536,-7.839078093697604,0.015886344775176076,0.8080357142857143,9.456107043607048e-190
196.8199292723341,0.10580144082377,0.9322408225716595,-0.09391337887511964,Транспорт,10,factor_panel,6048,3,-24.787350518216034,-1.8557073650557516,0.20463879972279272,0.6364087301587301,2.215744733734138e-51
171.7651576593774,0.09233313532258554,0.9509864831558967,0.20871911589852954,Транспорт,10,factor_region,6048,3,-34.36176588427393,-3.426206358597089,0.0756473441603717,0.6800595238095238,1.597324127340115e-96
280.98925264550263,0.15104704028601312,0.8741824400479277,-1.031215805040583,Транспорт,10,naive,6048,3,7.377064129172561,0.43100181748601557,0.7084737880174767,0.4632936507936508,0.9999766355531171
261.68461107064525,0.1406697431253162,0.8896116063711104,-0.7821252448184102,Транспорт,10,prophet,6048,3,,,,,
223.5497685185185,0.12017018648733013,0.9214708057910613,-0.26778599501579703,Транспорт,10,snaive,6048,3,-14.572825813525492,-5.348089489703101,0.03322964198427271,0.5813492063492064,8.056657846961036e-17
206.43774451989833,0.1109715407955118,0.9214732530504808,-0.267746486126786,Транспорт,10,snaive_drift,6048,3,-21.11200437989543,-1.510070040301401,0.2701066582542608,0.6755952380952381,1.897949278596748e-95
247.7809268318282,0.1338753498613453,0.8871481063441511,-0.5323709048252814,Транспорт,11,chronos_bolt,4032,2,-16.795402620611178,,,0.5689484126984127,6.41630368242389e-25
359.04821285368905,0.19399275693848106,0.7654508856899747,-2.1848489810662044,Транспорт,11,chronos_bolt_raw,4032,2,20.568045217444997,,,0.48313492063492064,0.9999999999570923
169.49938233588767,0.09158004775282837,0.9513845493432049,0.33987016346729426,Транспорт,11,ensemble,4032,2,-43.08227011805239,,,0.6904761904761905,9.253004258217145e-148
174.35479868488187,0.09420341578504687,0.9511187223657944,0.3362606048439911,Транспорт,11,ensemble_fm,4032,2,-41.45182596888848,,,0.6746031746031746,1.1931851077875383e-126
134.55460559313977,0.07269948147164258,0.9679123561936597,0.5642946681676289,Транспорт,11,factor_national,4032,2,-54.816692603954095,,,0.8487103174603174,3.7572299289064626e-230
189.61194938676923,0.10244681213608542,0.936068641370463,0.13190155081836497,Транспорт,11,factor_panel,4032,2,-36.328489408892494,,,0.6770833333333334,6.581857377033265e-123
169.5208575464957,0.091591650749759,0.9520357940961964,0.34871315651841306,Транспорт,11,factor_region,4032,2,-43.07505876294477,,,0.6974206349206349,3.4608130057304344e-140
264.406746031746,0.1428582340186523,0.8792232661800723,-0.6399791522319112,Транспорт,11,naive,4032,2,-11.212468492793636,,,0.5262896825396826,6.086467743249284e-10
297.7971586137471,0.16089898164029637,0.8560493114754805,-0.9546490508811036,Транспорт,11,prophet,4032,2,,,,,
220.26463293650792,0.1190083723291166,0.9220927683694532,-0.057871260806676705,Транспорт,11,snaive,4032,2,-26.03534769712208,,,0.6646825396825397,6.958808742525179e-59
192.94387951953306,0.10424704477683289,0.9250486687088488,-0.017734267700771245,Транспорт,11,snaive_drift,4032,2,-35.2096304687085,,,0.689484126984127,2.3429878197942873e-124
192.30304518501615,0.10037000000854168,0.9440392695389012,-0.3093725035750057,Транспорт,12,chronos_bolt,2016,1,-39.422876336583855,,,0.6765873015873016,4.6521842495711437e-91
397.2850497412303,0.20735761312337128,0.7396020552323337,-5.0928066173697,Транспорт,12,chronos_bolt_raw,2016,1,25.148229268270295,,,0.4255952380952381,1.0
130.16857149070808,0.06793974327897032,0.9708311863159096,0.31750636052901093,Транспорт,12,ensemble,2016,1,-58.99577333943722,,,0.7678571428571429,2.1262442983322748e-184
128.80745992624998,0.06722932931956137,0.9711018054049183,0.32383832208796337,Транспорт,12,ensemble_fm,2016,1,-59.424535262996756,,,0.7514880952380952,5.111643340635202e-167
131.5564454615157,0.06866412551809603,0.9703121307288458,0.30536146699512934,Транспорт,12,factor_national,2016,1,-58.558581026242386,,,0.7797619047619048,6.757229412675479e-187
131.5564454615157,0.06866412551809603,0.9703121307288458,0.30536146699512934,Транспорт,12,factor_panel,2016,1,-58.558581026242386,,,0.7797619047619048,6.757229412675479e-187
131.5564454615158,0.0686641255180961,0.9703121307288457,0.30536146699512834,Транспорт,12,factor_region,2016,1,-58.55858102624234,,,0.7797619047619048,6.757229412675479e-187
131.5564454615158,0.0686641255180961,0.9703121307288457,0.30536146699512834,Транспорт,12,lgbm,2016,1,-58.55858102624234,,,0.7797619047619048,6.757229412675479e-187
131.5564454615158,0.0686641255180961,0.9703121307288457,0.30536146699512834,Транспорт,12,lgbm_no_events,2016,1,-58.55858102624234,,,0.7797619047619048,6.757229412675479e-187
229.19246031746033,0.11962393638586856,0.9199871042696203,-0.8721464987595511,Транспорт,12,naive,2016,1,-27.80239128290627,,,0.6423611111111112,2.9292656681488743e-50
317.451594852055,0.16568961010137448,0.8505249049273235,-2.497427175177357,Транспорт,12,prophet,2016,1,,,,,
229.19246031746033,0.11962393638586856,0.9199871042696203,-0.8721464987595511,Транспорт,12,snaive,2016,1,-27.80239128290627,,,0.6423611111111112,2.9292656681488743e-50
135.31429898584472,0.07062548685746599,0.9679032853316482,0.24899915895402291,Транспорт,12,snaive_drift,2016,1,-57.37482464093257,,,0.7569444444444444,4.931851814878839e-170
