territory_id,name,short,region,mo_type,lat,lon,population,wage
1,городской округ город Майкоп,Майкоп,Республика Адыгея,городской округ,44.667326953828365,40.03169838835568,161898.0,57440.5
2,городской округ город Адыгейск,Адыгейск,Республика Адыгея,городской округ,44.87055092905199,39.2088623973174,15661.0,47407.2
3,Гиагинский муниципальный район,Гиагинский,Республика Адыгея,муниципальный район,44.837814043790765,40.195544684254976,31872.0,54547.7
4,Кошехабльский муниципальный район,Кошехабльский,Республика Адыгея,муниципальный район,44.78073885021015,40.53682412662726,30319.0,51262.1
5,Красногвардейский муниципальный район,Красногвардейский,Республика Адыгея,муниципальный район,45.07579769245317,39.669242815394206,32095.0,48849.1
6,Майкопский муниципальный район,Майкопский,Республика Адыгея,муниципальный район,44.24612275808245,40.16802322904852,59156.0,47965.8
7,Тахтамукайский муниципальный район,Тахтамукайский,Республика Адыгея,муниципальный район,44.94446345394075,38.92638278910725,131043.0,75708.3
8,Теучежский муниципальный район,Теучежский,Республика Адыгея,муниципальный район,44.9116752003606,39.35767139154338,22260.0,74168.0
9,Шовгеновский муниципальный район,Шовгеновский,Республика Адыгея,муниципальный район,45.017731927233015,40.14196597081477,16287.0,42776.6
10,городской округ город Горно-Алтайск,Горно-Алтайск,Республика Алтай,городской округ,51.936763933917554,85.96074005124264,64508.0,73499.3
11,Кош-Агачский муниципальный район,Кош-Агачский,Республика Алтай,муниципальный район,49.79577274691695,87.98988015707728,18620.0,70732.2
12,Майминский муниципальный район,Майминский,Республика Алтай,муниципальный район,51.848980310707205,86.01747020359242,30941.0,73551.6
13,Онгудайский муниципальный район,Онгудайский,Республика Алтай,муниципальный район,50.73196515511987,86.46401407324883,14025.0,46742.2
14,Турочакский муниципальный район,Турочакский,Республика Алтай,муниципальный район,52.02806568935424,87.4815501070271,10794.0,57696.8
15,Улаганский муниципальный район,Улаганский,Республика Алтай,муниципальный район,50.78773728053179,88.39226136461627,11926.0,63315.0
16,Усть-Канский муниципальный район,Усть-Канский,Республика Алтай,муниципальный район,50.91043327601847,84.68219241804218,14207.0,45304.0
17,Усть-Коксинский муниципальный район,Усть-Коксинский,Республика Алтай,муниципальный район,50.09561136257983,85.64658520570451,15634.0,47699.6
18,Чемальский муниципальный район,Чемальский,Республика Алтай,муниципальный район,51.34412101839298,86.20900403676777,10557.0,65317.7
19,Чойский муниципальный район,Чойский,Республика Алтай,муниципальный район,51.69291161138586,86.6994549709036,7439.0,55749.4
20,Шебалинский муниципальный район,Шебалинский,Республика Алтай,муниципальный район,51.32859875105686,85.50092667928732,12114.0,50870.5
21,городской округ город Уфа,Уфа,Республика Башкортостан,городской округ,54.75109487733116,56.052402784525945,1186715.0,87313.0
22,городской округ город Агидель,Агидель,Республика Башкортостан,городской округ,55.87810885098338,53.99196640628897,13728.0,63802.6
23,городской округ город Кумертау,Кумертау,Республика Башкортостан,городской округ,52.80018123467925,55.83241840425386,61143.0,60446.9
25,городской округ город Нефтекамск,Нефтекамск,Республика Башкортостан,городской округ,56.18956873137521,54.38976944911235,144598.0,63974.7
26,городской округ город Октябрьский,Октябрьский,Республика Башкортостан,городской округ,54.4923567242332,53.48382741145251,116427.0,68419.2
27,городской округ город Салават,Салават,Республика Башкортостан,городской округ,53.378067575552514,55.91451477843879,146633.0,73747.8
28,городской округ город Сибай,Сибай,Республика Башкортостан,городской округ,52.79125571883822,58.69108717330202,56470.0,56023.4
29,городской округ город Стерлитамак,Стерлитамак,Республика Башкортостан,городской округ,53.65019289369484,55.970251895796224,280497.0,65443.6
30,Абзелиловский муниципальный район,Абзелиловский,Республика Башкортостан,муниципальный район,53.39766286727516,58.54805227860741,43983.0,52673.4
31,Альшеевский муниципальный район,Альшеевский,Республика Башкортостан,муниципальный район,53.96225931805557,54.924573931226085,35536.0,60609.4
32,Архангельский муниципальный район,Архангельский,Республика Башкортостан,муниципальный район,54.49003880166816,56.91745124122973,16616.0,46871.6
33,Аскинский муниципальный район,Аскинский,Республика Башкортостан,муниципальный район,56.12004679746268,56.766317427287525,17418.0,47944.1
34,Аургазинский муниципальный район,Аургазинский,Республика Башкортостан,муниципальный район,54.03888369222951,55.856681059184766,29757.0,47303.5
35,Баймакский муниципальный район,Баймакский,Республика Башкортостан,муниципальный район,52.68391928068912,58.2446585076237,53399.0,47395.4
36,Бакалинский муниципальный район,Бакалинский,Республика Башкортостан,муниципальный район,55.13431790687014,53.75545482809095,24813.0,43414.8
37,Балтачевский муниципальный район,Балтачевский,Республика Башкортостан,муниципальный район,55.94422274908649,56.0001838383442,17837.0,45217.8
38,Белебеевский муниципальный район,Белебеевский,Республика Башкортостан,муниципальный район,54.132864905013925,54.19794831140674,94978.0,58297.8
39,Белокатайский муниципальный район,Белокатайский,Республика Башкортостан,муниципальный район,55.790245832930005,58.98267687358839,17369.0,50585.9
40,Белорецкий муниципальный район,Белорецкий,Республика Башкортостан,муниципальный район,54.06431383281913,57.893761455800174,96915.0,57286.0
41,Бижбулякский муниципальный район,Бижбулякский,Республика Башкортостан,муниципальный район,53.6663847509239,54.21171414456946,20951.0,50782.7
42,Бирский муниципальный район,Бирский,Республика Башкортостан,муниципальный район,55.35606658182066,55.53108657748263,61478.0,50586.9
43,Благоварский муниципальный район,Благоварский,Республика Башкортостан,муниципальный район,54.72571063056697,54.93392214207295,23850.0,57138.2
44,Благовещенский муниципальный район,Благовещенский,Республика Башкортостан,муниципальный район,55.2074377948752,56.21765907238151,48718.0,75715.0
45,Буздякский муниципальный район,Буздякский,Республика Башкортостан,муниципальный район,54.65097374953429,54.49885685693124,25432.0,52308.9
46,Бураевский муниципальный район,Бураевский,Республика Башкортостан,муниципальный район,55.80845333392964,55.38269349935957,20840.0,71323.4
47,Бурзянский муниципальный район,Бурзянский,Республика Башкортостан,муниципальный район,53.20916716894795,57.46225035381736,17061.0,37911.8
48,Гафурийский муниципальный район,Гафурийский,Республика Башкортостан,муниципальный район,53.98826829143152,56.645906163125765,29525.0,48074.0
49,Давлекановский муниципальный район,Давлекановский,Республика Башкортостан,муниципальный район,54.25385873880568,55.045398758056486,35565.0,49262.3
50,Дуванский муниципальный район,Дуванский,Республика Башкортостан,муниципальный район,55.69877632839513,57.82421455360363,30750.0,51092.4
51,Дюртюлинский муниципальный район,Дюртюлинский,Республика Башкортостан,муниципальный район,55.50327231208848,54.89282923825661,59179.0,56946.4
52,Ермекеевский муниципальный район,Ермекеевский,Республика Башкортостан,муниципальный район,54.02950527023088,53.70105886610709,14369.0,56981.8
53,Зианчуринский муниципальный район,Зианчуринский,Республика Башкортостан,муниципальный район,52.00011897378325,56.89552451557258,23381.0,43741.2
54,Зилаирский муниципальный район,Зилаирский,Республика Башкортостан,муниципальный район,52.45267195435056,57.46956480689332,14231.0,45957.4
55,Иглинский муниципальный район,Иглинский,Республика Башкортостан,муниципальный район,54.80660630380508,56.70981526686444,71099.0,63419.6
56,Илишевский муниципальный район,Илишевский,Республика Башкортостан,муниципальный район,55.47992326432271,54.30935857545274,30405.0,62935.4
57,Ишимбайский муниципальный район,Ишимбайский,Республика Башкортостан,муниципальный район,53.49721753529754,56.55960502167051,82948.0,62428.7
58,Калтасинский муниципальный район,Калтасинский,Республика Башкортостан,муниципальный район,55.94929007154742,54.81676908417138,21101.0,66702.3
59,Караидельский муниципальный район,Караидельский,Республика Башкортостан,муниципальный район,55.76174875732893,56.94688232159578,23105.0,44545.4
60,Кармаскалинский муниципальный район,Кармаскалинский,Республика Башкортостан,муниципальный район,54.35523968426201,56.10763718201746,51575.0,55837.1
61,Кигинский муниципальный район,Кигинский,Республика Башкортостан,муниципальный район,55.42755045022968,58.71884453006861,16339.0,43959.4
62,Краснокамский муниципальный район,Краснокамский,Республика Башкортостан,муниципальный район,55.950332862393616,54.244516256847625,25332.0,64901.0
63,Кугарчинский муниципальный район,Кугарчинский,Республика Башкортостан,муниципальный район,52.67459177126093,56.60564242642812,26359.0,47305.4
65,Кушнаренковский муниципальный район,Кушнаренковский,Республика Башкортостан,муниципальный район,55.04788278501928,55.34922750523721,26370.0,50295.3
66,Мелеузовский муниципальный район,Мелеузовский,Республика Башкортостан,муниципальный район,53.09117346528849,56.17311445406734,79609.0,54630.9
67,Мечетлинский муниципальный район,Мечетлинский,Республика Башкортостан,муниципальный район,55.93480034461451,58.32193895921848,21838.0,45561.3
68,Мишкинский муниципальный район,Мишкинский,Республика Башкортостан,муниципальный район,55.57738620430224,55.938476866776334,20716.0,45268.6
69,Миякинский муниципальный район,Миякинский,Республика Башкортостан,муниципальный район,53.60831737770195,54.81785687703014,23086.0,47598.1
70,Нуримановский муниципальный район,Нуримановский,Республика Башкортостан,муниципальный район,55.262703059846274,56.89059776358325,19945.0,45435.8
71,Салаватский муниципальный район,Салаватский,Республика Башкортостан,муниципальный район,55.249404105314014,58.15716984397246,23304.0,51691.7
72,Стерлибашевский муниципальный район,Стерлибашевский,Республика Башкортостан,муниципальный район,53.38391977772002,55.18905658579494,16360.0,42737.0
73,Стерлитамакский муниципальный район,Стерлитамакский,Республика Башкортостан,муниципальный район,53.66042796649554,55.71732274116903,47531.0,57412.3
74,Татышлинский муниципальный район,Татышлинский,Республика Башкортостан,муниципальный район,56.25623453781235,55.75783185534876,20679.0,72519.4
75,Туймазинский муниципальный район,Туймазинский,Республика Башкортостан,муниципальный район,54.50395325923185,53.874034225354045,130733.0,61257.3
76,Уфимский муниципальный район,Уфимский,Республика Башкортостан,муниципальный район,54.76552129434777,55.815163373168616,117125.0,90380.8
77,Учалинский муниципальный район,Учалинский,Республика Башкортостан,муниципальный район,54.37759934616915,59.30376262328126,68451.0,81713.4
78,Федоровский муниципальный район,Федоровский,Республика Башкортостан,муниципальный район,53.09989390556777,55.26982410451487,15491.0,45108.6
79,Хайбуллинский муниципальный район,Хайбуллинский,Республика Башкортостан,муниципальный район,52.001399683416935,58.110586087451615,29249.0,79129.2
80,Чекмагушевский муниципальный район,Чекмагушевский,Республика Башкортостан,муниципальный район,55.11896107172264,54.62123671772478,27671.0,54175.5
81,Чишминский муниципальный район,Чишминский,Республика Башкортостан,муниципальный район,54.51524563465554,55.394766671842255,50536.0,61702.3
82,Шаранский муниципальный район,Шаранский,Республика Башкортостан,муниципальный район,54.866314938242006,53.99853644531896,18637.0,54072.2
83,Янаульский муниципальный район,Янаульский,Республика Башкортостан,муниципальный район,56.23591425554834,54.91919280284431,42391.0,62296.6
167,городской округ Нальчик,Нальчик,Кабардино-Балкарская Республика,городской округ,43.47549339464023,43.59891514592563,271464.0,54194.3
168,городской округ Баксан,Баксан,Кабардино-Балкарская Республика,городской округ,43.6884551398728,43.53656706939388,61043.0,41355.4
169,городской округ Прохладный,Прохладный,Кабардино-Балкарская Республика,городской округ,43.7542157799744,44.03731207612695,60023.0,44481.9
173,Майский муниципальный район,Майский,Кабардино-Балкарская Республика,муниципальный район,43.60392593981936,44.05474528277532,37609.0,43597.7
181,Городовиковский муниципальный район,Городовиковский,Республика Калмыкия,муниципальный район,46.10890656125069,41.95474583226318,13573.0,36828.2
184,Лаганский муниципальный район,Лаганский,Республика Калмыкия,муниципальный район,45.19240135032833,47.16822312510107,18650.0,39218.1
185,Малодербетовский муниципальный район,Малодербетовский,Республика Калмыкия,муниципальный район,47.937374506335765,44.947418521969965,9256.0,37385.0
188,Сарпинский муниципальный район,Сарпинский,Республика Калмыкия,муниципальный район,47.61408646179406,44.24211854509274,11466.0,43198.5
191,Юстинский муниципальный район,Юстинский,Республика Калмыкия,муниципальный район,47.05830244503001,46.322103230548095,8903.0,42368.8
194,городской округ Черкесский,Черкесский,Карачаево-Черкесская Республика,городской округ,44.2218230930563,42.06317353355615,112782.0,56717.4
195,городской округ Карачаевский,Карачаевский,Карачаево-Черкесская Республика,городской округ,43.62000341486239,41.862453931152814,41150.0,43034.8
196,Абазинский муниципальный район,Абазинский,Карачаево-Черкесская Республика,муниципальный район,44.091966499954914,41.89546757082388,18121.0,40284.5
198,Зеленчукский муниципальный район,Зеленчукский,Карачаево-Черкесская Республика,муниципальный район,43.693477125915805,41.47455277516709,53555.0,49497.5
201,Ногайский муниципальный район,Ногайский,Карачаево-Черкесская Республика,муниципальный район,44.36688611635002,41.88917749658919,16400.0,35727.4
203,Урупский муниципальный район,Урупский,Карачаево-Черкесская Республика,муниципальный район,43.7761909575327,41.02648521340991,24072.0,56531.0
204,Усть-Джегутинский муниципальный район,Усть-Джегутинский,Карачаево-Черкесская Республика,муниципальный район,43.9645659630295,42.08666868494292,50870.0,53103.8
205,Хабезский муниципальный район,Хабезский,Карачаево-Черкесская Республика,муниципальный район,44.1234102147485,41.78945603988455,31020.0,38811.6
206,городской округ Петрозаводский,Петрозаводский,Республика Карелия,городской округ,61.78858574672881,34.41395476636893,235694.0,80872.6
207,городской округ Костомукшский,Костомукшский,Республика Карелия,городской округ,64.74623674750312,30.399439145050533,26470.0,112900.5
208,Беломорский муниципальный округ,Беломорский,Республика Карелия,муниципальный округ,64.33644657470664,34.89006620380732,12305.0,86078.3
209,Калевальский муниципальный район,Калевальский,Республика Карелия,муниципальный район,65.06686409449753,31.44615302282124,5888.0,70023.1
210,Кемский муниципальный район,Кемский,Республика Карелия,муниципальный район,65.3108283042251,34.22289815426442,12493.0,99031.2
211,Кондопожский муниципальный район,Кондопожский,Республика Карелия,муниципальный район,62.416070446846255,33.94029974325464,31368.0,72960.2
212,Лахденпохский муниципальный район,Лахденпохский,Республика Карелия,муниципальный район,61.3549788104296,30.179119720286945,10502.0,69672.6
213,Лоухский муниципальный район,Лоухский,Республика Карелия,муниципальный район,66.06308150029159,32.06128651720467,10092.0,98732.7
214,Медвежьегорский муниципальный район,Медвежьегорский,Республика Карелия,муниципальный район,62.89841416900569,34.60999679348279,23603.0,75138.7
215,Муезерский муниципальный район,Муезерский,Республика Карелия,муниципальный район,63.77428961676655,31.704389386834144,7695.0,58821.0
216,Олонецкий муниципальный район,Олонецкий,Республика Карелия,муниципальный район,61.07781241861347,32.82281358415074,18460.0,60626.4
217,Питкярантский муниципальный округ,Питкярантский,Республика Карелия,муниципальный округ,61.362772825068575,31.53960120513113,14495.0,71373.2
218,Прионежский муниципальный район,Прионежский,Республика Карелия,муниципальный район,61.581428433197054,34.707319812398,21969.0,83749.8
219,Пряжинский муниципальный район,Пряжинский,Республика Карелия,муниципальный район,61.70445874170904,33.16716640080359,12023.0,70038.6
220,Пудожский муниципальный район,Пудожский,Республика Карелия,муниципальный район,62.05489909166115,36.647830863938445,13907.0,66905.8
221,Сегежский муниципальный округ,Сегежский,Республика Карелия,муниципальный округ,63.663846824528434,34.49858480284501,31219.0,79173.2
222,Сортавальский муниципальный район,Сортавальский,Республика Карелия,муниципальный район,61.75261077250945,30.67713174490582,23603.0,69993.1
223,Суоярвский муниципальный округ,Суоярвский,Республика Карелия,муниципальный округ,62.3816089487802,32.113997893680924,12070.0,74690.2
224,городской округ Сыктывкар,Сыктывкар,Республика Коми,городской округ,61.719823031318136,50.851336771570615,232811.0,81693.1
225,городской округ Воркута,Воркута,Республика Коми,городской округ,67.32375709014005,64.04236525108962,67547.0,121203.1
226,муниципальный округ Вуктыл,Вуктыл,Республика Коми,муниципальный округ,63.92885494248223,57.898034172498015,10125.0,111490.6
227,городской округ Инта,Инта,Республика Коми,городской округ,66.13539771637161,60.620135677977245,20870.0,96563.9
228,муниципальный округ Усинск,Усинск,Республика Коми,муниципальный округ,66.37331201801278,56.44835185538091,35807.0,138116.7
229,городской округ Ухта,Ухта,Республика Коми,городской округ,63.520675047407394,53.36160564705032,93096.0,94997.9
230,Ижемский муниципальный район,Ижемский,Республика Коми,муниципальный район,65.23572437755496,53.88771797430866,16187.0,71478.0
231,Княжпогостский муниципальный район,Княжпогостский,Республика Коми,муниципальный район,63.344587886108464,51.338837040377214,14981.0,83973.8
232,Койгородский муниципальный район,Койгородский,Республика Коми,муниципальный район,60.39124401337962,51.05154331984394,7470.0,66260.9
233,Корткеросский муниципальный район,Корткеросский,Республика Коми,муниципальный район,61.93493492252281,52.235349364203486,18232.0,59748.5
234,муниципальный район Печора,Печора,Республика Коми,муниципальный район,65.03575430346366,57.17842052857653,42164.0,107336.0
235,Прилузский муниципальный район,Прилузский,Республика Коми,муниципальный район,60.21712924367365,49.28428498110324,17018.0,66032.3
236,муниципальный район Сосногорск,Сосногорск,Республика Коми,муниципальный район,63.72629357091761,54.93737522471336,33872.0,89784.3
237,Сыктывдинский муниципальный район,Сыктывдинский,Республика Коми,муниципальный район,61.58147761944997,50.556984580052735,21462.0,69555.4
238,Сысольский муниципальный район,Сысольский,Республика Коми,муниципальный район,61.04767807577435,49.9698437036993,11592.0,61634.9
239,Троицко-Печорский муниципальный район,Троицко-Печорский,Республика Коми,муниципальный район,62.45351976991666,57.45969688659175,9461.0,61461.9
240,Удорский муниципальный район,Удорский,Республика Коми,муниципальный район,63.63440146678755,48.54113692500999,12261.0,63791.4
241,Усть-Вымский муниципальный район,Усть-Вымский,Республика Коми,муниципальный район,62.18485490651175,49.79416379344904,23548.0,72808.3
242,Усть-Куломский муниципальный район,Усть-Куломский,Республика Коми,муниципальный район,61.72217952061178,54.42904233686718,21766.0,61561.6
243,Усть-Цилемский муниципальный район,Усть-Цилемский,Республика Коми,муниципальный район,65.82673860093585,51.54304318664264,10360.0,68239.7
269,городской округ город Йошкар-Ола,Йошкар-Ола,Республика Марий Эл,городской округ,56.644002086584734,47.94430024637601,295711.0,72240.8
270,городской округ город Волжск,Волжск,Республика Марий Эл,городской округ,55.87890563391164,48.3489330381457,51634.0,72852.5
271,городской округ город Козьмодемьянск,Козьмодемьянск,Республика Марий Эл,городской округ,56.32659116674682,46.55156326338079,19054.0,62177.5
272,Волжский муниципальный район,Волжский,Республика Марий Эл,муниципальный район,56.05586522632555,48.55736971802648,20454.0,50458.9
273,Горномарийский муниципальный район,Горномарийский,Республика Марий Эл,муниципальный район,56.33368930161924,46.45383311568936,19578.0,34906.1
274,Звениговский муниципальный район,Звениговский,Республика Марий Эл,муниципальный район,56.24834443849503,47.94949507883873,38471.0,61841.2
275,Килемарский муниципальный район,Килемарский,Республика Марий Эл,муниципальный район,56.638778254701,46.84540483051208,11082.0,44881.7
276,Куженерский муниципальный район,Куженерский,Республика Марий Эл,муниципальный район,56.76803889287575,48.98727881130839,11382.0,41317.4
277,Мари-Турекский муниципальный район,Мари-Турекский,Республика Марий Эл,муниципальный район,56.71344943950322,49.82196862584863,17046.0,39885.6
278,Медведевский муниципальный район,Медведевский,Республика Марий Эл,муниципальный район,56.61520025162845,47.75631870612259,67769.0,57759.1
279,Моркинский муниципальный район,Моркинский,Республика Марий Эл,муниципальный район,56.44305984128089,48.94310226642988,25758.0,45105.3
280,Новоторъяльский муниципальный район,Новоторъяльский,Республика Марий Эл,муниципальный район,57.035019940510665,48.63076184450796,13402.0,42378.1
281,Оршанский муниципальный район,Оршанский,Республика Марий Эл,муниципальный район,56.92228199042281,48.00812194125337,12182.0,47456.7
282,Параньгинский муниципальный район,Параньгинский,Республика Марий Эл,муниципальный район,56.72244448435371,49.44623497557003,13008.0,41324.6
283,Сернурский муниципальный район,Сернурский,Республика Марий Эл,муниципальный район,57.03668963942661,49.17713459097276,21264.0,51576.7
284,Советский муниципальный район,Советский,Республика Марий Эл,муниципальный район,56.72310847723871,48.45249821756676,26112.0,47480.4
285,Юринский муниципальный район,Юринский,Республика Марий Эл,муниципальный район,56.55310092595018,46.0716215980334,5947.0,45485.1
287,Ардатовский муниципальный район,Ардатовский,Республика Мордовия,муниципальный район,54.85354183903126,46.12854063446628,23694.0,50305.4
288,Атюрьевский муниципальный район,Атюрьевский,Республика Мордовия,муниципальный район,54.34827192814165,43.29106450946608,9012.0,37086.3
289,Атяшевский муниципальный район,Атяшевский,Республика Мордовия,муниципальный район,54.61748605634483,46.06528331860304,17246.0,53073.3
290,Большеберезниковский муниципальный район,Большеберезниковский,Республика Мордовия,муниципальный район,54.197338522576615,45.93677017252476,11711.0,43037.1
292,Дубенский муниципальный район,Дубенский,Республика Мордовия,муниципальный район,54.38778838241557,46.37773299090117,11280.0,51253.2
293,Ельниковский муниципальный район,Ельниковский,Республика Мордовия,муниципальный район,54.65372269313348,43.86032121174748,9068.0,45661.0
294,Зубово-Полянский муниципальный район,Зубово-Полянский,Республика Мордовия,муниципальный район,54.0872164537796,42.69916672904251,45470.0,40550.3
295,Инсарский муниципальный район,Инсарский,Республика Мордовия,муниципальный район,53.80733663467706,44.39425351706732,11516.0,52361.3
296,Ичалковский муниципальный район,Ичалковский,Республика Мордовия,муниципальный район,54.70082521655572,45.37515187162084,16897.0,51547.6
297,Кадошкинский муниципальный район,Кадошкинский,Республика Мордовия,муниципальный район,54.07616655360875,44.3490316885466,6593.0,47389.6
298,Ковылкинский муниципальный район,Ковылкинский,Республика Мордовия,муниципальный район,54.07688228633443,43.90059348981885,35879.0,49393.3
300,Краснослободский муниципальный район,Краснослободский,Республика Мордовия,муниципальный район,54.405801778984106,43.888556787072346,21456.0,46337.1
301,Лямбирский муниципальный район,Лямбирский,Республика Мордовия,муниципальный район,54.2810403305899,45.20717070596556,33537.0,66626.1
302,Ромодановский муниципальный район,Ромодановский,Республика Мордовия,муниципальный район,54.44449153345832,45.34174209385585,18857.0,54295.6
303,Рузаевский муниципальный район,Рузаевский,Республика Мордовия,муниципальный район,54.07659755874107,44.808645652898285,58820.0,68748.4
304,Старошайговский муниципальный район,Старошайговский,Республика Мордовия,муниципальный район,54.37099580429304,44.556721019684616,11300.0,45192.2
305,Темниковский муниципальный район,Темниковский,Республика Мордовия,муниципальный район,54.64380797552376,43.26926777007346,12696.0,43557.8
306,Теньгушевский муниципальный район,Теньгушевский,Республика Мордовия,муниципальный район,54.67152755208803,42.74328888038252,8971.0,43659.5
307,Торбеевский муниципальный район,Торбеевский,Республика Мордовия,муниципальный район,54.149408457268905,43.183541689900125,18231.0,53695.6
308,Чамзинский муниципальный район,Чамзинский,Республика Мордовия,муниципальный район,54.41503952490355,45.76804736488982,28433.0,68736.9
309,городской округ город Якутск,Якутск,Республика Саха (Якутия),городской округ,62.10867258867917,129.29512841046864,384979.0,121249.1
312,Алданский муниципальный район,Алданский,Республика Саха (Якутия),муниципальный район,58.76428213064892,127.86638793009176,38998.0,139656.8
314,Амгинский муниципальный район,Амгинский,Республика Саха (Якутия),муниципальный район,60.6200928977232,131.03918182329093,16705.0,82805.1
316,Булунский муниципальный район,Булунский,Республика Саха (Якутия),муниципальный район,72.1949312495654,129.81941387789703,8126.0,146103.6
317,Верхневилюйский муниципальный район,Верхневилюйский,Республика Саха (Якутия),муниципальный район,63.748885501038096,120.34974911904484,20721.0,85335.1
318,Верхнеколымский муниципальный район,Верхнеколымский,Республика Саха (Якутия),муниципальный район,65.87558004547193,150.3012269751232,3687.0,119812.6
319,Верхоянский муниципальный район,Верхоянский,Республика Саха (Якутия),муниципальный район,67.43784603003648,134.9827160194415,9998.0,125194.5
320,Вилюйский муниципальный район,Вилюйский,Республика Саха (Якутия),муниципальный район,64.4117358121603,122.1114330605415,25157.0,95056.9
321,Горный муниципальный район,Горный,Республика Саха (Якутия),муниципальный район,62.26382524464182,125.65773590652395,11936.0,85549.4
323,Кобяйский муниципальный район,Кобяйский,Республика Саха (Якутия),муниципальный район,64.7185665224953,128.37052880606194,11053.0,99222.2
324,Нюрбинский муниципальный район,Нюрбинский,Республика Саха (Якутия),муниципальный район,64.22934069907635,117.32043819952924,22761.0,118883.9
325,Ленский муниципальный район,Ленский,Республика Саха (Якутия),муниципальный район,60.46967486705572,113.24377072785292,31833.0,150610.1
326,Мегино-Кангаласский муниципальный район,Мегино-Кангаласский,Республика Саха (Якутия),муниципальный район,61.70116763148066,130.5671585359015,32932.0,88872.6
327,Мирнинский муниципальный район,Мирнинский,Республика Саха (Якутия),муниципальный район,64.21556713613039,110.71313469304276,71704.0,167695.2
329,Намский муниципальный район,Намский,Республика Саха (Якутия),муниципальный район,62.89197156738588,129.17831115386406,25069.0,84208.6
330,Нерюнгринский муниципальный район,Нерюнгринский,Республика Саха (Якутия),муниципальный район,56.727656509244206,126.25499881043712,68431.0,161347.5
331,Нижнеколымский муниципальный район,Нижнеколымский,Республика Саха (Якутия),муниципальный район,69.70319699394584,157.32335046625192,4175.0,121451.5
332,Оймяконский муниципальный район,Оймяконский,Республика Саха (Якутия),муниципальный район,63.738513926874994,142.70077069896612,7566.0,193572.2
333,Олекминский муниципальный район,Олекминский,Республика Саха (Якутия),муниципальный район,59.8976851510002,121.37852185488372,20525.0,136467.8
334,Оленекский эвенкийский национальный муниципальный район,Оленекский,Республика Саха (Якутия),муниципальный район,68.98205926831453,114.346238121206,4364.0,163066.6
335,Среднеколымский муниципальный район,Среднеколымский,Республика Саха (Якутия),муниципальный район,67.86050481519413,153.4608100971078,6714.0,95283.9
336,Сунтарский муниципальный район,Сунтарский,Республика Саха (Якутия),муниципальный район,62.49637951649474,116.74580767050033,22228.0,83598.4
337,Таттинский муниципальный район,Таттинский,Республика Саха (Якутия),муниципальный район,62.40428703470134,133.90640522177503,16750.0,87074.5
338,Томпонский муниципальный район,Томпонский,Республика Саха (Якутия),муниципальный район,64.12493650885806,136.7205719394303,10897.0,130182.5
339,Усть-Алданский муниципальный район,Усть-Алданский,Республика Саха (Якутия),муниципальный район,63.04721469748671,131.3311405998432,22012.0,82703.3
340,Усть-Майский муниципальный район,Усть-Майский,Республика Саха (Якутия),муниципальный район,60.658987622601664,135.86274435673508,7343.0,137080.0
341,Усть-Янский муниципальный район,Усть-Янский,Республика Саха (Якутия),муниципальный район,70.5842380550842,138.54194620772944,6725.0,126513.3
342,Хангаласский муниципальный район,Хангаласский,Республика Саха (Якутия),муниципальный район,61.27634019494101,127.6614744426937,34331.0,87875.4
343,Чурапчинский муниципальный район,Чурапчинский,Республика Саха (Якутия),муниципальный район,61.82284674067313,132.74043536068135,21807.0,81064.2
345,городской округ город Владикавказ,Владикавказ,Республика Северная Осетия — Алания,городской округ,42.92047680963796,44.639833095024834,309358.0,45649.6
346,Алагирский муниципальный район,Алагирский,Республика Северная Осетия — Алания,муниципальный район,42.8262540045144,44.11002258663972,38229.0,33606.5
347,Ардонский муниципальный район,Ардонский,Республика Северная Осетия — Алания,муниципальный район,43.15971891719088,44.34258657562993,31304.0,32252.1
348,Дигорский муниципальный район,Дигорский,Республика Северная Осетия — Алания,муниципальный район,43.12086688970562,44.05608474044653,18606.0,31979.1
349,Ирафский муниципальный район,Ирафский,Республика Северная Осетия — Алания,муниципальный район,43.0111918723908,43.76724397099905,15554.0,36095.9
351,Моздокский муниципальный район,Моздокский,Республика Северная Осетия — Алания,муниципальный район,43.68913995303813,44.57702891259176,81941.0,46796.8
352,Правобережный муниципальный район,Правобережный,Республика Северная Осетия — Алания,муниципальный район,43.26922586161784,44.51861004081516,55643.0,37323.9
354,городской округ город Казань,Казань,Республика Татарстан,городской округ,55.79177478247172,49.12941473379886,1318604.0,94672.7
355,городской округ город Набережные Челны,Набережные Челны,Республика Татарстан,городской округ,55.7098412537767,52.38356773560496,544383.0,87755.3
356,Агрызский муниципальный район,Агрызский,Республика Татарстан,муниципальный район,56.1354334142282,53.04788505616461,34401.0,66228.7
357,Азнакаевский муниципальный район,Азнакаевский,Республика Татарстан,муниципальный район,54.908565384966735,53.081213183470766,57093.0,74115.1
358,Аксубаевский муниципальный район,Аксубаевский,Республика Татарстан,муниципальный район,54.85295209277912,50.80955307523647,26162.0,56984.5
359,Актанышский муниципальный район,Актанышский,Республика Татарстан,муниципальный район,55.662388183960005,53.75952103505333,27287.0,62934.9
360,Алексеевский муниципальный район,Алексеевский,Республика Татарстан,муниципальный район,55.15392053195509,50.1009243020182,24626.0,78554.5
361,Алькеевский муниципальный район,Алькеевский,Республика Татарстан,муниципальный район,54.79645513681877,49.92054731107813,18063.0,57182.1
362,Альметьевский муниципальный район,Альметьевский,Республика Татарстан,муниципальный район,54.93417584525009,52.1147740948304,212359.0,97189.0
363,Апастовский муниципальный район,Апастовский,Республика Татарстан,муниципальный район,55.24163036937421,48.45791980308116,18676.0,54835.7
364,Арский муниципальный район,Арский,Республика Татарстан,муниципальный район,56.22144939727417,49.85631257828798,49659.0,53071.2
365,Атнинский муниципальный район,Атнинский,Республика Татарстан,муниципальный район,56.27232444928898,49.41367811638929,12245.0,53607.9
366,Бавлинский муниципальный район,Бавлинский,Республика Татарстан,муниципальный район,54.2755862005614,53.25292592498546,32239.0,72234.0
367,Балтасинский муниципальный район,Балтасинский,Республика Татарстан,муниципальный район,56.43299647822855,50.2760455451595,32840.0,57117.0
368,Бугульминский муниципальный район,Бугульминский,Республика Татарстан,муниципальный район,54.52820096799404,52.832035173201646,99177.0,72273.3
369,Буинский муниципальный район,Буинский,Республика Татарстан,муниципальный район,54.939184246203936,48.18952353271631,39135.0,54996.2
370,Верхнеуслонский муниципальный район,Верхнеуслонский,Республика Татарстан,муниципальный район,55.58274313990445,48.74339614296945,17641.0,182259.8
371,Высокогорский муниципальный район,Высокогорский,Республика Татарстан,муниципальный район,56.05233482559456,49.27994090580772,60647.0,73992.4
372,Дрожжановский муниципальный район,Дрожжановский,Республика Татарстан,муниципальный район,54.71957126535845,47.62218799733725,20085.0,49846.8
373,Елабужский муниципальный район,Елабужский,Республика Татарстан,муниципальный район,55.789201276254616,51.80508917056604,85471.0,126084.3
374,Заинский муниципальный район,Заинский,Республика Татарстан,муниципальный район,55.27216364159741,52.07709145656156,52217.0,69419.4
375,Зеленодольский муниципальный район,Зеленодольский,Республика Татарстан,муниципальный район,55.78349441212831,48.537580716257054,169798.0,65225.1
376,Кайбицкий муниципальный район,Кайбицкий,Республика Татарстан,муниципальный район,55.3921196787882,48.12578269978128,12423.0,59305.7
377,Камско-Устьинский муниципальный район,Камско-Устьинский,Республика Татарстан,муниципальный район,55.249600459431775,49.03434382310902,14157.0,56603.2
378,Кукморский муниципальный район,Кукморский,Республика Татарстан,муниципальный район,56.14869701935198,50.8477388644374,51202.0,55589.5
379,Лаишевский муниципальный район,Лаишевский,Республика Татарстан,муниципальный район,55.46474283181193,49.421630640535376,71646.0,103579.8
380,Лениногорский муниципальный район,Лениногорский,Республика Татарстан,муниципальный район,54.58656850058366,52.1887698175504,77755.0,74421.7
381,Мамадышский муниципальный район,Мамадышский,Республика Татарстан,муниципальный район,55.73110075504653,51.14181274866687,39698.0,65096.3
382,Менделеевский муниципальный район,Менделеевский,Республика Татарстан,муниципальный район,55.94769509105221,52.34183763792553,30286.0,86032.8
383,Мензелинский муниципальный район,Мензелинский,Республика Татарстан,муниципальный район,55.64974531279712,53.11932648987264,26385.0,57040.1
384,Муслюмовский муниципальный район,Муслюмовский,Республика Татарстан,муниципальный район,55.315775117238346,53.28414727014397,18692.0,58339.2
385,Нижнекамский муниципальный район,Нижнекамский,Республика Татарстан,муниципальный район,55.41927969788064,51.59160695259318,276414.0,98467.6
386,Новошешминский муниципальный район,Новошешминский,Республика Татарстан,муниципальный район,55.08499335298738,51.21092196250764,12574.0,93598.9
387,Нурлатский муниципальный район,Нурлатский,Республика Татарстан,муниципальный район,54.59252192200111,50.5613628165812,51661.0,69712.6
388,Пестречинский муниципальный район,Пестречинский,Республика Татарстан,муниципальный район,55.764786178565856,49.74598592315168,66372.0,65735.3
390,Сабинский муниципальный район,Сабинский,Республика Татарстан,муниципальный район,56.01794179874284,50.453257342948845,30381.0,61804.9
391,Сармановский муниципальный район,Сармановский,Республика Татарстан,муниципальный район,55.262404677231615,52.655004644695325,33666.0,65866.4
392,Спасский муниципальный район,Спасский,Республика Татарстан,муниципальный район,54.95137455771133,49.38230527031664,18014.0,55706.6
393,Тетюшский муниципальный район,Тетюшский,Республика Татарстан,муниципальный район,54.86686568989625,48.6634845890289,19798.0,51809.6
395,Тюлячинский муниципальный район,Тюлячинский,Республика Татарстан,муниципальный район,55.84307120559496,50.276450887318525,13489.0,55637.4
396,Черемшанский муниципальный район,Черемшанский,Республика Татарстан,муниципальный район,54.75193447102193,51.473099033351815,17877.0,65974.0
397,Чистопольский муниципальный район,Чистопольский,Республика Татарстан,муниципальный район,55.27617149188968,50.72035740744977,73234.0,64210.4
398,Ютазинский муниципальный район,Ютазинский,Республика Татарстан,муниципальный район,54.64968207170771,53.349707452507865,19452.0,59884.9
401,Бай-Тайгинский муниципальный район,Бай-Тайгинский,Республика Тыва,муниципальный район,51.05967836476496,89.6814252960169,10431.0,46623.0
402,Барун-Хемчикский муниципальный район,Барун-Хемчикский,Республика Тыва,муниципальный район,51.21133946702248,90.41491625665844,11626.0,48513.7
403,Дзун-Хемчикский муниципальный район,Дзун-Хемчикский,Республика Тыва,муниципальный район,51.12149281504296,91.522086050986,18916.0,51531.3
404,Каа-Хемский муниципальный район,Каа-Хемский,Республика Тыва,муниципальный район,51.40322766493441,96.5680355009805,11974.0,59905.0
405,Кызылский муниципальный район,Кызылский,Республика Тыва,муниципальный район,51.85615928638222,94.67909993929231,36340.0,61583.4
408,Пий-Хемский муниципальный район,Пий-Хемский,Республика Тыва,муниципальный район,52.2946293281536,94.12719851408848,10364.0,62886.8
410,Тандинский муниципальный район,Тандинский,Республика Тыва,муниципальный район,51.151149858959165,94.59378347320934,15098.0,55744.8
413,Тоджинский муниципальный район,Тоджинский,Республика Тыва,муниципальный район,52.70979710879615,96.7987226085967,6694.0,96701.2
414,Улуг-Хемский муниципальный район,Улуг-Хемский,Республика Тыва,муниципальный район,51.45097881133122,92.92355371898287,19940.0,52073.1
416,Чеди-Хольский муниципальный район,Чеди-Хольский,Республика Тыва,муниципальный район,51.13010454318837,93.68220232969888,7592.0,51951.6
418,городской округ город Ижевск,Ижевск,Удмуртская Республика,городской округ,56.859497441065336,53.18439127831573,618776.0,79451.4
419,городской округ город Воткинск,Воткинск,Удмуртская Республика,городской округ,57.048603787083685,53.96937581956129,96037.0,76115.4
420,городской округ город Глазов,Глазов,Удмуртская Республика,городской округ,58.14959688068637,52.64104239575619,85870.0,64938.7
421,городской округ город Можга,Можга,Удмуртская Республика,городской округ,56.45202428023507,52.23850385715063,43557.0,54035.1
422,городской округ город Сарапул,Сарапул,Удмуртская Республика,городской округ,56.46865042798041,53.77651154092372,89442.0,73016.4
423,муниципальный округ Алнашский район,Алнашский,Удмуртская Республика,муниципальный округ,56.15584779469911,52.5285853078984,19971.0,46374.0
424,муниципальный округ Балезинский район,Балезинский,Удмуртская Республика,муниципальный округ,58.08002970134323,53.18706661180291,26866.0,49049.5
425,муниципальный округ Вавожский район,Вавожский,Удмуртская Республика,муниципальный округ,56.763459134397344,51.802265765862565,13809.0,57916.2
428,муниципальный округ Граховский район,Граховский,Удмуртская Республика,муниципальный округ,56.05993223802936,51.96557904140304,8624.0,47943.0
429,муниципальный округ Дебёсский район,Дебёсский,Удмуртская Республика,муниципальный округ,57.63156664593389,53.8034545099337,10744.0,51971.3
430,муниципальный округ Завьяловский район,Завьяловский,Удмуртская Республика,муниципальный округ,56.818883845263,53.204356427391545,83460.0,60377.9
431,муниципальный округ Игринский район,Игринский,Удмуртская Республика,муниципальный округ,57.51130531248281,53.06751334495722,32538.0,58555.5
432,муниципальный округ Камбарский район,Камбарский,Удмуртская Республика,муниципальный округ,56.3672122815219,54.15979593269634,15570.0,54584.1
433,муниципальный округ Каракулинский район,Каракулинский,Удмуртская Республика,муниципальный округ,56.05508945492324,53.69394791674597,10095.0,60435.8
434,муниципальный округ Кезский район,Кезский,Удмуртская Республика,муниципальный округ,58.01571634090162,53.7081895615822,17833.0,49008.0
435,муниципальный округ Кизнерский район,Кизнерский,Удмуртская Республика,муниципальный округ,56.37639949717436,51.55835373130928,17496.0,49308.2
436,муниципальный округ Киясовский район,Киясовский,Удмуртская Республика,муниципальный округ,56.28617856705557,53.1837893230446,8518.0,48497.2
437,муниципальный округ Красногорский район,Красногорский,Удмуртская Республика,муниципальный округ,57.66038681926821,52.36181249893993,7480.0,48409.2
438,муниципальный округ Малопургинский район,Малопургинский,Удмуртская Республика,муниципальный округ,56.54699057311047,52.948289251161725,30993.0,51464.0
440,муниципальный округ Сарапульский район,Сарапульский,Удмуртская Республика,муниципальный округ,56.43490781866531,53.759814304359686,23267.0,60522.9
441,муниципальный округ Селтинский район,Селтинский,Удмуртская Республика,муниципальный округ,57.35145563092541,51.97944752576058,10292.0,48548.8
442,муниципальный округ Сюмсинский район,Сюмсинский,Удмуртская Республика,муниципальный округ,57.16736890034255,51.48083546740312,9970.0,52140.1
443,муниципальный округ Увинский район,Увинский,Удмуртская Республика,муниципальный округ,56.97271390845221,52.3616940756495,33739.0,63935.5
444,муниципальный округ Шарканский район,Шарканский,Удмуртская Республика,муниципальный округ,57.33691981379934,53.83972921933114,18886.0,50340.8
445,муниципальный округ Юкаменский район,Юкаменский,Удмуртская Республика,муниципальный округ,57.91444588428038,52.18172816802655,7231.0,42610.6
446,муниципальный округ Якшур-Бодьинский район,Якшур-Бодьинский,Удмуртская Республика,муниципальный округ,57.19719000212815,53.03405157103552,19293.0,62204.2
447,муниципальный округ Ярский район,Ярский,Удмуртская Республика,муниципальный округ,58.25524964972804,52.07499396283518,10983.0,50798.6
448,городской округ город Абакан,Абакан,Республика Хакасия,городской округ,53.693999837495,91.439892884436,185804.0,79022.0
449,городской округ город Абаза,Абаза,Республика Хакасия,городской округ,52.62550688537026,90.12222102288132,11962.0,60495.4
450,городской округ город Саяногорск,Саяногорск,Республика Хакасия,городской округ,53.09066787907847,91.4059569662032,55712.0,91089.2
451,городской округ город Сорск,Сорск,Республика Хакасия,городской округ,54.07010894635461,89.96855239470452,10843.0,74830.8
452,городской округ город Черногорск,Черногорск,Республика Хакасия,городской округ,53.84508078985627,91.27836838623698,77948.0,71890.6
453,Алтайский муниципальный район,Алтайский,Республика Хакасия,муниципальный район,53.410285692389685,91.5091681400778,24152.0,76908.1
455,Бейский муниципальный район,Бейский,Республика Хакасия,муниципальный район,52.98648383613378,90.95590685272464,17067.0,62690.4
456,Боградский муниципальный район,Боградский,Республика Хакасия,муниципальный район,54.35085743404433,90.87539734242011,11030.0,48923.9
457,Орджоникидзевский муниципальный район,Орджоникидзевский,Республика Хакасия,муниципальный район,54.898983967507306,89.2088739668991,9604.0,50171.7
458,Таштыпский муниципальный район,Таштыпский,Республика Хакасия,муниципальный район,52.19317814511822,89.34786397100852,15165.0,61405.4
459,Усть-Абаканский муниципальный район,Усть-Абаканский,Республика Хакасия,муниципальный район,53.77089553924136,90.3743434308124,46354.0,60840.7
460,Ширинский муниципальный район,Ширинский,Республика Хакасия,муниципальный район,54.47298896136281,89.80977749639935,24253.0,62412.6
478,городской округ город Чебоксары,Чебоксары,Чувашская Республика,городской округ,56.1413213110468,47.25260821792909,506480.0,72298.7
479,городской округ город Алатырь,Алатырь,Чувашская Республика,городской округ,54.842245549811686,46.58036513753596,31304.0,49270.3
480,городской округ город Канаш,Канаш,Чувашская Республика,городской округ,55.510937762911766,47.501315994373726,43508.0,61592.8
481,городской округ город Новочебоксарск,Новочебоксарск,Чувашская Республика,городской округ,56.09692452059269,47.501546236085176,120767.0,60377.1
482,городской округ город Шумерля,Шумерля,Чувашская Республика,городской округ,55.49729220931869,46.41531400800411,26008.0,60368.5
484,Аликовский муниципальный округ,Аликовский,Чувашская Республика,муниципальный округ,55.74755076663602,46.73458960897588,13550.0,45151.6
485,Батыревский муниципальный округ,Батыревский,Чувашская Республика,муниципальный округ,55.03495448874211,47.43328651153037,30773.0,42382.9
486,Вурнарский муниципальный округ,Вурнарский,Чувашская Республика,муниципальный округ,55.53235506777407,46.93419740629544,28415.0,54604.9
487,Ибресинский муниципальный округ,Ибресинский,Чувашская Республика,муниципальный округ,55.25493982592275,47.03562074777704,19914.0,47073.9
489,Козловский муниципальный округ,Козловский,Чувашская Республика,муниципальный округ,55.82031661341076,48.11620083495917,14831.0,48876.6
490,Комсомольский муниципальный округ,Комсомольский,Чувашская Республика,муниципальный округ,55.2262490473312,47.48696747949357,20409.0,42179.6
491,Красноармейский муниципальный округ,Красноармейский,Чувашская Республика,муниципальный округ,55.77067302751115,47.152875800793495,12470.0,58927.2
492,Красночетайский муниципальный округ,Красночетайский,Чувашская Республика,муниципальный округ,55.69013352652223,46.20149199504305,13525.0,42630.2
493,Мариинско-Посадский муниципальный округ,Мариинско-Посадский,Чувашская Республика,муниципальный округ,55.99321926615959,47.79366778270301,18507.0,45128.6
494,Моргаушский муниципальный округ,Моргаушский,Чувашская Республика,муниципальный округ,56.001879905577866,46.75776439995457,30685.0,53654.6
495,Порецкий муниципальный округ,Порецкий,Чувашская Республика,муниципальный округ,55.16770884878443,46.381754511283866,10342.0,46956.8
496,Урмарский муниципальный округ,Урмарский,Чувашская Республика,муниципальный округ,55.68108145002781,47.89658423643399,20067.0,41482.4
497,Цивильский муниципальный округ,Цивильский,Чувашская Республика,муниципальный округ,55.833420778771696,47.48740490971067,31134.0,51148.0
498,Чебоксарский муниципальный округ,Чебоксарский,Чувашская Республика,муниципальный округ,56.08135166250446,47.20136205363028,61487.0,55148.3
499,Шемуршинский муниципальный округ,Шемуршинский,Чувашская Республика,муниципальный округ,54.840600241883166,47.3801918161151,11365.0,40106.1
501,Ядринский муниципальный округ,Ядринский,Чувашская Республика,муниципальный округ,55.93602522410451,46.36304532821857,22282.0,55961.7
502,Яльчикский муниципальный округ,Яльчикский,Чувашская Республика,муниципальный округ,55.147824243023045,47.90944394179879,14957.0,41548.4
503,Янтиковский муниципальный округ,Янтиковский,Чувашская Республика,муниципальный округ,55.50144695851565,47.78160003671861,12065.0,43802.8
504,городской округ город Барнаул,Барнаул,Алтайский край,городской округ,53.306391316184666,83.64777556742212,687601.0,69580.5
505,городской округ город Алейск,Алейск,Алтайский край,городской округ,52.49308505258027,82.7731003887212,24604.0,58039.4
506,городской округ город Белокуриха,Белокуриха,Алтайский край,городской округ,51.97969501257546,84.96313734461027,14879.0,63592.4
507,городской округ город Бийск,Бийск,Алтайский край,городской округ,52.504617840764325,85.0796560987163,188780.0,63225.9
508,городской округ город Заринск,Заринск,Алтайский край,городской округ,53.71935870074321,84.95379537184992,40255.0,64679.3
509,городской округ город Новоалтайск,Новоалтайск,Алтайский край,городской округ,53.414609968701605,83.92362917011324,73511.0,69360.9
510,городской округ город Рубцовск,Рубцовск,Алтайский край,городской округ,51.512838224632695,81.22096295054165,123379.0,52545.2
511,муниципальный округ город Славгород,Славгород,Алтайский край,муниципальный округ,53.06661053445399,78.88736831371303,36769.0,46914.9
512,городской округ город Яровое,Яровое,Алтайский край,городской округ,52.926254472534026,78.58387178804423,16528.0,46916.8
515,Алтайский муниципальный район,Алтайский,Алтайский край,муниципальный район,51.82097132646201,85.2755187667775,26284.0,44459.5
516,Баевский муниципальный район,Баевский,Алтайский край,муниципальный район,53.30496342483696,80.64903938106167,7821.0,44787.8
517,Бийский муниципальный район,Бийский,Алтайский край,муниципальный район,52.606077125004745,85.6425638295072,31583.0,48559.1
518,Благовещенский муниципальный район,Благовещенский,Алтайский край,муниципальный район,52.90682922987576,79.93198944435326,25464.0,49998.5
519,Бурлинский муниципальный район,Бурлинский,Алтайский край,муниципальный район,53.34676172527213,78.36145915382583,7601.0,43452.0
520,Быстроистокский муниципальный район,Быстроистокский,Алтайский край,муниципальный район,52.34850635472611,84.47396987131708,7120.0,43273.5
521,Волчихинский муниципальный район,Волчихинский,Алтайский край,муниципальный район,52.06991149045087,80.47569785261685,14744.0,43276.0
522,Егорьевский муниципальный район,Егорьевский,Алтайский край,муниципальный район,51.765286316619125,80.93061735564812,10678.0,41455.6
523,Ельцовский муниципальный район,Ельцовский,Алтайский край,муниципальный район,53.2501955532932,86.42716443646582,4672.0,39602.1
524,Завьяловский муниципальный район,Завьяловский,Алтайский край,муниципальный район,52.90135798841668,80.9089913365375,15469.0,46074.8
525,Залесовский муниципальный округ,Залесовский,Алтайский край,муниципальный округ,54.10073083047545,84.69541142744643,11281.0,43197.6
527,Змеиногорский муниципальный район,Змеиногорский,Алтайский край,муниципальный район,51.19226503933267,82.312889310771,15905.0,73635.2
528,Калманский муниципальный район,Калманский,Алтайский край,муниципальный район,53.00317626631107,83.44774439048103,11641.0,53572.0
529,Каменский муниципальный район,Каменский,Алтайский край,муниципальный район,53.68048501033351,81.31108056369482,39949.0,46107.0
530,Ключевский муниципальный район,Ключевский,Алтайский край,муниципальный район,52.27434977864007,79.38097510222899,12366.0,41934.2
531,Косихинский муниципальный район,Косихинский,Алтайский край,муниципальный район,53.31636013543682,84.63222159913435,13314.0,43084.0
532,Красногорский муниципальный район,Красногорский,Алтайский край,муниципальный район,52.31898785641127,86.28057988018783,12685.0,40918.0
533,Краснощёковский муниципальный район,Краснощёковский,Алтайский край,муниципальный район,51.573073289048814,82.95057966265654,13623.0,55883.9
534,Крутихинский муниципальный район,Крутихинский,Алтайский край,муниципальный район,54.03134875550578,80.94223785910164,7856.0,40265.3
535,Кулундинский муниципальный район,Кулундинский,Алтайский край,муниципальный район,52.5871006320399,79.07303124258333,20371.0,53891.7
536,Курьинский муниципальный район,Курьинский,Алтайский край,муниципальный район,51.49232360242927,82.36903453590094,8051.0,48314.4
537,Кытмановский муниципальный район,Кытмановский,Алтайский край,муниципальный район,53.47449545168555,85.3960292887071,9548.0,47256.4
538,Локтевский муниципальный район,Локтевский,Алтайский край,муниципальный район,51.0521652409082,81.51768969180853,19183.0,45626.7
539,Мамонтовский муниципальный район,Мамонтовский,Алтайский край,муниципальный район,52.73932754274468,81.68554104796999,17582.0,44020.8
540,Михайловский муниципальный район,Михайловский,Алтайский край,муниципальный район,51.83492947622273,79.66651268867673,16349.0,44209.9
541,Новичихинский муниципальный район,Новичихинский,Алтайский край,муниципальный район,52.17862874601609,81.38829508580936,7406.0,46496.5
542,Зональный муниципальный район,Зональный,Алтайский край,муниципальный район,52.70115731495756,84.92239742302067,16341.0,52802.0
543,Павловский муниципальный район,Павловский,Алтайский край,муниципальный район,53.28085446054648,82.99893373340537,38447.0,59704.3
544,Панкрушихинский муниципальный район,Панкрушихинский,Алтайский край,муниципальный район,53.80921546825965,80.32490096710342,9099.0,48668.0
545,Первомайский муниципальный район,Первомайский,Алтайский край,муниципальный район,53.46920210641918,84.06414476822864,53359.0,48236.7
546,Петропавловский муниципальный район,Петропавловский,Алтайский край,муниципальный район,52.0972386206798,84.15515983581082,10214.0,52754.2
547,Поспелихинский муниципальный район,Поспелихинский,Алтайский край,муниципальный район,51.87747852080113,81.83451558350504,19439.0,47652.8
548,Ребрихинский муниципальный район,Ребрихинский,Алтайский край,муниципальный район,53.03917065065741,82.27240033654546,18726.0,42923.1
549,Родинский муниципальный район,Родинский,Алтайский край,муниципальный район,52.489272714348125,80.25757314998259,14369.0,45228.2
550,Романовский муниципальный район,Романовский,Алтайский край,муниципальный район,52.60287185078364,81.09959654929634,10594.0,45475.4
552,Смоленский муниципальный район,Смоленский,Алтайский край,муниципальный район,52.15020619697504,84.90541213244619,20153.0,49164.1
553,муниципальный округ Суетский район,Суетский,Алтайский край,муниципальный округ,53.259874654676025,79.95644516990737,3264.0,56623.9
554,Советский муниципальный район,Советский,Алтайский край,муниципальный район,52.241545335862575,85.55163049455375,13572.0,52884.7
555,Солонешенский муниципальный район,Солонешенский,Алтайский край,муниципальный район,51.640302163886346,84.38312395916152,7152.0,39451.3
556,Солтонский муниципальный район,Солтонский,Алтайский край,муниципальный район,52.78816855638003,86.58195457073727,6045.0,39208.8
557,Шелаболихинский муниципальный район,Шелаболихинский,Алтайский край,муниципальный район,53.48427821100736,82.3285748570202,10246.0,46182.8
558,Табунский муниципальный район,Табунский,Алтайский край,муниципальный район,52.84729391793881,78.96275701368339,7060.0,42544.1
559,Тальменский муниципальный район,Тальменский,Алтайский край,муниципальный район,53.78951626187634,83.41727156779906,42346.0,51789.1
560,Тогульский муниципальный район,Тогульский,Алтайский край,муниципальный район,53.49455239934561,86.07616409976787,6187.0,47637.9
561,Топчихинский муниципальный район,Топчихинский,Алтайский край,муниципальный район,52.751307006131086,83.22071785365372,18142.0,49388.8
562,Третьяковский муниципальный район,Третьяковский,Алтайский край,муниципальный район,50.91612772452814,82.2489957446596,10094.0,43012.0
563,Троицкий муниципальный район,Троицкий,Алтайский край,муниципальный район,52.90844218528768,84.59050512700692,17787.0,46816.2
564,Тюменцевский муниципальный район,Тюменцевский,Алтайский край,муниципальный район,53.24723179728113,81.51970332521334,10801.0,40369.9
565,Угловский муниципальный район,Угловский,Алтайский край,муниципальный район,51.32644208724277,80.15194930910134,8700.0,42524.8
566,Усть-Калманский муниципальный район,Усть-Калманский,Алтайский край,муниципальный район,51.97990332505454,83.39723700005683,10802.0,46420.4
567,Усть-Пристанский муниципальный район,Усть-Пристанский,Алтайский край,муниципальный район,52.363236141929065,83.65964797375268,9078.0,40322.3
568,Хабарский муниципальный район,Хабарский,Алтайский край,муниципальный район,53.561008925432674,79.52644273371266,12199.0,44449.2
569,Целинный муниципальный район,Целинный,Алтайский край,муниципальный район,52.988120814129786,85.75673441399772,12857.0,53093.3
570,муниципальный округ Чарышский район,Чарышский,Алтайский край,муниципальный округ,51.23331192874559,83.7674892470853,9268.0,38052.2
571,Шипуновский муниципальный район,Шипуновский,Алтайский край,муниципальный район,52.18148695706919,82.29623904221738,24128.0,45316.7
572,Немецкий национальный муниципальный район,Немецкий,Алтайский край,муниципальный район,53.29748813258033,79.06184343120835,14809.0,45594.7
574,городской округ город Петровск-Забайкальский,Петровск-Забайкальский,Забайкальский край,городской округ,51.3029086376971,108.83744609213652,14473.0,60368.9
578,Балейский муниципальный район,Балейский,Забайкальский край,муниципальный район,51.479782506666176,116.8575574883268,15274.0,82657.8
579,Борзинский муниципальный район,Борзинский,Забайкальский край,муниципальный район,50.453229765970256,116.71858737584202,43803.0,75712.2
580,Газимуро-Заводский муниципальный округ,Газимуро-Заводский,Забайкальский край,муниципальный округ,52.22849107165918,119.34633709342826,7885.0,136668.3
581,Забайкальский муниципальный район,Забайкальский,Забайкальский край,муниципальный район,49.908929595339735,117.23451369921438,19300.0,93748.4
582,Каларский муниципальный округ,Каларский,Забайкальский край,муниципальный округ,56.69052875202632,118.09223756697084,7207.0,191191.8
583,Калганский муниципальный округ,Калганский,Забайкальский край,муниципальный округ,50.95322142454393,118.94422282369102,5488.0,100515.1
584,Карымский муниципальный район,Карымский,Забайкальский край,муниципальный район,51.843314981215975,114.4980435298224,33483.0,79219.7
585,муниципальный район Город Краснокаменск и Краснокаменский район,Краснокаменск и Краснокаменский,Забайкальский край,муниципальный район,50.09208971156573,118.08400439422132,55782.0,77474.7
586,Красночикойский муниципальный район,Красночикойский,Забайкальский край,муниципальный район,50.07883560761923,109.51555705199264,15817.0,72216.5
587,Кыринский муниципальный район,Кыринский,Забайкальский край,муниципальный район,49.67028714236236,111.47680915946692,9949.0,82082.5
588,Могочинский муниципальный округ,Могочинский,Забайкальский край,муниципальный округ,53.71266890264337,120.11910238041044,20767.0,114246.8
589,Нерчинский муниципальный район,Нерчинский,Забайкальский край,муниципальный район,52.2416870700831,116.32948892799624,26450.0,67910.7
591,Оловяннинский муниципальный район,Оловяннинский,Забайкальский край,муниципальный район,50.964411015063405,116.210170729049,29773.0,72903.8
592,Ононский муниципальный округ,Ононский,Забайкальский край,муниципальный округ,50.33199297550184,115.11976386057928,8214.0,50639.5
593,Петровск-Забайкальский муниципальный район,Петровск-Забайкальский,Забайкальский край,муниципальный район,50.97808964801756,109.06118452527592,14576.0,76863.8
594,Приаргунский муниципальный округ,Приаргунский,Забайкальский край,муниципальный округ,50.41235322825192,118.77256072033208,15082.0,61588.3
595,Сретенский муниципальный район,Сретенский,Забайкальский край,муниципальный район,52.58306566482949,118.44014722745212,17869.0,94046.2
598,Улётовский муниципальный район,Улётовский,Забайкальский край,муниципальный район,50.8694596516264,111.9416705072245,16787.0,64435.7
599,Хилокский муниципальный район,Хилокский,Забайкальский край,муниципальный район,51.432374793637,110.99038712631462,24713.0,79406.6
600,Чернышевский муниципальный район,Чернышевский,Забайкальский край,муниципальный район,52.90391190947568,117.27828751006452,29154.0,97270.4
601,Читинский муниципальный район,Читинский,Забайкальский край,муниципальный район,52.04287884333274,113.49470659463294,71661.0,64652.2
602,Шелопугинский муниципальный район,Шелопугинский,Забайкальский край,муниципальный район,51.67306076943524,117.69997116435366,5546.0,61345.5
603,Шилкинский муниципальный район,Шилкинский,Забайкальский край,муниципальный район,51.82873549752422,115.69340019748464,35034.0,74550.7
604,городской округ поселок Агинское,Агинское,Забайкальский край,городской округ,51.10438733518041,114.5530277855176,16731.0,63486.7
605,Агинский муниципальный район,Агинский,Забайкальский край,муниципальный район,50.9042872546746,114.53554228520404,15564.0,49514.6
606,Дульдургинский муниципальный район,Дульдургинский,Забайкальский край,муниципальный район,50.79652822092249,113.38113545977669,13633.0,62244.6
607,Могойтуйский муниципальный район,Могойтуйский,Забайкальский край,муниципальный район,51.21964722773661,115.21424597838308,22380.0,56189.5
608,городской округ Петропавловск-Камчатский,Петропавловск-Камчатский,Камчатский край,городской округ,53.033074021648325,158.7613750481053,163152.0,148806.0
612,Елизовский муниципальный район,Елизовский,Камчатский край,муниципальный район,53.5123663979717,159.444195219172,59889.0,118405.7
613,Мильковский муниципальный округ,Мильковский,Камчатский край,муниципальный округ,54.96967939413765,159.08157067026465,8727.0,101695.1
614,Соболевский муниципальный район,Соболевский,Камчатский край,муниципальный район,54.55064862160626,156.29499207990867,1979.0,159754.1
615,Усть-Большерецкий муниципальный район,Усть-Большерецкий,Камчатский край,муниципальный район,52.45763717827885,156.76504041051723,6069.0,160217.1
616,Усть-Камчатский муниципальный район,Усть-Камчатский,Камчатский край,муниципальный район,56.35440880701825,161.6420898096612,8450.0,108107.0
618,Карагинский муниципальный район,Карагинский,Камчатский край,муниципальный район,59.21241716735214,162.94005451133177,3457.0,193214.1
619,Олюторский муниципальный район,Олюторский,Камчатский край,муниципальный район,61.04611291343612,169.54400789278847,3523.0,127466.1
621,Тигильский муниципальный район,Тигильский,Камчатский край,муниципальный район,57.739470215472544,158.69324841229178,3662.0,115673.1
666,городской округ город Красноярск,Красноярск,Красноярский край,городской округ,56.02137169316551,92.8864631072138,1206237.0,98129.1
667,городской округ город Ачинск,Ачинск,Красноярский край,городской округ,56.253526193961086,90.45465356150488,101043.0,77971.8
668,городской округ город Боготол,Боготол,Красноярский край,городской округ,56.21225658143615,89.50614416052288,17509.0,76854.3
669,городской округ город Бородино,Бородино,Красноярский край,городской округ,55.90068012253797,94.90365133945812,14967.0,76667.8
670,городской округ город Дивногорск,Дивногорск,Красноярский край,городской округ,55.87814099002584,92.31842355386593,31561.0,80847.9
671,городской округ город Енисейск,Енисейск,Красноярский край,городской округ,58.44099577696154,92.17736169205584,17843.0,71515.6
674,городской округ город Канск,Канск,Красноярский край,городской округ,56.21198733018058,95.70494881628184,85587.0,63207.1
675,городской округ город Лесосибирск,Лесосибирск,Красноярский край,городской округ,58.18911421102453,92.47939957823398,58714.0,75147.0
676,городской округ город Минусинск,Минусинск,Красноярский край,городской округ,53.708814261638615,91.686152315262,71318.0,66414.1
677,городской округ город Назарово,Назарово,Красноярский край,городской округ,56.02603481619485,90.39185193629454,44261.0,69653.0
678,городской округ город Норильск,Норильск,Красноярский край,городской округ,69.28410153122206,87.95695743231676,177427.0,182860.4
679,городской округ город Сосновоборск,Сосновоборск,Красноярский край,городской округ,56.12714314338958,93.35731036339352,40913.0,74461.4
680,городской округ город Шарыпово,Шарыпово,Красноярский край,городской округ,55.531634132115656,89.10067598915673,40739.0,53945.3
683,Абанский муниципальный район,Абанский,Красноярский край,муниципальный район,56.955887848311406,96.52517932899194,17763.0,57179.1
685,Балахтинский муниципальный район,Балахтинский,Красноярский край,муниципальный район,55.31974159310264,92.01835441112846,17854.0,65358.9
686,Березовский муниципальный район,Березовский,Красноярский край,муниципальный район,55.82278757289145,93.1612010502224,40429.0,74424.1
687,Бирилюсский муниципальный район,Бирилюсский,Красноярский край,муниципальный район,57.25791405694645,90.6101977575468,7924.0,59903.0
689,Богучанский муниципальный район,Богучанский,Красноярский край,муниципальный район,58.6956307873364,97.47797026731826,42225.0,86545.7
690,Большемуртинский муниципальный район,Большемуртинский,Красноярский край,муниципальный район,57.013667420166925,92.98019309734408,13529.0,62263.9
691,Большеулуйский муниципальный район,Большеулуйский,Красноярский край,муниципальный район,56.63780115499392,90.64729956925174,6681.0,108725.7
692,Дзержинский муниципальный район,Дзержинский,Красноярский край,муниципальный район,56.83770188667445,95.10351495177876,11389.0,57387.7
693,Емельяновский муниципальный район,Емельяновский,Красноярский край,муниципальный район,56.31702138508148,92.34908777679492,55572.0,93491.1
694,Енисейский муниципальный район,Енисейский,Красноярский край,муниципальный район,59.68718337377343,88.97977455882489,21238.0,79274.1
695,Ермаковский муниципальный район,Ермаковский,Красноярский край,муниципальный район,52.515800849354605,92.73201501505125,17423.0,57832.4
696,Идринский муниципальный район,Идринский,Красноярский край,муниципальный район,54.56143132660263,92.50544439926124,10295.0,56047.9
697,Иланский муниципальный район,Иланский,Красноярский край,муниципальный район,56.0000115449236,96.1768221078076,22528.0,78793.0
698,Ирбейский муниципальный район,Ирбейский,Красноярский край,муниципальный район,55.22355924931165,95.97745087157804,12610.0,75513.9
699,Казачинский муниципальный район,Казачинский,Красноярский край,муниципальный район,57.60309468512544,93.33004178739964,8558.0,57344.0
701,Каратузский муниципальный район,Каратузский,Красноярский край,муниципальный район,53.3389821061136,93.60946464986576,13157.0,60723.7
702,Кежемский муниципальный район,Кежемский,Красноярский край,муниципальный район,58.82657243386424,100.68984112270628,16559.0,96691.5
703,Козульский муниципальный район,Козульский,Красноярский край,муниципальный район,56.20913571489413,91.43007438587075,11808.0,66336.4
704,Краснотуранский муниципальный район,Краснотуранский,Красноярский край,муниципальный район,54.39261178595453,91.64573432427233,12848.0,52475.8
705,Курагинский муниципальный район,Курагинский,Красноярский край,муниципальный район,54.00452745172769,94.37766253415958,39269.0,61814.0
706,Манский муниципальный район,Манский,Красноярский край,муниципальный район,55.38595632424965,93.61308565052364,13436.0,56676.4
708,Мотыгинский муниципальный район,Мотыгинский,Красноярский край,муниципальный район,58.56769596758299,94.5455082689573,12009.0,100468.3
710,Нижнеингашский муниципальный район,Нижнеингашский,Красноярский край,муниципальный район,56.30983914943894,97.00955877788478,23480.0,59387.1
711,Новоселовский муниципальный район,Новоселовский,Красноярский край,муниципальный район,54.97182632282605,91.21830421914812,10619.0,58707.4
712,Партизанский муниципальный район,Партизанский,Красноярский край,муниципальный район,54.991923419385,94.260950063833,7989.0,65385.3
713,Пировский муниципальный округ,Пировский,Красноярский край,муниципальный округ,57.56594190831638,91.9672445625188,5747.0,58840.6
714,Рыбинский муниципальный район,Рыбинский,Красноярский край,муниципальный район,55.9935758843672,94.76657952315682,29400.0,71689.9
715,Саянский муниципальный район,Саянский,Красноярский край,муниципальный район,54.88850252864267,95.07130346569326,9056.0,56506.0
716,Северо-Енисейский муниципальный район,Северо-Енисейский,Красноярский край,муниципальный район,60.03725106948026,93.3274305978148,8308.0,154150.8
717,Сухобузимский муниципальный район,Сухобузимский,Красноярский край,муниципальный район,56.57366674980082,93.78118495350569,18911.0,59181.9
718,Таймырский Долгано-Ненецкий муниципальный район,Таймырский Долгано-Ненецкий,Красноярский край,муниципальный район,75.06612942576966,96.30453815236096,29609.0,162835.1
719,Тасеевский муниципальный район,Тасеевский,Красноярский край,муниципальный район,57.37485792896553,94.85594268866656,9952.0,56323.3
720,Туруханский муниципальный район,Туруханский,Красноярский край,муниципальный район,64.76314482474972,87.37667897051539,12684.0,152563.2
721,Тюхтетский муниципальный округ,Тюхтетский,Красноярский край,муниципальный округ,56.98075287829852,89.26983674170079,7536.0,58910.8
722,Ужурский муниципальный район,Ужурский,Красноярский край,муниципальный район,55.35490892260784,90.10192238869423,27453.0,68907.9
723,Уярский муниципальный район,Уярский,Красноярский край,муниципальный район,55.83454925100172,94.22200695179691,17912.0,63090.6
725,Шушенский муниципальный район,Шушенский,Красноярский край,муниципальный район,52.62763646826646,91.57580273972732,30274.0,58071.5
726,Эвенкийский муниципальный район,Эвенкийский,Красноярский край,муниципальный район,65.09633105990228,98.94168508531511,13258.0,133246.0
727,городской округ Пермский,Пермский,Пермский край,городской округ,58.036276511823,56.26484640817866,1026912.0,88118.2
731,городской округ Лысьвенский,Лысьвенский,Пермский край,городской округ,57.90665203812168,57.99887604274922,61124.0,59536.1
734,муниципальный округ Александровский,Александровский,Пермский край,муниципальный округ,59.41962946528529,57.83604491739971,22642.0,58279.0
735,муниципальный округ Бардымский,Бардымский,Пермский край,муниципальный округ,56.88784184593401,55.6578605689722,26262.0,64471.0
736,муниципальный округ Березовский,Березовский,Пермский край,муниципальный округ,57.633072049788886,57.54555600839672,13486.0,59871.3
737,муниципальный округ Большесосновский,Большесосновский,Пермский край,муниципальный округ,57.54175583169073,54.45309737708888,11730.0,52881.4
738,городской округ Верещагинский,Верещагинский,Пермский край,городской округ,58.12512728702885,54.396641311554326,38931.0,51615.6
739,городской округ Горнозаводский,Горнозаводский,Пермский край,городской округ,58.58441056062335,58.67519369781525,21697.0,67217.5
741,городской округ Добрянский,Добрянский,Пермский край,городской округ,58.626860700031806,56.67200113577088,47730.0,81849.5
742,муниципальный округ Еловский,Еловский,Пермский край,муниципальный округ,56.92901246624408,54.88264709059232,8527.0,48798.7
743,городской округ Ильинский,Ильинский,Пермский край,городской округ,58.64519859372546,55.76487411438351,17130.0,51646.9
744,муниципальный округ Карагайский,Карагайский,Пермский край,муниципальный округ,58.47926693283577,55.01849503232181,19967.0,49766.6
745,городской округ город Кизел,Кизел,Пермский край,городской округ,59.08999079977698,58.11813484416398,17213.0,50204.2
746,муниципальный округ Кишертский,Кишертский,Пермский край,муниципальный округ,57.33974650789323,57.598846657749725,10872.0,52600.8
747,городской округ Красновишерский,Красновишерский,Пермский край,городской округ,60.525575010043696,58.28622969483551,17217.0,52325.2
748,городской округ Краснокамский,Краснокамский,Пермский край,городской округ,58.168834946111794,55.89908934075465,66475.0,73277.6
749,муниципальный округ Куединский,Куединский,Пермский край,муниципальный округ,56.538214152593405,55.20825021103769,22949.0,51245.8
751,городской округ Нытвенский,Нытвенский,Пермский край,городской округ,58.11444135908893,55.36505621632673,37780.0,59224.5
752,городской округ Октябрьский,Октябрьский,Пермский край,городской округ,56.50006966324423,56.95687763148965,23944.0,60795.1
753,муниципальный округ Ординский,Ординский,Пермский край,муниципальный округ,57.08135751241837,56.779534207535086,13958.0,53812.9
754,городской округ Осинский,Осинский,Пермский край,городской округ,57.2712166383717,55.49418635586119,26196.0,67450.8
755,городской округ Оханский,Оханский,Пермский край,городской округ,57.65896391488603,55.213034849440696,14030.0,47448.6
756,городской округ Очерский,Очерский,Пермский край,городской округ,57.89256300572016,54.6220372226341,22301.0,59360.1
757,муниципальный округ Пермский,Пермский,Пермский край,муниципальный округ,57.7883433678865,56.10119139494377,128718.0,72918.6
758,муниципальный округ Сивинский,Сивинский,Пермский край,муниципальный округ,58.47859223062319,54.204084136724056,11869.0,49361.4
760,городской округ Суксунский,Суксунский,Пермский край,городской округ,57.08007863267561,57.49922037054455,18094.0,67480.1
761,муниципальный округ Уинский,Уинский,Пермский край,муниципальный округ,56.87279485860683,56.48364368858992,9728.0,52556.1
763,городской округ Чайковский,Чайковский,Пермский край,городской округ,56.70896534897273,54.35548590569432,93785.0,70557.7
764,муниципальный округ Частинский,Частинский,Пермский край,муниципальный округ,57.26573084592975,54.77772578157941,11783.0,58265.8
765,городской округ Чердынский,Чердынский,Пермский край,городской округ,60.85375333113472,56.745573098359785,14730.0,48749.8
766,городской округ Чернушинский,Чернушинский,Пермский край,городской округ,56.54152866446661,56.17513280402827,50392.0,74102.2
767,городской округ Чусовской,Чусовской,Пермский край,городской округ,58.318873099397365,57.42964903892423,63686.0,62029.9
769,муниципальный округ Гайнский,Гайнский,Пермский край,муниципальный округ,60.541055616923146,53.59277980448218,11679.0,61144.0
770,муниципальный округ Косинский,Косинский,Пермский край,муниципальный округ,59.90593965858697,55.025755729253454,5543.0,58600.5
771,муниципальный округ Кочевский,Кочевский,Пермский край,муниципальный округ,59.74212235372875,54.20323351618741,9259.0,64669.4
773,муниципальный округ Юрлинский,Юрлинский,Пермский край,муниципальный округ,59.40941556286489,54.077128564741855,8439.0,45241.8
774,муниципальный округ Юсьвинский,Юсьвинский,Пермский край,муниципальный округ,59.05403772522509,55.531770247044655,16182.0,49483.7
775,городской округ Владивостокский,Владивостокский,Приморский край,городской округ,43.14388097942928,131.9287440251463,622782.0,115583.5
776,городской округ Арсеньевский,Арсеньевский,Приморский край,городской округ,44.14018006085987,133.2723771806102,47015.0,95125.1
777,городской округ Артемовский,Артемовский,Приморский край,городской округ,43.396062764737415,132.2182017159483,117762.0,89562.8
778,городской округ Большой Камень,Большой Камень,Приморский край,городской округ,43.09443099285779,132.3660745101688,42502.0,122281.3
779,городской округ Дальнегорский,Дальнегорский,Приморский край,городской округ,44.74106786906657,135.58731804835665,38543.0,73819.2
780,городской округ Дальнереченский,Дальнереченский,Приморский край,городской округ,45.871643910647634,133.64570312796693,24564.0,81576.1
781,городской округ Лесозаводский,Лесозаводский,Приморский край,городской округ,45.46402013509808,133.60434298977682,39685.0,84726.6
782,городской округ Находкинский,Находкинский,Приморский край,городской округ,42.82748197066529,132.85910747502655,135345.0,105573.6
783,городской округ Партизанский,Партизанский,Приморский край,городской округ,43.25398831904331,133.0700041078528,39132.0,87831.8
784,городской округ Спасск-Дальний,Спасск-Дальний,Приморский край,городской округ,44.592645006377175,132.81694616255535,34822.0,68238.9
785,городской округ Уссурийский,Уссурийский,Приморский край,городской округ,43.72951947588195,131.77706342198655,205435.0,80481.1
787,Анучинский муниципальный округ,Анучинский,Приморский край,муниципальный округ,43.94963227785774,133.05119690193345,12237.0,76451.1
788,Дальнереченский муниципальный район,Дальнереченский,Приморский край,муниципальный район,45.46773838612025,134.3388599545499,7793.0,62363.5
789,Кавалеровский муниципальный округ,Кавалеровский,Приморский край,муниципальный округ,44.31306006939527,135.05495102864853,20727.0,72875.1
790,Кировский муниципальный район,Кировский,Приморский край,муниципальный район,45.00683436749458,133.65271526524805,17312.0,64993.2
791,Красноармейский муниципальный округ,Красноармейский,Приморский край,муниципальный округ,45.83166236959981,135.53410879855335,13859.0,83864.8
792,Лазовский муниципальный округ,Лазовский,Приморский край,муниципальный округ,43.185068649413445,133.8578977641033,11848.0,94966.2
793,Михайловский муниципальный район,Михайловский,Приморский край,муниципальный район,43.95013754549092,132.34804275246404,28474.0,76951.3
794,Надеждинский муниципальный район,Надеждинский,Приморский край,муниципальный район,43.48291253956471,131.81307238347767,41960.0,86783.2
795,Октябрьский муниципальный округ,Октябрьский,Приморский край,муниципальный округ,44.0765914858254,131.54679742369814,22743.0,68005.0
796,Ольгинский муниципальный округ,Ольгинский,Приморский край,муниципальный округ,43.72804460700221,134.85441868376512,7209.0,81391.7
797,Партизанский муниципальный округ,Партизанский,Приморский край,муниципальный округ,43.26026550203382,133.25027118247905,29888.0,69296.5
798,Пограничный муниципальный округ,Пограничный,Приморский край,муниципальный округ,44.59405918554403,131.43795916001184,18096.0,71071.9
799,Пожарский муниципальный округ,Пожарский,Приморский край,муниципальный округ,46.65295742066133,135.89829942985236,24093.0,99163.1
800,Спасский муниципальный район,Спасский,Приморский край,муниципальный район,44.71380799555882,133.0321031184015,19870.0,74247.4
801,Тернейский муниципальный округ,Тернейский,Приморский край,муниципальный округ,46.63230333427395,137.5876838274004,9728.0,77899.6
802,Ханкайский муниципальный округ,Ханкайский,Приморский край,муниципальный округ,44.91523319269644,131.8568047528645,17049.0,73387.7
803,Хасанский муниципальный округ,Хасанский,Приморский край,муниципальный округ,42.92822085598252,131.1452891790226,24400.0,81322.3
804,Хорольский муниципальный округ,Хорольский,Приморский край,муниципальный округ,44.36187639823193,132.11010720505752,24478.0,68059.6
805,Черниговский муниципальный округ,Черниговский,Приморский край,муниципальный округ,44.27195421106029,132.58342018640568,25893.0,75280.0
806,Чугуевский муниципальный округ,Чугуевский,Приморский край,муниципальный округ,44.30902321337146,134.2041935870675,21090.0,64568.9
807,Шкотовский муниципальный округ,Шкотовский,Приморский край,муниципальный округ,43.354540167559215,132.58786239636228,21051.0,115314.5
808,Яковлевский муниципальный округ,Яковлевский,Приморский край,муниципальный округ,44.43622020615227,133.54553776299136,11970.0,67064.5
809,городской округ город Ставрополь,Ставрополь,Ставропольский край,городской округ,45.03888139247595,41.90984379876383,557402.0,73824.2
810,Благодарненский муниципальный округ,Благодарненский,Ставропольский край,муниципальный округ,45.102194704260754,43.56151799961878,57014.0,
811,Георгиевский муниципальный округ,Георгиевский,Ставропольский край,муниципальный округ,44.27444139460702,43.45395177285417,157898.0,
812,городской округ город-курорт Ессентуки,Ессентуки,Ставропольский край,городской округ,44.04804160472335,42.874146591568994,123138.0,64029.5
813,городской округ город-курорт Железноводск,Железноводск,Ставропольский край,городской округ,44.1132055478281,43.07777055514756,50082.0,59471.7
814,Изобильненский муниципальный округ,Изобильненский,Ставропольский край,муниципальный округ,45.33352726898647,41.666877997465406,104095.0,
815,Ипатовский муниципальный округ,Ипатовский,Ставропольский край,муниципальный округ,45.78155937052674,42.65568093096463,56684.0,
817,Кировский муниципальный округ,Кировский,Ставропольский край,муниципальный округ,43.988608484196526,43.71526406474784,66369.0,
818,городской округ город Лермонтов,Лермонтов,Ставропольский край,городской округ,44.101176646415446,42.98890296599361,24717.0,63479.7
819,Минераловодский муниципальный округ,Минераловодский,Ставропольский край,муниципальный округ,44.33790718183152,42.97251927096819,130865.0,
820,городской округ город Невинномысск,Невинномысск,Ставропольский край,городской округ,44.6398744105619,41.93856675052994,114556.0,74252.0
821,Нефтекумский муниципальный округ,Нефтекумский,Ставропольский край,муниципальный округ,44.59960051537983,45.124312018051015,59801.0,
822,Новоалександровский муниципальный округ,Новоалександровский,Ставропольский край,муниципальный округ,45.4721455412258,41.174229159244696,62246.0,
823,Петровский муниципальный округ,Петровский,Ставропольский край,муниципальный округ,45.29011153929152,42.8243057671633,68240.0,
824,городской округ город-курорт Пятигорск,Пятигорск,Ставропольский край,городской округ,44.041500922705765,43.06600208448185,211692.0,64260.2
825,Советский муниципальный округ,Советский,Ставропольский край,муниципальный округ,44.34239117437071,43.93664926662439,57692.0,
826,Александровский муниципальный округ,Александровский,Ставропольский край,муниципальный округ,44.71965549138676,43.009364036018354,46217.0,44256.8
827,Андроповский муниципальный округ,Андроповский,Ставропольский край,муниципальный округ,44.59210202534562,42.4940833711579,33305.0,47160.6
828,Апанасенковский муниципальный округ,Апанасенковский,Ставропольский край,муниципальный округ,45.88086473843689,43.39604532147459,29279.0,42531.2
829,Арзгирский муниципальный округ,Арзгирский,Ставропольский край,муниципальный округ,45.29573209190441,44.29454586846086,22666.0,43853.2
830,Будённовский муниципальный округ,Будённовский,Ставропольский край,муниципальный округ,44.746490562119504,44.14060500016091,106466.0,54769.5
831,Грачёвский муниципальный округ,Грачёвский,Ставропольский край,муниципальный округ,45.13902865465237,42.46307271808664,37958.0,50188.1
832,Кочубеевский муниципальный округ,Кочубеевский,Ставропольский край,муниципальный округ,44.63600476799663,41.88748963975527,77707.0,53915.3
833,Красногвардейский муниципальный округ,Красногвардейский,Ставропольский край,муниципальный округ,45.806591027822165,41.59330623850779,35678.0,58768.1
834,Курский муниципальный округ,Курский,Ставропольский край,муниципальный округ,43.98873973848162,44.86170979960085,52260.0,46725.1
835,Левокумский муниципальный округ,Левокумский,Ставропольский край,муниципальный округ,45.01352544785003,44.944129062337176,34715.0,46735.3
836,Новоселицкий муниципальный округ,Новоселицкий,Ставропольский край,муниципальный округ,44.74605179865182,43.475994390062695,24490.0,45695.6
838,Степновский муниципальный округ,Степновский,Ставропольский край,муниципальный округ,44.266764416471226,44.54768867813989,20369.0,45790.3
839,Труновский муниципальный округ,Труновский,Ставропольский край,муниципальный округ,45.558073452903,42.058509519423225,32211.0,52560.6
840,Туркменский муниципальный округ,Туркменский,Ставропольский край,муниципальный округ,45.47085681813998,43.56061173301478,22025.0,43555.6
841,Шпаковский муниципальный округ,Шпаковский,Ставропольский край,муниципальный округ,45.023335581848194,42.02052035200214,165229.0,59169.7
842,городской округ город Хабаровск,Хабаровск,Хабаровский край,городской округ,48.47433742361444,135.06303461980224,615570.0,106096.5
843,городской округ город Комсомольск-на-Амуре,Комсомольск-на-Амуре,Хабаровский край,городской округ,50.57598852613193,137.00385023202588,235488.0,97973.0
844,Амурский муниципальный район,Амурский,Хабаровский край,муниципальный район,49.68630565331467,135.6149310639026,55970.0,93168.1
846,Бикинский муниципальный район,Бикинский,Хабаровский край,муниципальный район,46.99549513502576,134.36547048401445,21147.0,71458.5
847,Ванинский муниципальный район,Ванинский,Хабаровский край,муниципальный район,49.98759361806376,139.7777113832607,33535.0,115596.0
848,Верхнебуреинский муниципальный район,Верхнебуреинский,Хабаровский край,муниципальный район,51.00677954262298,132.89698391074953,24441.0,131180.9
849,Вяземский муниципальный район,Вяземский,Хабаровский край,муниципальный район,47.47330680064216,134.94073760696796,19202.0,60401.3
851,муниципальный район имени Лазо,Лазо,Хабаровский край,муниципальный район,47.78326935843533,136.46958661623842,37861.0,62910.4
852,Нанайский муниципальный район,Нанайский,Хабаровский край,муниципальный район,49.13988609178042,137.08080506157657,13922.0,98058.1
853,Николаевский муниципальный район,Николаевский,Хабаровский край,муниципальный район,53.28980294875443,140.49824231842896,23555.0,111410.9
854,Охотский муниципальный округ,Охотский,Хабаровский край,муниципальный округ,60.29772727615894,142.16824834020852,6326.0,128142.3
855,муниципальный район имени Полины Осипенко,Полины Осипенко,Хабаровский край,муниципальный район,52.56308114242428,136.81989486112985,3532.0,158798.8
856,Советско-Гаванский муниципальный район,Советско-Гаванский,Хабаровский край,муниципальный район,48.3696311914011,139.41328893773388,36352.0,94696.8
857,Солнечный муниципальный район,Солнечный,Хабаровский край,муниципальный район,51.27214553064324,136.1415434141957,26843.0,93058.4
859,Ульчский муниципальный район,Ульчский,Хабаровский край,муниципальный район,52.02477050408033,139.58254845745353,13977.0,83409.1
860,Хабаровский муниципальный район,Хабаровский,Хабаровский край,муниципальный район,49.45364029396759,134.37592327396072,82380.0,82059.1
870,Архаринский муниципальный округ,Архаринский,Амурская область,муниципальный округ,49.53628327825948,130.6263926878491,12372.0,86158.0
871,Белогорский муниципальный округ,Белогорский,Амурская область,муниципальный округ,50.78947738838151,128.44857511719658,17004.0,66226.2
872,Благовещенский муниципальный округ,Благовещенский,Амурская область,муниципальный округ,50.66155841465843,127.55333954140984,35810.0,77201.6
873,Бурейский муниципальный округ,Бурейский,Амурская область,муниципальный округ,50.10306388002556,130.1961673852211,16566.0,95304.5
874,Завитинский муниципальный округ,Завитинский,Амурская область,муниципальный округ,50.231003221971534,129.56217807265438,11590.0,71923.9
875,Зейский муниципальный округ,Зейский,Амурская область,муниципальный округ,54.42275230536221,128.99685749191542,11287.0,126833.2
876,Ивановский муниципальный округ,Ивановский,Амурская область,муниципальный округ,50.485057449624,128.09316141535226,20785.0,63576.6
877,Константиновский муниципальный район,Константиновский,Амурская область,муниципальный район,49.73820958743063,128.10153262764163,10666.0,68337.8
878,Магдагачинский муниципальный район,Магдагачинский,Амурская область,муниципальный район,53.1766777896367,126.1055783952938,16478.0,119224.4
879,Мазановский муниципальный район,Мазановский,Амурская область,муниципальный район,52.09786350185666,129.60913300464043,9173.0,65854.3
880,Михайловский муниципальный район,Михайловский,Амурская область,муниципальный район,49.70363249798881,128.84851868752477,12248.0,70692.2
881,Октябрьский муниципальный район,Октябрьский,Амурская область,муниципальный район,50.2820567771064,128.92530410998515,18390.0,74927.2
882,Ромненский муниципальный округ,Ромненский,Амурская область,муниципальный округ,50.9031477780136,130.0051478658805,7209.0,60963.8
883,Свободненский муниципальный район,Свободненский,Амурская область,муниципальный район,51.43104933808342,127.7334139842257,11318.0,227512.1
884,Селемджинский муниципальный район,Селемджинский,Амурская область,муниципальный район,52.757889921513225,132.16129970510417,7107.0,129060.5
885,Серышевский муниципальный округ,Серышевский,Амурская область,муниципальный округ,51.11740486629424,128.64100089388165,20859.0,64016.9
886,Сковородинский муниципальный округ,Сковородинский,Амурская область,муниципальный округ,53.86177345645989,123.36048557893794,19790.0,107406.7
888,Тындинский муниципальный округ,Тындинский,Амурская область,муниципальный округ,55.45319749665407,123.69287738574056,13370.0,142195.3
889,Шимановский муниципальный округ,Шимановский,Амурская область,муниципальный округ,52.160629598671605,127.5232331890257,5003.0,123760.6
890,городской округ город Архангельск,Архангельск,Архангельская область,городской округ,64.59224152351017,40.55059959398808,301376.0,91197.6
891,городской округ город Коряжма,Коряжма,Архангельская область,городской округ,61.29662985681571,47.15168356163003,33663.0,73622.2
892,городской округ Котлас,Котлас,Архангельская область,городской округ,61.24548737657498,46.70348919942469,66838.0,78418.5
895,городской округ город Новодвинск,Новодвинск,Архангельская область,городской округ,64.40960804092286,40.80263352648176,32639.0,80850.2
896,городской округ Северодвинск,Северодвинск,Архангельская область,городской округ,64.43205821646889,39.67351917841697,156310.0,92164.9
897,Вельский муниципальный район,Вельский,Архангельская область,муниципальный район,61.314148808551394,42.09294831101486,44862.0,71844.4
898,Верхнетоемский муниципальный округ,Верхнетоемский,Архангельская область,муниципальный округ,62.487984049926034,45.64445523534397,10925.0,65286.4
899,муниципальный округ Вилегодский,Вилегодский,Архангельская область,муниципальный округ,61.227112239483326,48.32852739809818,8586.0,63714.0
900,Виноградовский муниципальный округ,Виноградовский,Архангельская область,муниципальный округ,62.92583411728884,43.422920991949454,12371.0,64888.9
901,муниципальный округ Каргопольский,Каргопольский,Архангельская область,муниципальный округ,61.4477393279458,38.77743615756712,14660.0,59758.9
902,Коношский муниципальный район,Коношский,Архангельская область,муниципальный район,61.01176642642574,40.20626100679998,17807.0,73751.9
903,Котласский муниципальный округ,Котласский,Архангельская область,муниципальный округ,61.29441906512025,46.76802053922568,17119.0,94195.2
904,Красноборский муниципальный округ,Красноборский,Архангельская область,муниципальный округ,61.80851197598161,46.47305663389836,10008.0,66348.3
905,Ленский муниципальный район,Ленский,Архангельская область,муниципальный район,62.08886032299979,48.69067855427591,9646.0,87595.2
907,Мезенский муниципальный округ,Мезенский,Архангельская область,муниципальный округ,65.9785235868754,44.07325035419455,7098.0,106476.5
908,Няндомский муниципальный округ,Няндомский,Архангельская область,муниципальный округ,61.93432771852312,40.577757882669125,22613.0,80817.5
909,Онежский муниципальный район,Онежский,Архангельская область,муниципальный район,63.67357131434925,37.8483959915582,23456.0,73165.6
911,Плесецкий муниципальный округ,Плесецкий,Архангельская область,муниципальный округ,62.75094376567064,39.62859084737201,33077.0,70221.1
912,Приморский муниципальный округ,Приморский,Архангельская область,муниципальный округ,79.94914345350801,54.20716935270449,28908.0,86680.3
913,Устьянский муниципальный округ,Устьянский,Архангельская область,муниципальный округ,61.2977616291575,44.1070839813481,23280.0,75235.7
914,Холмогорский муниципальный округ,Холмогорский,Архангельская область,муниципальный округ,63.84545363010113,41.996645964044816,17957.0,71012.4
915,Шенкурский муниципальный округ,Шенкурский,Архангельская область,муниципальный округ,62.125402590846605,42.593048079732085,10436.0,60597.0
916,городской округ город Нарьян-Мар,Нарьян-Мар,Ненецкий автономный округ,городской округ,67.63640418939622,53.029206536326924,24266.0,113701.9
917,муниципальный район Заполярный район,Заполярный,Ненецкий автономный округ,муниципальный район,68.1670441802285,53.85194339023611,17958.0,158968.4
918,городской округ город Астрахань,Астрахань,Астраханская область,городской округ,46.36270185841042,48.03827079489204,465524.0,66194.2
920,Ахтубинский муниципальный район,Ахтубинский,Астраханская область,муниципальный район,48.1615371242061,46.479991435040986,57030.0,54862.5
922,Енотаевский муниципальный район,Енотаевский,Астраханская область,муниципальный район,47.25998057290469,46.83705930699155,25039.0,69842.0
923,Икрянинский муниципальный район,Икрянинский,Астраханская область,муниципальный район,45.89203673364888,47.690613965089405,47744.0,40442.6
924,Камызякский муниципальный район,Камызякский,Астраханская область,муниципальный район,45.90179230709622,48.18592770200877,46892.0,39760.6
925,Красноярский муниципальный район,Красноярский,Астраханская область,муниципальный район,46.88553837924629,48.399271771613535,35860.0,109649.2
926,Лиманский муниципальный район,Лиманский,Астраханская область,муниципальный район,45.83338553549881,47.01831845587083,27717.0,49802.5
927,Наримановский муниципальный район,Наримановский,Астраханская область,муниципальный район,46.42602358832267,47.33386160358314,47528.0,78100.7
928,Приволжский муниципальный район,Приволжский,Астраханская область,муниципальный район,46.29125275670794,48.17188286777539,66669.0,50571.5
929,Харабалинский муниципальный район,Харабалинский,Астраханская область,муниципальный район,47.41004061400144,47.64770709894929,39434.0,51867.3
930,Черноярский муниципальный район,Черноярский,Астраханская область,муниципальный район,48.15673397003814,45.67478515550226,19298.0,51028.8
986,городской округ город Владимир,Владимир,Владимирская область,городской округ,56.11859920649343,40.433944650768375,346685.0,73898.5
987,городской округ город Гусь-Хрустальный,Гусь-Хрустальный,Владимирская область,городской округ,55.62780244229822,40.63424054434173,51182.0,62463.2
988,городской округ город Ковров,Ковров,Владимирская область,городской округ,56.35766631182186,41.316892972824654,128879.0,72958.9
989,городской округ округ Муром,Муром,Владимирская область,городской округ,55.56708679235486,42.01882394023567,112091.0,66886.9
991,Александровский муниципальный район,Александровский,Владимирская область,муниципальный район,56.43237241351074,38.72287771065225,102657.0,63364.6
992,Вязниковский муниципальный район,Вязниковский,Владимирская область,муниципальный район,56.219281909570526,42.04039140801585,66875.0,49634.9
993,Гороховецкий муниципальный район,Гороховецкий,Владимирская область,муниципальный район,56.091660395867805,42.51042672857868,19901.0,62567.8
994,Гусь-Хрустальный муниципальный район,Гусь-Хрустальный,Владимирская область,муниципальный район,55.55495854837186,40.68939438676052,38749.0,56544.8
995,Камешковский муниципальный район,Камешковский,Владимирская область,муниципальный район,56.32096291226491,40.890585627091134,30466.0,65450.0
996,Киржачский муниципальный район,Киржачский,Владимирская область,муниципальный район,56.1383614501561,38.86914379858875,37950.0,77759.5
998,Кольчугинский муниципальный район,Кольчугинский,Владимирская область,муниципальный район,56.29132036515974,39.405732266410624,47188.0,65080.0
999,Меленковский муниципальный район,Меленковский,Владимирская область,муниципальный район,55.36922272184003,41.59948257393796,31240.0,50159.1
1001,Петушинский муниципальный район,Петушинский,Владимирская область,муниципальный район,55.96604999365916,39.416793040269006,58074.0,78611.2
1002,Селивановский муниципальный район,Селивановский,Владимирская область,муниципальный район,55.82677910697092,41.64871949563937,16758.0,52714.3
1003,Собинский муниципальный район,Собинский,Владимирская область,муниципальный район,56.01760266543587,40.0003029723868,48500.0,68552.5
1004,Судогодский муниципальный район,Судогодский,Владимирская область,муниципальный район,55.94869650308287,40.9201394350107,34005.0,53831.4
1005,Суздальский муниципальный район,Суздальский,Владимирская область,муниципальный район,56.371029335710105,40.44780581061195,46532.0,63652.3
1006,Юрьев-Польский муниципальный район,Юрьев-Польский,Владимирская область,муниципальный район,56.53574158860145,39.70343113606592,30784.0,58722.3
1007,городской округ город-герой Волгоград,Волгоград,Волгоградская область,городской округ,48.63211019736048,44.442146278105525,1018898.0,68989.9
1008,городской округ город Волжский,Волжский,Волгоградская область,городской округ,48.82767331047198,44.762894420834336,315220.0,67975.6
1009,городской округ город Камышин,Камышин,Волгоградская область,городской округ,50.075132813160906,45.39464629115066,105187.0,50409.5
1010,городской округ город Михайловка,Михайловка,Волгоградская область,городской округ,50.16099023147093,43.275385176973096,82402.0,51608.4
1011,городской округ город Урюпинск,Урюпинск,Волгоградская область,городской округ,50.792923826834624,42.02545451932206,35085.0,47746.3
1012,городской округ город Фролово,Фролово,Волгоградская область,городской округ,49.77044121536009,43.67140416419731,34173.0,52506.0
1013,Алексеевский муниципальный район,Алексеевский,Волгоградская область,муниципальный район,50.2057148785586,42.2073249770201,14771.0,56323.5
1014,Быковский муниципальный район,Быковский,Волгоградская область,муниципальный район,49.50125317030511,45.41324196698447,24854.0,47241.5
1015,Городищенский муниципальный район,Городищенский,Волгоградская область,муниципальный район,48.88144968185198,44.218796114406345,59927.0,64417.6
1016,Даниловский муниципальный район,Даниловский,Волгоградская область,муниципальный район,50.38472802765703,44.10470210007208,12175.0,46810.3
1017,Дубовский муниципальный район,Дубовский,Волгоградская область,муниципальный район,49.34818085747537,44.770574875879255,28637.0,59846.7
1018,Еланский муниципальный район,Еланский,Волгоградская область,муниципальный район,50.86383972428322,43.75703161546696,27976.0,53337.8
1019,Жирновский муниципальный район,Жирновский,Волгоградская область,муниципальный район,50.90044358898021,44.86550071994765,35986.0,51685.6
1020,Иловлинский муниципальный район,Иловлинский,Волгоградская область,муниципальный район,49.311643845746566,43.95241017003733,30650.0,55517.8
1021,Калачевский муниципальный район,Калачевский,Волгоградская область,муниципальный район,48.62374200908245,43.63827944565983,50507.0,50032.6
1023,Киквидзенский муниципальный район,Киквидзенский,Волгоградская область,муниципальный район,50.76014056312712,43.171049947377774,14536.0,44522.5
1024,Клетский муниципальный район,Клетский,Волгоградская область,муниципальный район,49.16810113883992,42.96047036455481,15893.0,48814.3
1025,Котельниковский муниципальный район,Котельниковский,Волгоградская область,муниципальный район,47.73078995978402,43.26310509660114,36842.0,91629.7
1026,Котовский муниципальный район,Котовский,Волгоградская область,муниципальный район,50.34994129557782,44.79901141252287,28608.0,57339.3
1027,Кумылженский муниципальный район,Кумылженский,Волгоградская область,муниципальный район,49.86014083386538,42.43303321674707,17511.0,46230.3
1028,Ленинский муниципальный район,Ленинский,Волгоградская область,муниципальный район,48.80757768904155,45.3604949736664,27111.0,42144.1
1029,Нехаевский муниципальный район,Нехаевский,Волгоградская область,муниципальный район,50.33505267547264,41.69663303556939,12813.0,46399.0
1030,Николаевский муниципальный район,Николаевский,Волгоградская область,муниципальный район,50.02932590119003,45.94523894824823,28193.0,48588.8
1031,Новоаннинский муниципальный район,Новоаннинский,Волгоградская область,муниципальный район,50.51790292832863,42.72032800512965,31431.0,48591.7
1032,Новониколаевский муниципальный район,Новониколаевский,Волгоградская область,муниципальный район,51.00707758047652,42.650518941294095,19463.0,48614.9
1033,Октябрьский муниципальный район,Октябрьский,Волгоградская область,муниципальный район,48.046123762421296,43.69601181446864,20005.0,51795.1
1034,Ольховский муниципальный район,Ольховский,Волгоградская область,муниципальный район,49.82606924530887,44.56844596199253,15780.0,57618.6
1035,Палласовский муниципальный район,Палласовский,Волгоградская область,муниципальный район,49.440263345922105,46.40651275640453,37911.0,45990.7
1036,Руднянский муниципальный район,Руднянский,Волгоградская область,муниципальный район,50.80173649426101,44.35902196289276,14070.0,45232.0
1037,Светлоярский муниципальный район,Светлоярский,Волгоградская область,муниципальный район,48.31405316511052,44.48396389361857,33189.0,60865.2
1038,Серафимовичский муниципальный район,Серафимовичский,Волгоградская область,муниципальный район,49.50007260888445,42.717295055960015,21811.0,47142.2
1039,Среднеахтубинский муниципальный район,Среднеахтубинский,Волгоградская область,муниципальный район,48.850692663423935,44.9634011570136,61526.0,63569.6
1040,Старополтавский муниципальный район,Старополтавский,Волгоградская область,муниципальный район,50.4388763303589,46.49321933909047,16630.0,45600.5
1041,Суровикинский муниципальный район,Суровикинский,Волгоградская область,муниципальный район,48.58317027199375,42.97744369165622,33010.0,41045.0
1044,Чернышковский муниципальный район,Чернышковский,Волгоградская область,муниципальный район,48.182493292265015,42.51870309465288,12986.0,47213.5
1047,Бабаевский муниципальный округ,Бабаевский,Вологодская область,муниципальный округ,59.841576861971134,35.94277349240155,18827.0,72929.0
1048,Бабушкинский муниципальный округ,Бабушкинский,Вологодская область,муниципальный округ,59.67988274430994,43.796410242264656,9515.0,54216.2
1049,Белозерский муниципальный округ,Белозерский,Вологодская область,муниципальный округ,60.02959800372111,37.20822308823091,13265.0,58608.9
1051,Великоустюгский муниципальный округ,Великоустюгский,Вологодская область,муниципальный округ,60.67750345373437,46.045272444362325,49167.0,55556.5
1052,Верховажский муниципальный округ,Верховажский,Вологодская область,муниципальный округ,60.61330161319856,42.09957523044444,12428.0,50373.1
1053,Вожегодский муниципальный округ,Вожегодский,Вологодская область,муниципальный округ,60.48918604961482,40.18750347639657,13654.0,61437.4
1054,Вологодский муниципальный округ,Вологодский,Вологодская область,муниципальный округ,59.32271272128633,39.46053945812249,52112.0,62777.5
1055,Вытегорский муниципальный район,Вытегорский,Вологодская область,муниципальный район,60.96847470904938,36.80046759212823,21919.0,70995.3
1056,Грязовецкий муниципальный округ,Грязовецкий,Вологодская область,муниципальный округ,58.88222292463428,40.64337483653741,31660.0,70749.0
1057,Кадуйский муниципальный округ,Кадуйский,Вологодская область,муниципальный округ,59.405389952924686,36.90480596459309,16433.0,72910.8
1058,Кирилловский муниципальный округ,Кирилловский,Вологодская область,муниципальный округ,60.14025731967951,38.61368690480572,14038.0,55213.1
1059,Кичменгско-Городецкий муниципальный округ,Кичменгско-Городецкий,Вологодская область,муниципальный округ,59.988892949636025,45.95800187882024,14278.0,47517.9
1060,Междуреченский муниципальный округ,Междуреченский,Вологодская область,муниципальный округ,59.31244413015219,41.26802575605864,4834.0,51162.5
1061,Никольский муниципальный округ,Никольский,Вологодская область,муниципальный округ,59.498441861055575,45.249044507516814,18641.0,48311.4
1062,Нюксенский муниципальный округ,Нюксенский,Вологодская область,муниципальный округ,60.49207680280332,44.5597070875607,8427.0,71691.6
1063,Сокольский муниципальный округ,Сокольский,Вологодская область,муниципальный округ,59.57983731924968,40.72260025064292,44621.0,60325.8
1064,Сямженский муниципальный округ,Сямженский,Вологодская область,муниципальный округ,60.04526467321055,41.30305098508001,8005.0,58762.2
1065,Тарногский муниципальный округ,Тарногский,Вологодская область,муниципальный округ,60.58526354945074,43.56409896357596,10381.0,53705.2
1066,Тотемский муниципальный округ,Тотемский,Вологодская область,муниципальный округ,59.87204632251214,42.585202727725296,21923.0,62840.2
1067,Усть-Кубинский муниципальный округ,Усть-Кубинский,Вологодская область,муниципальный округ,59.90619165929941,39.437966549373286,7282.0,52990.2
1068,Устюженский муниципальный округ,Устюженский,Вологодская область,муниципальный округ,58.88480913194069,36.39431708187307,15130.0,51007.9
1069,Харовский муниципальный округ,Харовский,Вологодская область,муниципальный округ,60.06657438985286,40.1581346783789,12814.0,56509.7
1070,Чагодощенский муниципальный округ,Чагодощенский,Вологодская область,муниципальный округ,59.06713843389494,35.36398646363578,10919.0,65786.9
1071,Череповецкий муниципальный район,Череповецкий,Вологодская область,муниципальный район,59.08219202665964,37.866906248115306,39202.0,77639.9
1072,Шекснинский муниципальный район,Шекснинский,Вологодская область,муниципальный район,59.25250277713853,38.63421982506899,28758.0,64438.2
1107,городской округ Иваново,Иваново,Ивановская область,городской округ,57.00241196143373,40.98449681208139,358437.0,60499.5
1108,городской округ Вичуга,Вичуга,Ивановская область,городской округ,57.20643984313789,41.91375037735661,29623.0,38989.2
1109,городской округ Кинешма,Кинешма,Ивановская область,городской округ,57.43790064271859,42.14247512610599,74804.0,45411.7
1110,городской округ Кохма,Кохма,Ивановская область,городской округ,56.93202894353995,41.09838742852112,30181.0,48308.4
1111,городской округ Тейково,Тейково,Ивановская область,городской округ,56.85679505813718,40.53550993222882,30506.0,43157.2
1112,городской округ Шуя,Шуя,Ивановская область,городской округ,56.85162572824491,41.3702644254761,53312.0,53084.6
1113,Вичугский муниципальный район,Вичугский,Ивановская область,муниципальный район,57.25179394283375,41.93362593346239,15732.0,39526.4
1115,Гаврилово-Посадский муниципальный район,Гаврилово-Посадский,Ивановская область,муниципальный район,56.628398082657256,40.10083721925892,11865.0,47938.5
1116,Заволжский муниципальный район,Заволжский,Ивановская область,муниципальный район,57.5539882796269,41.9877618273846,12153.0,41322.1
1117,Ивановский муниципальный район,Ивановский,Ивановская область,муниципальный район,57.026186823617344,41.00592132986659,40478.0,62846.8
1118,Ильинский муниципальный район,Ильинский,Ивановская область,муниципальный район,56.94962543222903,39.81352758260222,7336.0,42474.4
1119,Кинешемский муниципальный район,Кинешемский,Ивановская область,муниципальный район,57.37845763809823,42.45863044687782,17408.0,43331.1
1120,Комсомольский муниципальный район,Комсомольский,Ивановская область,муниципальный район,57.11393670040924,40.38008020877933,19537.0,55184.8
1121,Лежневский муниципальный район,Лежневский,Ивановская область,муниципальный район,56.74036579236613,40.89005250114277,14905.0,58888.5
1122,Лухский муниципальный район,Лухский,Ивановская область,муниципальный район,57.01462871112979,42.4224324725886,7399.0,40833.5
1123,Палехский муниципальный район,Палехский,Ивановская область,муниципальный район,56.81650415132527,41.95550784057508,8518.0,48758.0
1124,Пестяковский муниципальный район,Пестяковский,Ивановская область,муниципальный район,56.6080852717872,42.6072260777627,4744.0,42939.3
1125,Приволжский муниципальный район,Приволжский,Ивановская область,муниципальный район,57.34091096845723,41.39414304103288,21589.0,49070.0
1126,Пучежский муниципальный район,Пучежский,Ивановская область,муниципальный район,56.97143888575132,42.98826374369823,10538.0,42853.9
1127,Родниковский муниципальный район,Родниковский,Ивановская область,муниципальный район,57.08489767994638,41.722002037707,29807.0,44956.0
1128,Савинский муниципальный район,Савинский,Ивановская область,муниципальный район,56.57948494882647,41.29739861742511,9719.0,44763.1
1129,Тейковский муниципальный район,Тейковский,Ивановская область,муниципальный район,56.787785248630335,40.468941128196526,9988.0,41697.3
1130,Фурмановский муниципальный район,Фурмановский,Ивановская область,муниципальный район,57.22983676740503,41.02641839667377,33630.0,55508.6
1131,Шуйский муниципальный район,Шуйский,Ивановская область,муниципальный район,56.83641994187288,41.43312418044577,19184.0,42714.8
1132,Южский муниципальный район,Южский,Ивановская область,муниципальный район,56.5707828972002,42.03269616516569,19100.0,46097.5
1133,Юрьевецкий муниципальный район,Юрьевецкий,Ивановская область,муниципальный район,57.28584099122782,42.92648356154135,11464.0,39515.0
1134,городской округ город Иркутск,Иркутск,Иркутская область,городской округ,52.31450453714682,104.28068560485028,606369.0,100088.5
1135,городской округ Ангарский,Ангарский,Иркутская область,городской округ,52.37968082200585,103.72448152653848,229085.0,81000.1
1136,городской округ город Братск,Братск,Иркутская область,городской округ,56.2015318197672,101.66864990455412,220097.0,92229.0
1137,городской округ Зима,Зима,Иркутская область,городской округ,53.911503342560685,102.04910587406536,29877.0,78591.9
1138,городской округ город Саянск,Саянск,Иркутская область,городской округ,54.08157021637551,102.1358951847757,35724.0,68906.5
1139,городской округ город Тулун,Тулун,Иркутская область,городской округ,54.549990996156936,100.5942455376588,37583.0,66572.9
1140,городской округ город Усолье-Сибирское,Усолье-Сибирское,Иркутская область,городской округ,52.76757467658143,103.63143794256332,72594.0,65751.7
1141,городской округ город Усть-Илимск,Усть-Илимск,Иркутская область,городской округ,57.99386381544272,102.70311539071692,77762.0,87337.6
1142,городской округ город Черемхово,Черемхово,Иркутская область,городской округ,53.13148015021847,103.10748954738207,53160.0,69323.6
1143,городской округ город Свирск,Свирск,Иркутская область,городской округ,53.065865012439005,103.34872082530872,15270.0,62609.4
1144,Балаганский муниципальный район,Балаганский,Иркутская область,муниципальный район,54.67646159522614,102.87934178368184,8577.0,62240.4
1146,Братский муниципальный район,Братский,Иркутская область,муниципальный район,55.9115593380022,101.6967277965024,47236.0,87830.9
1147,Жигаловский муниципальный район,Жигаловский,Иркутская область,муниципальный район,54.95848225059285,105.3626057954664,9747.0,126671.1
1148,Заларинский муниципальный район,Заларинский,Иркутская область,муниципальный район,53.28345527793019,101.5715532889306,26236.0,63924.6
1149,Зиминский муниципальный район,Зиминский,Иркутская область,муниципальный район,53.821401510989325,101.64193211259892,12070.0,61874.5
1150,Иркутский муниципальный район,Иркутский,Иркутская область,муниципальный район,52.28949601512844,104.91038076150176,167989.0,65699.5
1151,Казачинско-Ленский муниципальный район,Казачинско-Ленский,Иркутская область,муниципальный район,56.08429555234447,108.04511747038175,14910.0,121226.2
1152,Катангский муниципальный район,Катангский,Иркутская область,муниципальный район,60.9436025287209,107.454826191551,3016.0,153356.8
1153,Качугский муниципальный район,Качугский,Иркутская область,муниципальный район,54.11660534939247,106.63021000877504,15044.0,62604.1
1154,Киренский муниципальный район,Киренский,Иркутская область,муниципальный район,57.97314401316345,109.20780570732636,15936.0,117123.7
1155,Куйтунский муниципальный район,Куйтунский,Иркутская область,муниципальный район,54.53932197388581,101.60024899092808,26931.0,60342.8
1157,Нижнеилимский муниципальный район,Нижнеилимский,Иркутская область,муниципальный район,56.87349370895009,103.75505410192224,41873.0,92977.7
1158,Нижнеудинский муниципальный район,Нижнеудинский,Иркутская область,муниципальный район,54.37732399436671,98.34702570053192,51698.0,73923.1
1159,Ольхонский муниципальный район,Ольхонский,Иркутская область,муниципальный район,53.2894333757246,107.2089506522093,10483.0,61544.3
1160,Слюдянский муниципальный район,Слюдянский,Иркутская область,муниципальный район,51.61274306201992,104.0090357931596,38424.0,74683.2
1161,Тайшетский муниципальный район,Тайшетский,Иркутская область,муниципальный район,56.24034159920139,97.94076965656028,69773.0,86393.9
1163,Усольский муниципальный район,Усольский,Иркутская область,муниципальный район,52.41763216108458,103.20904702942738,47850.0,83332.4
1164,Усть-Илимский муниципальный район,Усть-Илимский,Иркутская область,муниципальный район,57.97710090411588,102.68518039513464,12734.0,112935.1
1165,Усть-Кутский муниципальный район,Усть-Кутский,Иркутская область,муниципальный район,56.98477053872863,105.90685676550476,41633.0,134257.8
1166,Усть-Удинский муниципальный район,Усть-Удинский,Иркутская область,муниципальный район,55.15485660184467,103.88510031747444,13291.0,58666.6
1167,Черемховский муниципальный район,Черемховский,Иркутская область,муниципальный район,52.76953049465957,102.26939183959604,28180.0,63332.0
1168,Чунский муниципальный район,Чунский,Иркутская область,муниципальный район,56.78269663215496,99.70889375816203,26448.0,63915.8
1169,Шелеховский муниципальный район,Шелеховский,Иркутская область,муниципальный район,52.030725695487206,103.83432196875816,63683.0,88482.8
1170,Аларский муниципальный район,Аларский,Иркутская область,муниципальный район,53.31085155026573,102.7800806916312,22320.0,61995.6
1171,Баяндаевский муниципальный район,Баяндаевский,Иркутская область,муниципальный район,53.14083094942792,105.57503491268528,11534.0,63986.9
1172,Боханский муниципальный район,Боханский,Иркутская область,муниципальный район,53.153560436221774,103.92241875371138,25159.0,60665.0
1173,Нукутский муниципальный район,Нукутский,Иркутская область,муниципальный район,53.75125547376784,102.8746342978041,14902.0,62010.3
1174,Осинский муниципальный район,Осинский,Иркутская область,муниципальный район,53.60416322172244,104.03739100063726,20704.0,61815.9
1175,Эхирит-Булагатский муниципальный район,Эхирит-Булагатский,Иркутская область,муниципальный район,52.92143558108296,104.9195564660753,29626.0,59167.2
1176,городской округ город Калининград,Калининград,Калининградская область,городской округ,54.70856900947927,20.45105398033428,489584.0,80295.6
1178,городской округ Мамоновский,Мамоновский,Калининградская область,городской округ,54.45972596904795,19.957796687786143,8458.0,56117.9
1179,городской округ Пионерский,Пионерский,Калининградская область,городской округ,54.94632324671944,20.221784593197864,12928.0,71932.3
1180,городской округ Светловский,Светловский,Калининградская область,городской округ,54.70908029752198,20.20000424170174,27486.0,105631.8
1181,городской округ Советский,Советский,Калининградская область,городской округ,55.07490439189103,21.8615468517316,38474.0,61178.7
1184,городской округ Балтийский,Балтийский,Калининградская область,городской округ,54.68293333481001,19.96236677523724,29289.0,49215.8
1185,муниципальный округ Гвардейский,Гвардейский,Калининградская область,муниципальный округ,54.65546175044876,21.07330497552901,28931.0,56213.3
1186,муниципальный округ Гурьевский,Гурьевский,Калининградская область,муниципальный округ,54.75463177334007,20.643903770488595,110395.0,77261.7
1187,городской округ Гусевский,Гусевский,Калининградская область,городской округ,54.62800073939013,22.182589165642856,37472.0,53619.0
1188,муниципальный округ Зеленоградский,Зеленоградский,Калининградская область,муниципальный округ,54.87456317473262,20.29410172623217,39588.0,74304.6
1189,муниципальный округ Краснознаменский,Краснознаменский,Калининградская область,муниципальный округ,54.87919548842911,22.50398761513871,10823.0,62379.2
1190,городской округ Светлогорский,Светлогорский,Калининградская область,городской округ,54.93758055662055,20.0970938410808,21165.0,66207.1
1191,муниципальный округ Неманский,Неманский,Калининградская область,муниципальный округ,54.94220354195742,22.009506612444657,15267.0,60846.2
1192,муниципальный округ Нестеровский,Нестеровский,Калининградская область,муниципальный округ,54.53231959817139,22.526561284187476,11632.0,61643.1
1193,муниципальный округ Озерский,Озерский,Калининградская область,муниципальный округ,54.424700001553326,21.95403128253966,12553.0,56999.8
1194,муниципальный округ Полесский,Полесский,Калининградская область,муниципальный округ,54.83500682321881,21.25443573722304,17007.0,60342.0
1195,муниципальный округ Правдинский,Правдинский,Калининградская область,муниципальный округ,54.44681263869655,21.184648753775903,18045.0,72264.6
1196,муниципальный округ Славский,Славский,Калининградская область,муниципальный округ,55.03351601529775,21.518088098800263,15573.0,46801.7
1197,муниципальный округ Черняховский,Черняховский,Калининградская область,муниципальный округ,54.66404065378545,21.73700374177967,45312.0,62572.9
1198,городской округ город Калуга,Калуга,Калужская область,городской округ,54.55569442890096,36.22967316498961,351103.0,79422.4
1200,Бабынинский муниципальный район,Бабынинский,Калужская область,муниципальный район,54.42661847585329,35.76138261362571,20665.0,68312.5
1201,Барятинский муниципальный район,Барятинский,Калужская область,муниципальный район,54.33917451561327,34.54464471572641,5446.0,59608.3
1203,Дзержинский муниципальный район,Дзержинский,Калужская область,муниципальный район,54.71890086301537,35.869790949454355,56426.0,68888.7
1204,Думиничский муниципальный район,Думиничский,Калужская область,муниципальный район,53.93263250908408,35.032651850395844,13284.0,42288.3
1205,Жиздринский муниципальный район,Жиздринский,Калужская область,муниципальный район,53.66050835189578,34.73374152805634,9807.0,44104.3
1206,Жуковский муниципальный район,Жуковский,Калужская область,муниципальный район,55.00085991553806,36.89006907807014,60240.0,83534.0
1207,Кировский муниципальный район,Кировский,Калужская область,муниципальный район,54.1164447064884,34.373182756714,37540.0,56599.0
1208,Износковский муниципальный район,Износковский,Калужская область,муниципальный район,55.01065994046244,35.40672551943131,6363.0,68389.6
1209,Козельский муниципальный район,Козельский,Калужская область,муниципальный район,54.03580755533302,35.82320995086144,38129.0,56722.2
1210,Куйбышевский муниципальный район,Куйбышевский,Калужская область,муниципальный район,54.08061150359949,33.841774098676915,7291.0,56391.3
1211,Людиновский муниципальный район,Людиновский,Калужская область,муниципальный район,53.911759568405536,34.48748582928545,38134.0,61454.2
1212,Малоярославецкий муниципальный район,Малоярославецкий,Калужская область,муниципальный район,54.88819830859168,36.392440992687945,69194.0,77128.2
1213,Медынский муниципальный район,Медынский,Калужская область,муниципальный район,55.07698882757621,35.825356788092044,12187.0,49871.7
1214,Мещовский муниципальный район,Мещовский,Калужская область,муниципальный район,54.34203710847794,35.303724122194126,11280.0,48563.5
1215,Мосальский муниципальный район,Мосальский,Калужская область,муниципальный район,54.552232213261306,34.85603933043997,9032.0,49701.5
1217,Спас-Деменский муниципальный район,Спас-Деменский,Калужская область,муниципальный район,54.40006825872968,33.97551415970682,7334.0,48916.0
1218,Сухиничский муниципальный район,Сухиничский,Калужская область,муниципальный район,54.11582541028716,35.24101725620128,22227.0,50460.2
1219,Тарусский муниципальный район,Тарусский,Калужская область,муниципальный район,54.71579843673939,37.01360645963669,16375.0,65384.6
1220,Ульяновский муниципальный район,Ульяновский,Калужская область,муниципальный район,53.704910510888986,35.58939675731653,6942.0,56053.3
1221,Ферзиковский муниципальный район,Ферзиковский,Калужская область,муниципальный район,54.5196739656904,36.68028591957186,18112.0,72028.2
1222,Хвастовичский муниципальный район,Хвастовичский,Калужская область,муниципальный район,53.48138987482697,35.1349983758115,9685.0,48986.0
1223,Юхновский муниципальный район,Юхновский,Калужская область,муниципальный район,54.71455933912683,35.2567913892711,12596.0,48955.6
1224,городской округ Кемеровский,Кемеровский,Кемеровская область,городской округ,55.37934687800832,86.08214982801923,544600.0,77793.8
1225,городской округ Анжеро-Судженский,Анжеро-Судженский,Кемеровская область,городской округ,56.0514581386135,86.09227305050452,69293.0,54175.5
1226,городской округ Беловский,Беловский,Кемеровская область,городской округ,54.3656000241312,86.28653743443853,119175.0,71657.3
1227,городской округ Березовский,Березовский,Кемеровская область,городской округ,55.64158145338488,86.26136530467522,45757.0,64498.2
1228,городской округ Калтанский,Калтанский,Кемеровская область,городской округ,53.493764237570055,87.28935291148774,29026.0,70769.5
1229,городской округ Киселевский,Киселевский,Кемеровская область,городской округ,54.013014553409405,86.57809379254635,85300.0,68025.3
1230,городской округ Ленинск-Кузнецкий,Ленинск-Кузнецкий,Кемеровская область,городской округ,54.66213312824836,86.18067587108861,90570.0,69133.2
1231,городской округ Междуреченский,Междуреченский,Кемеровская область,городской округ,53.79692899061321,88.60122183229784,96216.0,76520.8
1232,городской округ Мысковский,Мысковский,Кемеровская область,городской округ,53.61823972550773,87.70784151412522,41229.0,68218.9
1233,городской округ Новокузнецкий,Новокузнецкий,Кемеровская область,городской округ,53.79759219477312,87.1925347620312,531186.0,71643.2
1234,городской округ Осинниковский,Осинниковский,Кемеровская область,городской округ,53.641234473626064,87.3893992645944,43655.0,63422.8
1235,городской округ Полысаевский,Полысаевский,Кемеровская область,городской округ,54.5713963268331,86.27226061116372,27901.0,72218.1
1236,городской округ Прокопьевский,Прокопьевский,Кемеровская область,городской округ,53.87474643184344,86.73416177778402,172618.0,57334.1
1237,городской округ Тайгинский,Тайгинский,Кемеровская область,городской округ,56.11851474385473,85.68408302728027,23065.0,64184.6
1238,городской округ Юргинский,Юргинский,Кемеровская область,городской округ,55.71736633470663,84.90535245711155,78009.0,47192.9
1240,Беловский муниципальный округ,Беловский,Кемеровская область,муниципальный округ,54.41701306365974,86.67669357126785,24823.0,84135.1
1241,Гурьевский муниципальный округ,Гурьевский,Кемеровская область,муниципальный округ,54.3779561531028,85.596354578817,36402.0,63985.3
1242,Ижморский муниципальный округ,Ижморский,Кемеровская область,муниципальный округ,56.14227895548841,86.80020726990065,9689.0,47315.5
1243,Кемеровский муниципальный округ,Кемеровский,Кемеровская область,муниципальный округ,55.51302936593172,86.27249966849189,45263.0,78691.2
1244,Крапивинский муниципальный округ,Крапивинский,Кемеровская область,муниципальный округ,54.95929756573872,87.09883270080704,21713.0,47217.0
1246,Мариинский муниципальный округ,Мариинский,Кемеровская область,муниципальный округ,56.39676116229665,87.79925522615235,50597.0,45788.2
1249,Промышленновский муниципальный округ,Промышленновский,Кемеровская область,муниципальный округ,54.91318593206709,85.44755249759854,45477.0,51912.5
1250,Таштагольский муниципальный район,Таштагольский,Кемеровская область,муниципальный район,52.82545845414205,88.12535552711438,48876.0,60700.5
1251,Тисульский муниципальный округ,Тисульский,Кемеровская область,муниципальный округ,55.3780233158508,88.1340295070725,17957.0,58358.3
1252,Топкинский муниципальный округ,Топкинский,Кемеровская область,муниципальный округ,55.30921487934896,85.42008165865937,40525.0,56833.6
1253,Тяжинский муниципальный округ,Тяжинский,Кемеровская область,муниципальный округ,56.08610702821451,88.75846576062602,18381.0,44868.5
1254,Чебулинский муниципальный округ,Чебулинский,Кемеровская область,муниципальный округ,55.78831284167645,87.52208834139525,12997.0,43965.5
1256,Яйский муниципальный округ,Яйский,Кемеровская область,муниципальный округ,56.24838928356564,86.19566491460748,15502.0,47515.0
1257,Яшкинский муниципальный округ,Яшкинский,Кемеровская область,муниципальный округ,55.910359469847606,85.41180724386109,26089.0,55554.9
1258,городской округ город Киров,Киров,Кировская область,городской округ,58.59433543626295,49.48967585111995,500457.0,71313.0
1259,городской округ город Вятские Поляны,Вятские Поляны,Кировская область,городской округ,56.23592275850472,51.0542796514069,28922.0,51795.0
1260,городской округ город Кирово-Чепецк,Кирово-Чепецк,Кировская область,городской округ,58.54059581504028,50.02520348753709,64571.0,66540.6
1261,городской округ город Котельнич,Котельнич,Кировская область,городской округ,58.30529226079173,48.32551546364554,19454.0,47149.4
1262,городской округ город Слободской,Слободской,Кировская область,городской округ,58.71750992694402,50.18954457703618,28479.0,54829.1
1264,муниципальный округ Арбажский,Арбажский,Кировская область,муниципальный округ,57.76745668277229,48.32704520774944,4257.0,43781.2
1265,муниципальный округ Афанасьевский,Афанасьевский,Кировская область,муниципальный округ,58.88833214708615,53.2607031698009,10517.0,41260.4
1266,Белохолуницкий муниципальный район,Белохолуницкий,Кировская область,муниципальный район,59.03764915355763,51.24622184751125,15062.0,44284.2
1267,муниципальный округ Богородский,Богородский,Кировская область,муниципальный округ,57.85538232856268,50.80796604484753,3151.0,52350.7
1268,муниципальный округ Верхнекамский,Верхнекамский,Кировская область,муниципальный округ,59.757713045925136,52.57118933257146,19600.0,47299.7
1269,Верхошижемский муниципальный район,Верхошижемский,Кировская область,муниципальный район,57.99139621389645,49.14033826491737,6778.0,48704.7
1270,Вятскополянский муниципальный район,Вятскополянский,Кировская область,муниципальный район,56.25070403961782,51.16721464472349,22503.0,42873.6
1271,Даровской муниципальный район,Даровской,Кировская область,муниципальный район,59.023424958788766,47.81870758091033,8117.0,43238.2
1272,Зуевский муниципальный район,Зуевский,Кировская область,муниципальный район,58.362331235683165,51.08115729756629,16435.0,52984.0
1273,муниципальный округ Кикнурский,Кикнурский,Кировская область,муниципальный округ,57.344667760782,47.12665971507909,6384.0,38942.9
1274,Кильмезский муниципальный район,Кильмезский,Кировская область,муниципальный район,57.02359426866915,50.97135671286562,9573.0,42344.0
1275,Кирово-Чепецкий муниципальный район,Кирово-Чепецкий,Кировская область,муниципальный район,58.37907405357485,50.14993303413793,19898.0,57342.1
1276,Котельничский муниципальный район,Котельничский,Кировская область,муниципальный район,58.27577618624077,48.10450655501893,9945.0,46001.0
1277,Куменский муниципальный район,Куменский,Кировская область,муниципальный район,58.13202814537468,50.07680012376471,14038.0,57854.2
1278,муниципальный округ Лебяжский,Лебяжский,Кировская область,муниципальный округ,57.30629469875331,49.4669444264357,5283.0,40689.3
1279,муниципальный округ Лузский,Лузский,Кировская область,муниципальный округ,60.65516103299359,47.84483238083386,12427.0,45723.0
1280,Малмыжский муниципальный район,Малмыжский,Кировская область,муниципальный район,56.59491002274494,50.70418921479581,19801.0,44116.7
1281,муниципальный округ Мурашинский,Мурашинский,Кировская область,муниципальный округ,59.35073257165271,48.719679562608825,8746.0,65023.4
1282,Нагорский муниципальный район,Нагорский,Кировская область,муниципальный район,59.55605097619017,50.78294091795821,6225.0,44270.2
1284,Нолинский муниципальный район,Нолинский,Кировская область,муниципальный район,57.591086858908206,49.82280888764473,15213.0,43969.9
1285,Омутнинский муниципальный район,Омутнинский,Кировская область,муниципальный район,58.81080988876096,52.30532644273979,33193.0,55132.6
1286,муниципальный округ Опаринский,Опаринский,Кировская область,муниципальный округ,59.723125938478375,47.80841071888617,6571.0,46554.0
1287,Оричевский муниципальный район,Оричевский,Кировская область,муниципальный район,58.29417191721687,48.96384474195356,24539.0,50711.2
1288,Орловский муниципальный район,Орловский,Кировская область,муниципальный район,58.70316088800185,48.78123979959933,9136.0,49280.8
1289,муниципальный округ Пижанский,Пижанский,Кировская область,муниципальный округ,57.40148926572034,48.51522425599729,7903.0,45963.3
1290,Подосиновский муниципальный район,Подосиновский,Кировская область,муниципальный район,60.23492550005109,47.33586466707951,11195.0,47295.1
1291,муниципальный округ Санчурский,Санчурский,Кировская область,муниципальный округ,57.01860707751079,47.2116907362845,6900.0,39558.7
1292,муниципальный округ Свечинский,Свечинский,Кировская область,муниципальный округ,58.334750422213766,47.58357102525603,5744.0,44029.9
1293,Слободской муниципальный район,Слободской,Кировская область,муниципальный район,58.85394629185707,50.15267148510496,32057.0,51617.9
1294,Советский муниципальный район,Советский,Кировская область,муниципальный район,57.53151089080604,48.97345060136458,21424.0,48817.2
1295,Сунский муниципальный район,Сунский,Кировская область,муниципальный район,57.8776319772188,50.04569534568142,4826.0,50882.6
1296,Тужинский муниципальный район,Тужинский,Кировская область,муниципальный район,57.60327751530274,47.82623108584355,5475.0,39954.9
1297,муниципальный округ Унинский,Унинский,Кировская область,муниципальный округ,57.671239995091085,51.42156795675135,5751.0,44072.1
1298,Уржумский муниципальный район,Уржумский,Кировская область,муниципальный район,57.068920136993135,50.08410602812091,19396.0,46534.2
1299,муниципальный округ Фаленский,Фаленский,Кировская область,муниципальный округ,58.2070718750955,51.57688825786229,7168.0,44839.4
1300,Шабалинский муниципальный район,Шабалинский,Кировская область,муниципальный район,58.362004320456464,46.95958417441386,7140.0,44357.5
1301,Юрьянский муниципальный район,Юрьянский,Кировская область,муниципальный район,59.01804390295764,49.23481203304544,15836.0,61840.7
1302,Яранский муниципальный район,Яранский,Кировская область,муниципальный район,57.23096129132311,47.93357714178855,19268.0,44396.5
1303,городской округ город Кострома,Кострома,Костромская область,городской округ,57.78005525915345,40.93030835406404,265761.0,67574.4
1304,городской округ город Буй,Буй,Костромская область,городской округ,58.479748766725166,41.53669939668952,19938.0,63047.3
1305,городской округ город Волгореченск,Волгореченск,Костромская область,городской округ,57.44467894038058,41.16278508650174,14030.0,72931.3
1306,городской округ город Галич,Галич,Костромская область,городской округ,58.380218149137,42.36662992921388,12488.0,53922.7
1308,городской округ город Шарья,Шарья,Костромская область,городской округ,58.37501089853728,45.48360918497178,30008.0,55333.6
1309,Антроповский муниципальный район,Антроповский,Костромская область,муниципальный район,58.21530316360097,42.99779523478386,4987.0,43449.9
1310,Буйский муниципальный район,Буйский,Костромская область,муниципальный район,58.608021844233626,41.50361447708355,8634.0,40017.6
1311,Вохомский муниципальный район,Вохомский,Костромская область,муниципальный район,59.16650963334511,46.62953123943029,6543.0,42235.8
1312,Галичский муниципальный район,Галичский,Костромская область,муниципальный район,58.39048403584177,42.26260553243099,6258.0,62147.2
1313,Кадыйский муниципальный район,Кадыйский,Костромская область,муниципальный район,57.74066747153177,43.10353805839064,5744.0,40498.1
1314,Кологривский муниципальный округ,Кологривский,Костромская область,муниципальный округ,58.949513786068586,44.19744831712066,3925.0,38820.9
1315,Костромской муниципальный район,Костромской,Костромская область,муниципальный район,57.90716820731159,40.98677480003224,40577.0,51506.7
1316,Красносельский муниципальный район,Красносельский,Костромская область,муниципальный район,57.58512760644659,41.331625241548494,16012.0,77237.1
1317,Макарьевский муниципальный район,Макарьевский,Костромская область,муниципальный район,57.78433091024456,44.04120333457918,9933.0,40165.1
1319,Межевской муниципальный округ,Межевской,Костромская область,муниципальный округ,58.86867423583289,45.03046363164137,2703.0,43755.6
1320,Нейский муниципальный округ,Нейский,Костромская область,муниципальный округ,58.38383760781849,43.97594790722021,9904.0,47761.7
1321,муниципальный район город Нерехта и Нерехтский район,Нерехта и Нерехтский,Костромская область,муниципальный район,57.4450786176148,40.74724901775488,27921.0,57044.8
1322,Октябрьский муниципальный район,Октябрьский,Костромская область,муниципальный район,59.00715699724847,47.12819925214278,3257.0,43080.4
1323,Островский муниципальный округ,Островский,Костромская область,муниципальный округ,57.82316429723923,42.3253375951699,8787.0,43225.9
1324,Павинский муниципальный округ,Павинский,Костромская область,муниципальный округ,59.11601500478833,46.14050726100234,2935.0,40332.4
1325,Парфеньевский муниципальный округ,Парфеньевский,Костромская область,муниципальный округ,58.58341263283919,43.5007442023612,4283.0,41821.5
1326,Поназыревский муниципальный округ,Поназыревский,Костромская область,муниципальный округ,58.4557373650416,46.35832357687615,4593.0,41439.4
1327,Пыщугский муниципальный округ,Пыщугский,Костромская область,муниципальный округ,58.90824688324819,45.62032418090106,3269.0,43290.7
1328,Солигаличский муниципальный округ,Солигаличский,Костромская область,муниципальный округ,59.05314239318366,42.19850160597472,7528.0,48518.8
1329,Судиславский муниципальный район,Судиславский,Костромская область,муниципальный район,57.90878487424104,41.68782226336854,10748.0,52917.0
1330,Сусанинский муниципальный район,Сусанинский,Костромская область,муниципальный район,58.15337094394852,41.56116320572794,5566.0,46712.5
1331,Чухломский муниципальный район,Чухломский,Костромская область,муниципальный район,58.8999575975747,42.99143508642073,7653.0,39180.1
1333,городской округ город Курган,Курган,Курганская область,городской округ,55.42890073491971,65.33454678573716,302354.0,75790.7
1334,городской округ город Шадринск,Шадринск,Курганская область,городской округ,56.12554965652796,63.70216471987293,67884.0,64595.2
1335,Альменевский муниципальный округ,Альменевский,Курганская область,муниципальный округ,54.882520932272016,63.35352490001488,7380.0,45029.1
1336,Белозерский муниципальный округ,Белозерский,Курганская область,муниципальный округ,55.928564732490486,65.50678610107944,12696.0,46685.9
1337,Варгашинский муниципальный округ,Варгашинский,Курганская область,муниципальный округ,55.55947008939516,66.04054901513672,15485.0,55881.0
1338,Далматовский муниципальный округ,Далматовский,Курганская область,муниципальный округ,56.2222381876271,63.10645286222954,22136.0,58179.8
1339,Звериноголовский муниципальный округ,Звериноголовский,Курганская область,муниципальный округ,54.48814292800036,64.82776449013389,6573.0,43140.4
1340,Каргапольский муниципальный округ,Каргапольский,Курганская область,муниципальный округ,55.89502811760996,64.54291034111446,25283.0,51130.4
1341,Катайский муниципальный округ,Катайский,Курганская область,муниципальный округ,56.18148730518043,62.48477055859336,18565.0,51186.3
1343,Куртамышский муниципальный округ,Куртамышский,Курганская область,муниципальный округ,54.82092783297108,64.47002554376223,24231.0,48743.6
1344,Лебяжьевский муниципальный округ,Лебяжьевский,Курганская область,муниципальный округ,55.28106446711365,66.53899303020418,10941.0,47412.1
1345,муниципальный округ Макушинский,Макушинский,Курганская область,муниципальный округ,55.15932112714892,67.18142473100215,11993.0,54038.3
1346,Мишкинский муниципальный округ,Мишкинский,Курганская область,муниципальный округ,55.40720400514117,63.8137533851616,12441.0,49546.9
1347,Мокроусовский муниципальный округ,Мокроусовский,Курганская область,муниципальный округ,55.75110910370107,66.88001460718702,8983.0,45432.5
1348,Петуховский муниципальный округ,Петуховский,Курганская область,муниципальный округ,55.155387196116806,67.98097803341203,13666.0,48003.8
1349,Половинский муниципальный округ,Половинский,Курганская область,муниципальный округ,54.85035820600702,66.0528839573591,7740.0,45206.2
1350,Притобольный муниципальный округ,Притобольный,Курганская область,муниципальный округ,54.86014062187266,65.28674890906875,9619.0,49686.9
1351,Сафакулевский муниципальный округ,Сафакулевский,Курганская область,муниципальный округ,54.88470098814232,62.45081999905143,10385.0,44629.8
1352,Целинный муниципальный округ,Целинный,Курганская область,муниципальный округ,54.48183265356651,63.69023045539526,11754.0,43999.1
1353,Частоозерский муниципальный округ,Частоозерский,Курганская область,муниципальный округ,55.52465752389634,67.91960060031774,4540.0,45036.5
1355,Шатровский муниципальный округ,Шатровский,Курганская область,муниципальный округ,56.44244101630016,64.68863538072891,13663.0,43750.6
1356,муниципальный округ Шумихинский,Шумихинский,Курганская область,муниципальный округ,55.390568176487065,63.2210904441811,23519.0,53181.2
1357,Щучанский муниципальный округ,Щучанский,Курганская область,муниципальный округ,55.36225609228292,62.63951786978554,15866.0,55419.1
1358,Юргамышский муниципальный округ,Юргамышский,Курганская область,муниципальный округ,55.40295621375121,64.43236618638888,15694.0,60492.6
1392,Бокситогорский муниципальный район,Бокситогорский,Ленинградская область,муниципальный район,59.54230283978752,34.61687769475822,50855.0,75396.5
1393,Волосовский муниципальный район,Волосовский,Ленинградская область,муниципальный район,59.35192171373408,29.34956789752377,50257.0,68765.7
1394,Волховский муниципальный район,Волховский,Ленинградская область,муниципальный район,60.25007001687688,32.414027863961,78679.0,77006.3
1395,Всеволожский муниципальный район,Всеволожский,Ленинградская область,муниципальный район,60.28544384055681,30.78262338785472,571142.0,99062.8
1396,Выборгский муниципальный район,Выборгский,Ленинградская область,муниципальный район,60.55235404370069,28.86674298033473,194689.0,91584.5
1397,Гатчинский муниципальный район,Гатчинский,Ленинградская область,муниципальный район,59.375755190786045,30.175970850041463,261522.0,82586.4
1398,Кингисеппский муниципальный район,Кингисеппский,Ленинградская область,муниципальный район,59.77777962105717,27.928858243932808,83361.0,123058.2
1399,Киришский муниципальный район,Киришский,Ленинградская область,муниципальный район,59.459489362131016,32.2686463285543,58942.0,85514.2
1400,Кировский муниципальный район,Кировский,Ленинградская область,муниципальный район,60.00442148736269,31.4580368322905,108186.0,86859.3
1401,Лодейнопольский муниципальный район,Лодейнопольский,Ленинградская область,муниципальный район,60.55505370390636,33.55216347791938,27168.0,59047.6
1402,Ломоносовский муниципальный район,Ломоносовский,Ленинградская область,муниципальный район,59.81841497759084,29.42192635737168,90576.0,115167.4
1403,Лужский муниципальный район,Лужский,Ленинградская область,муниципальный район,58.85453574020274,29.809677029686743,74392.0,70100.0
1404,Подпорожский муниципальный район,Подпорожский,Ленинградская область,муниципальный район,60.85371458776346,34.69668278767311,25067.0,61376.2
1405,Приозерский муниципальный район,Приозерский,Ленинградская область,муниципальный район,60.80760729685852,30.288153845446544,56730.0,70647.0
1406,Сланцевский муниципальный район,Сланцевский,Ленинградская область,муниципальный район,59.08485728385911,28.357249760186484,44406.0,77914.9
1407,Тихвинский муниципальный район,Тихвинский,Ленинградская область,муниципальный район,59.86689304225916,33.82710641287824,65782.0,82246.9
1408,Тосненский муниципальный район,Тосненский,Ленинградская область,муниципальный район,59.375475243852165,31.019584774865155,130546.0,81263.9
1409,городской округ Сосновоборский,Сосновоборский,Ленинградская область,городской округ,59.87768712327746,29.0941170118539,63462.0,120590.6
1410,городской округ город Липецк,Липецк,Липецкая область,городской округ,52.599059278686624,39.605907698377685,485260.0,80260.6
1411,городской округ город Елец,Елец,Липецкая область,городской округ,52.6169061792124,38.51251228530766,94902.0,60220.9
1412,Воловский муниципальный район,Воловский,Липецкая область,муниципальный район,52.04991547832796,37.96285434674939,12286.0,42462.7
1413,Грязинский муниципальный район,Грязинский,Липецкая область,муниципальный район,52.47383813782422,39.86676889809589,77383.0,77641.9
1414,Данковский муниципальный район,Данковский,Липецкая область,муниципальный район,53.31601009585667,38.95973870093773,31514.0,59157.2
1415,Добринский муниципальный район,Добринский,Липецкая область,муниципальный район,52.1781391430746,40.35938764535607,32283.0,65120.6
1416,Добровский муниципальный район,Добровский,Липецкая область,муниципальный район,52.90186142324588,39.7819681320571,26993.0,43185.2
1417,Долгоруковский муниципальный район,Долгоруковский,Липецкая область,муниципальный район,52.34003168228347,38.35456688454155,15713.0,56006.8
1419,Задонский муниципальный район,Задонский,Липецкая область,муниципальный район,52.44378814315054,38.92018855115025,33205.0,71890.0
1420,Измалковский муниципальный район,Измалковский,Липецкая область,муниципальный район,52.64418651767001,37.99910848432832,14799.0,44710.7
1421,Краснинский муниципальный район,Краснинский,Липецкая область,муниципальный район,52.89298500293448,38.7559263565556,13181.0,67414.5
1422,Лебедянский муниципальный район,Лебедянский,Липецкая область,муниципальный район,52.97848344365939,39.16983293710906,38865.0,65478.8
1423,Лев-Толстовский муниципальный район,Лев-Толстовский,Липецкая область,муниципальный район,53.24742696580927,39.53111488565019,16181.0,62104.5
1425,Становлянский муниципальный район,Становлянский,Липецкая область,муниципальный район,52.87109642575782,38.25378178250854,16521.0,49907.3
1426,Тербунский муниципальный район,Тербунский,Липецкая область,муниципальный район,52.1269931736266,38.371298796264185,20466.0,62431.8
1427,Усманский муниципальный район,Усманский,Липецкая область,муниципальный район,52.14155717021293,39.74917397777063,49178.0,53900.6
1428,Хлевенский муниципальный район,Хлевенский,Липецкая область,муниципальный район,52.179144961534526,39.124005064796414,18262.0,59234.2
1429,Чаплыгинский муниципальный район,Чаплыгинский,Липецкая область,муниципальный район,53.28393188948631,39.88581930217549,29850.0,59232.0
1430,городской округ город Магадан,Магадан,Магаданская область,городской округ,59.718418808556656,150.84057518032347,94768.0,155268.7
1431,муниципальный округ Ольский,Ольский,Магаданская область,муниципальный округ,59.92146300268044,151.3080511153293,8658.0,116776.1
1438,муниципальный округ Ягоднинский,Ягоднинский,Магаданская область,муниципальный округ,62.60365095839245,150.2572988787967,5934.0,167101.4
1439,городской округ Балашиха,Балашиха,Московская область,городской округ,55.78621848576555,37.966354812008845,554248.0,102186.6
1440,городской округ Бронницы,Бронницы,Московская область,городской округ,55.4161591785228,38.24828977800592,20981.0,79343.4
1443,городской округ Дзержинский,Дзержинский,Московская область,городской округ,55.62383067459028,37.84148839097542,57434.0,108785.2
1444,городской округ Долгопрудный,Долгопрудный,Московская область,городской округ,55.95077010513253,37.501719991805935,119089.0,140511.0
1445,городской округ Домодедово,Домодедово,Московская область,городской округ,55.32037209325141,37.83461901061993,226573.0,116808.3
1446,городской округ Дубна,Дубна,Московская область,городской округ,56.74229646941456,37.17215019785328,74032.0,119658.1
1447,городской округ Егорьевск,Егорьевск,Московская область,городской округ,55.301170684110176,39.2978066209004,111759.0,82618.9
1448,городской округ Жуковский,Жуковский,Московская область,городской округ,55.574362806136186,38.109627008182166,110083.0,116756.8
1449,городской округ Зарайск,Зарайск,Московская область,городской округ,54.73373859708584,38.89794725857431,36618.0,65077.5
1453,городской округ Истра,Истра,Московская область,городской округ,55.93589153300212,36.7428017205177,171213.0,111672.8
1454,городской округ Кашира,Кашира,Московская область,городской округ,54.75843850994493,38.2878004412245,65747.0,85341.4
1456,городской округ Королёв,Королёв,Московская область,городской округ,55.91289055478433,37.86252346501158,226007.0,117436.2
1457,городской округ Котельники,Котельники,Московская область,городской округ,55.6548479038036,37.86425401204795,72311.0,118773.0
1459,городской округ Красногорск,Красногорск,Московская область,городской округ,55.82208278784868,37.2350526766779,335991.0,137301.9
1461,городской округ Лобня,Лобня,Московская область,городской округ,56.02831292086422,37.46649710302394,81143.0,161420.5
1463,городской округ Луховицы,Луховицы,Московская область,городской округ,54.953524116972936,39.206356689423615,61079.0,92259.2
1464,городской округ Лыткарино,Лыткарино,Московская область,городской округ,55.57797845819881,37.91462255495276,66526.0,111222.9
1465,городской округ Люберцы,Люберцы,Московская область,городской округ,55.65136534059451,37.96327625108243,364888.0,112072.0
1467,городской округ Мытищи,Мытищи,Московская область,городской округ,56.010871494321016,37.64501934180889,309564.0,110614.2
1468,городской округ Наро-Фоминский,Наро-Фоминский,Московская область,городской округ,55.36306719886271,36.52652648065963,198501.0,89700.3
1472,городской округ Подольск,Подольск,Московская область,городской округ,55.38214458322022,37.54929466068283,350634.0,172415.1
1473,городской округ Протвино,Протвино,Московская область,городской округ,54.880715392056736,37.210529892505846,37221.0,91076.8
1474,городской округ Пущино,Пущино,Московская область,городской округ,54.827901849791125,37.61478365478393,19342.0,86843.1
1475,городской округ Реутов,Реутов,Московская область,городской округ,55.7615274354854,37.86330994874888,112070.0,107100.5
1477,городской округ Рузский,Рузский,Московская область,городской округ,55.70782706731477,36.278402663747386,79874.0,91991.8
1478,городской округ Серебряные Пруды,Серебряные Пруды,Московская область,городской округ,54.47075044839352,38.63782844028928,23278.0,70705.8
1480,городской округ Ступино,Ступино,Московская область,городской округ,55.05704703641702,38.09446249595002,118129.0,102284.6
1481,городской округ Фрязино,Фрязино,Московская область,городской округ,55.9606904864286,38.046791763956215,58677.0,123955.5
1483,городской округ Черноголовка,Черноголовка,Московская область,городской округ,56.02240538148426,38.376719161462646,21254.0,142578.8
1484,городской округ Чехов,Чехов,Московская область,городской округ,55.14848014518067,37.42867904608359,146643.0,92079.7
1486,городской округ Шаховская,Шаховская,Московская область,городской округ,55.98417034026658,35.459487716081085,29743.0,71927.4
1488,городской округ Электросталь,Электросталь,Московская область,городской округ,55.75097205355264,38.43589145520413,150729.0,174519.6
1489,городской округ Волоколамский,Волоколамский,Московская область,городской округ,56.01023257373449,35.97063138359889,64721.0,77087.1
1490,городской округ Воскресенск,Воскресенск,Московская область,городской округ,55.38178916013598,38.64247912246419,160755.0,89073.4
1491,городской округ Дмитровский,Дмитровский,Московская область,городской округ,56.36264651541812,37.42257457572753,163081.0,89670.2
1492,городской округ Клин,Клин,Московская область,городской округ,56.33075527543847,36.59503370019618,148545.0,82878.8
1493,городской округ Ленинский,Ленинский,Московская область,городской округ,55.54773739256922,37.77117199286072,327211.0,118959.9
1494,городской округ Лотошино,Лотошино,Московская область,городской округ,56.29754166977146,35.73067093069879,21886.0,61386.3
1495,городской округ Можайский,Можайский,Московская область,городской округ,55.50812560260901,35.69884780496904,92529.0,71940.1
1496,городской округ Богородский,Богородский,Московская область,городской округ,55.87069940292259,38.38023172994086,220062.0,106506.2
1500,городской округ Раменский,Раменский,Московская область,городской округ,55.48554853440192,38.25116289276194,338109.0,97837.0
1501,городской округ Сергиево-Посадский,Сергиево-Посадский,Московская область,городской округ,56.458291573117215,38.09209934623876,207827.0,90162.6
1504,городской округ Талдомский,Талдомский,Московская область,городской округ,56.7273744403503,37.63495305667994,64165.0,86441.7
1506,городской округ город Мурманск,Мурманск,Мурманская область,городской округ,68.96562423301253,33.11008621086713,266681.0,125235.4
1507,муниципальный округ город Апатиты,Апатиты,Мурманская область,муниципальный округ,67.45866406102002,33.1442479779909,48277.0,100902.6
1508,муниципальный округ город Кировск,Кировск,Мурманская область,муниципальный округ,67.49568755104558,34.12863590177957,25984.0,155467.1
1509,муниципальный округ город Мончегорск,Мончегорск,Мурманская область,муниципальный округ,67.93254210474282,32.49611884303636,41427.0,110712.0
1510,муниципальный округ город Оленегорск,Оленегорск,Мурманская область,муниципальный округ,68.07304971283659,33.47386129311333,27867.0,100016.8
1511,муниципальный округ город Полярные Зори,Полярные Зори,Мурманская область,муниципальный округ,67.45360023208778,32.52353178367015,15634.0,142415.5
1512,Ковдорский муниципальный округ,Ковдорский,Мурманская область,муниципальный округ,67.57572338698243,31.09212173276468,16803.0,118867.3
1518,Кандалакшский муниципальный район,Кандалакшский,Мурманская область,муниципальный район,66.96844270426188,31.20122137396604,39330.0,93922.5
1519,Кольский муниципальный район,Кольский,Мурманская область,муниципальный район,68.66666963617797,32.04426113957114,33201.0,138007.3
1520,Ловозерский муниципальный район,Ловозерский,Мурманская область,муниципальный район,67.70912380611242,37.55519665719496,8770.0,86372.9
1521,Печенгский муниципальный округ,Печенгский,Мурманская область,муниципальный округ,69.45388162843552,31.172932965998136,29632.0,106442.9
1522,Терский муниципальный район,Терский,Мурманская область,муниципальный район,66.5832650692491,36.50602091001859,4698.0,85974.2
1523,городской округ город Нижний Новгород,Нижний Новгород,Нижегородская область,городской округ,56.27816668314497,43.871876732500006,1228702.0,91812.7
1525,городской округ город Бор,Бор,Нижегородская область,городской округ,56.42457204590606,44.431812166560086,117552.0,70599.6
1526,городской округ город Выкса,Выкса,Нижегородская область,городской округ,55.179487269386456,42.243175167134325,72393.0,91080.7
1527,городской округ город Дзержинск,Дзержинск,Нижегородская область,городской округ,56.27576953240752,43.49923359946164,225251.0,81689.3
1528,городской округ город Кулебаки,Кулебаки,Нижегородская область,городской округ,55.36542910194223,42.604000192910895,45056.0,69693.7
1529,городской округ Навашинский,Навашинский,Нижегородская область,городской округ,55.58333834642473,42.50325033360455,20671.0,63569.1
1530,городской округ Перевозский,Перевозский,Нижегородская область,городской округ,55.58962490379628,44.50889200052479,16026.0,51293.7
1532,городской округ Семеновский,Семеновский,Нижегородская область,городской округ,56.89179172421306,44.55427973040713,45405.0,52030.2
1533,городской округ город Шахунья,Шахунья,Нижегородская область,городской округ,57.772215065372585,46.49787682625718,28511.0,50743.1
1534,городской округ город Первомайск,Первомайск,Нижегородская область,городской округ,54.94764282663109,43.83422576291117,17117.0,63925.0
1535,городской округ Сокольский,Сокольский,Нижегородская область,городской округ,57.22151394379424,43.42782952190006,10807.0,55072.0
1536,городской округ город Чкаловск,Чкаловск,Нижегородская область,городской округ,56.67966577931296,43.06974851416161,19063.0,51333.1
1537,Ардатовский муниципальный округ,Ардатовский,Нижегородская область,муниципальный округ,55.316480656288185,43.12054670074517,22161.0,51079.9
1539,Балахнинский муниципальный округ,Балахнинский,Нижегородская область,муниципальный округ,56.46752821528509,43.40145974071188,72219.0,64085.0
1540,Богородский муниципальный округ,Богородский,Нижегородская область,муниципальный округ,56.018050011411006,43.61066917474703,57639.0,54887.8
1541,Большеболдинский муниципальный округ,Большеболдинский,Нижегородская область,муниципальный округ,54.996451111998574,45.21926650375804,10172.0,52302.9
1542,Большемурашкинский муниципальный округ,Большемурашкинский,Нижегородская область,муниципальный округ,55.801938808535134,44.725651455764165,10258.0,54463.0
1543,Бутурлинский муниципальный округ,Бутурлинский,Нижегородская область,муниципальный округ,55.51448919274799,44.88892807276973,12910.0,50073.9
1544,Вадский муниципальный округ,Вадский,Нижегородская область,муниципальный округ,55.49547560634297,44.215175865043214,13290.0,60421.0
1545,Варнавинский муниципальный округ,Варнавинский,Нижегородская область,муниципальный округ,57.50157151904595,44.89058416030522,9653.0,42530.2
1546,Вачский муниципальный округ,Вачский,Нижегородская область,муниципальный округ,55.79861762167148,42.68379209125392,16730.0,47172.5
1547,Ветлужский муниципальный округ,Ветлужский,Нижегородская область,муниципальный округ,57.8604071725814,45.48914280059322,12521.0,43677.4
1548,Вознесенский муниципальный округ,Вознесенский,Нижегородская область,муниципальный округ,54.921560606016,42.80927038851207,14309.0,46674.6
1549,Володарский муниципальный округ,Володарский,Нижегородская область,муниципальный округ,56.3234988891364,42.98803872474414,47925.0,65717.5
1550,городской округ Воротынский,Воротынский,Нижегородская область,городской округ,56.18858249831188,45.748202393526654,13399.0,52483.8
1551,Воскресенский муниципальный округ,Воскресенский,Нижегородская область,муниципальный округ,56.82596079646284,45.5462021188392,16072.0,47142.8
1552,Гагинский муниципальный округ,Гагинский,Нижегородская область,муниципальный округ,55.231451719844245,44.98780707180523,9681.0,47769.7
1553,Городецкий муниципальный округ,Городецкий,Нижегородская область,муниципальный округ,56.71302632885153,43.62314937872441,80149.0,62205.1
1554,Дальнеконстантиновский муниципальный округ,Дальнеконстантиновский,Нижегородская область,муниципальный округ,55.81891137989227,44.0663897804585,20224.0,54917.0
1555,Дивеевский муниципальный округ,Дивеевский,Нижегородская область,муниципальный округ,55.08567264789111,43.3841885264095,14998.0,50658.3
1556,Княгининский муниципальный округ,Княгининский,Нижегородская область,муниципальный округ,55.79036389721089,45.154390202750335,10775.0,59292.5
1557,Ковернинский муниципальный округ,Ковернинский,Нижегородская область,муниципальный округ,57.20538875217035,43.98856481047629,17091.0,50912.6
1558,Краснобаковский муниципальный округ,Краснобаковский,Нижегородская область,муниципальный округ,57.15776939718103,45.25323684854908,18535.0,46131.5
1559,Краснооктябрьский муниципальный округ,Краснооктябрьский,Нижегородская область,муниципальный округ,55.30429765485066,45.53614809148637,8617.0,41238.2
1560,Кстовский муниципальный округ,Кстовский,Нижегородская область,муниципальный округ,56.05679334753633,44.31455738030576,121424.0,84669.9
1561,Лукояновский муниципальный округ,Лукояновский,Нижегородская область,муниципальный округ,54.94499176703095,44.48599934133069,25751.0,44283.8
1562,Лысковский муниципальный округ,Лысковский,Нижегородская область,муниципальный округ,56.1546731480499,45.15770022621458,34099.0,50198.4
1563,Павловский муниципальный округ,Павловский,Нижегородская область,муниципальный округ,56.0146123048118,43.05217621530839,91822.0,80613.9
1564,Пильнинский муниципальный округ,Пильнинский,Нижегородская область,муниципальный округ,55.58531876852064,45.97138807845553,18104.0,49832.0
1565,Починковский муниципальный округ,Починковский,Нижегородская область,муниципальный округ,54.68793851238932,44.73790871633584,25420.0,51450.7
1566,Сергачский муниципальный округ,Сергачский,Нижегородская область,муниципальный округ,55.55802345459532,45.44114534721057,26797.0,56148.0
1567,Сеченовский муниципальный округ,Сеченовский,Нижегородская область,муниципальный округ,55.20149270065413,45.90970041045143,13501.0,52087.9
1568,Сосновский муниципальный округ,Сосновский,Нижегородская область,муниципальный округ,55.73833621513396,43.22187050861226,16175.0,56960.6
1569,Спасский муниципальный округ,Спасский,Нижегородская область,муниципальный округ,55.87678396470634,45.594037994490215,9400.0,44624.7
1570,Тонкинский муниципальный округ,Тонкинский,Нижегородская область,муниципальный округ,57.3323570904162,46.3281728518364,7029.0,43416.7
1571,Тоншаевский муниципальный округ,Тоншаевский,Нижегородская область,муниципальный округ,57.76866358616117,47.21345155511971,14347.0,43387.0
1572,Уренский муниципальный округ,Уренский,Нижегородская область,муниципальный округ,57.48397577754274,45.80464623104712,27897.0,49860.5
1573,Шарангский муниципальный округ,Шарангский,Нижегородская область,муниципальный округ,57.10435637761667,46.46193248184216,11304.0,44175.6
1574,Шатковский муниципальный округ,Шатковский,Нижегородская область,муниципальный округ,55.20661325510356,44.24235670284236,22629.0,48417.6
1575,городской округ Великий Новгород,Великий Новгород,Новгородская область,городской округ,58.56422752236934,31.28572129270908,222340.0,75444.3
1577,Боровичский муниципальный район,Боровичский,Новгородская область,муниципальный район,58.42243339364103,34.031426630903496,60283.0,59524.5
1578,Валдайский муниципальный район,Валдайский,Новгородская область,муниципальный район,57.92502611805291,33.12833070027382,21712.0,59422.2
1579,муниципальный округ Волотовский,Волотовский,Новгородская область,муниципальный округ,57.862882665590895,30.71173735957535,4071.0,47694.2
1580,муниципальный округ Демянский,Демянский,Новгородская область,муниципальный округ,57.69412251617312,32.56274734870903,9515.0,47131.2
1581,муниципальный округ Крестецкий,Крестецкий,Новгородская область,муниципальный округ,58.28613736367946,32.415550302802856,11189.0,70229.5
1582,Любытинский муниципальный район,Любытинский,Новгородская область,муниципальный район,59.038502358461095,33.344440021172666,7088.0,56204.7
1583,Маловишерский муниципальный район,Маловишерский,Новгородская область,муниципальный район,58.81891270583118,32.419045797576814,13111.0,59223.2
1584,муниципальный округ Марёвский,Марёвский,Новгородская область,муниципальный округ,57.34594306180279,32.11744592809395,3202.0,43342.5
1585,муниципальный округ Мошенской,Мошенской,Новгородская область,муниципальный округ,58.48223789970087,34.80069998422398,5580.0,42513.7
1586,Новгородский муниципальный район,Новгородский,Новгородская область,муниципальный район,58.59646302019085,31.36203145883087,64120.0,66606.7
1587,Окуловский муниципальный район,Окуловский,Новгородская область,муниципальный район,58.42971282063032,33.1797757609726,18071.0,63637.5
1588,Парфинский муниципальный район,Парфинский,Новгородская область,муниципальный район,57.99110588170073,31.860716460500168,11516.0,46930.1
1589,муниципальный округ Пестовский,Пестовский,Новгородская область,муниципальный округ,58.61224838110322,35.64491755015272,18158.0,52642.3
1590,Поддорский муниципальный район,Поддорский,Новгородская область,муниципальный район,57.4636222883014,31.06348840112897,3220.0,43933.7
1591,муниципальный округ Солецкий,Солецкий,Новгородская область,муниципальный округ,58.07279082883149,30.175413758870423,10758.0,45516.0
1592,Старорусский муниципальный район,Старорусский,Новгородская область,муниципальный район,57.861775866157146,31.40480776180381,37508.0,53512.4
1593,муниципальный округ Хвойнинский,Хвойнинский,Новгородская область,муниципальный округ,58.90803553115963,34.48064840025622,13129.0,58128.9
1594,Холмский муниципальный район,Холмский,Новгородская область,муниципальный район,57.11221645506798,31.185267143130687,4643.0,54421.9
1595,Чудовский муниципальный район,Чудовский,Новгородская область,муниципальный район,59.1213939501092,31.808215841619603,18345.0,69403.2
1596,Шимский муниципальный район,Шимский,Новгородская область,муниципальный район,58.27065591699171,30.45005495559546,9113.0,55998.5
1597,городской округ город Новосибирск,Новосибирск,Новосибирская область,городской округ,54.99488665019968,82.96758698018253,1633851.0,78754.6
1598,городской округ город Бердск,Бердск,Новосибирская область,городской округ,54.74583201272939,83.07618857620974,102760.0,59108.5
1599,городской округ город Искитим,Искитим,Новосибирская область,городской округ,54.622695533969456,83.29899907374255,56654.0,63523.8
1600,городской округ город Обь,Обь,Новосибирская область,городской округ,54.99962584472252,82.67112533615114,31050.0,85436.2
1601,городской округ рабочий поселок Кольцово,Кольцово,Новосибирская область,городской округ,54.92764218724095,83.20155520670254,20883.0,108127.2
1602,Баганский муниципальный район,Баганский,Новосибирская область,муниципальный район,54.00561098915972,77.683157065886,13948.0,43568.8
1603,Барабинский муниципальный район,Барабинский,Новосибирская область,муниципальный район,55.09078210634944,78.14834899301118,38628.0,54331.7
1604,Болотнинский муниципальный район,Болотнинский,Новосибирская область,муниципальный район,55.71860902491724,84.18887509444474,25205.0,48692.5
1605,Венгеровский муниципальный район,Венгеровский,Новосибирская область,муниципальный район,55.91975793648336,76.92269837803983,14721.0,44699.4
1606,Доволенский муниципальный район,Доволенский,Новосибирская область,муниципальный район,54.51552417066982,79.66786047988934,12663.0,41826.5
1607,Здвинский муниципальный район,Здвинский,Новосибирская область,муниципальный район,54.65626429551941,78.66112466400999,11725.0,46176.6
1608,Искитимский муниципальный район,Искитимский,Новосибирская область,муниципальный район,54.5996351598607,83.3049212340458,58382.0,60110.3
1609,Карасукский муниципальный район,Карасукский,Новосибирская область,муниципальный район,53.74667026483316,78.09453404254299,38279.0,50870.5
1610,Каргатский муниципальный район,Каргатский,Новосибирская область,муниципальный район,55.13378015443418,80.35436593535205,14001.0,44773.7
1611,Колыванский муниципальный район,Колыванский,Новосибирская область,муниципальный район,55.889230155977145,82.60667262787962,24293.0,48725.9
1612,Коченевский муниципальный район,Коченевский,Новосибирская область,муниципальный район,55.07720933152872,81.97351762428025,45219.0,53807.9
1613,Кочковский муниципальный район,Кочковский,Новосибирская область,муниципальный район,54.27735136559354,80.40135969140567,11493.0,46554.6
1614,Краснозерский муниципальный район,Краснозерский,Новосибирская область,муниципальный район,53.99416190245676,79.16821326619291,27453.0,48759.4
1615,Куйбышевский муниципальный район,Куйбышевский,Новосибирская область,муниципальный район,55.72776910699157,78.48953735758059,53654.0,51386.6
1616,Купинский муниципальный район,Купинский,Новосибирская область,муниципальный район,54.33850902165662,77.33824558158356,25382.0,45843.5
1617,Кыштовский муниципальный район,Кыштовский,Новосибирская область,муниципальный район,56.7770514135758,77.03988175151781,8984.0,44944.0
1618,Маслянинский муниципальный район,Маслянинский,Новосибирская область,муниципальный район,54.42721129619488,84.36832408447032,23528.0,54424.0
1619,Мошковский муниципальный район,Мошковский,Новосибирская область,муниципальный район,55.34620736115909,83.56997141158313,40479.0,55579.5
1620,Новосибирский муниципальный район,Новосибирский,Новосибирская область,муниципальный район,54.94201331907794,82.87494698772109,170131.0,69145.8
1621,Ордынский муниципальный район,Ордынский,Новосибирская область,муниципальный район,54.37190136314602,81.73612720330009,33623.0,50150.9
1622,Северный муниципальный район,Северный,Новосибирская область,муниципальный район,56.45640411505641,78.86197816228147,7319.0,42768.5
1623,Сузунский муниципальный район,Сузунский,Новосибирская область,муниципальный район,53.95358901473061,82.33900464334755,31042.0,43292.4
1624,Татарский муниципальный район,Татарский,Новосибирская область,муниципальный район,55.17361230491274,75.80721905636818,36645.0,48832.0
1625,Тогучинский муниципальный район,Тогучинский,Новосибирская область,муниципальный район,55.02715413529661,84.37388496961346,53463.0,48823.7
1626,Убинский муниципальный район,Убинский,Новосибирская область,муниципальный район,55.7782861870524,80.29814613709814,11277.0,42038.4
1627,Усть-Таркский муниципальный район,Усть-Таркский,Новосибирская область,муниципальный район,55.80000122050551,75.80843793167658,10681.0,43499.3
1628,Чановский муниципальный район,Чановский,Новосибирская область,муниципальный район,55.22825945133222,77.01488461881007,20323.0,50346.1
1629,Черепановский муниципальный район,Черепановский,Новосибирская область,муниципальный район,54.20806642757622,83.30790076075434,49025.0,49608.5
1630,Чистоозерный муниципальный район,Чистоозерный,Новосибирская область,муниципальный район,54.61095591422308,76.37605962456838,13809.0,41844.1
1631,Чулымский муниципальный район,Чулымский,Новосибирская область,муниципальный район,55.161267114658,81.23969838504422,18959.0,50802.1
1632,городской округ город Омск,Омск,Омская область,городской округ,54.97824720094584,73.36940983241986,1104485.0,77427.2
1633,Азовский немецкий национальный муниципальный район,Азовский немецкий,Омская область,муниципальный район,54.64015047869331,73.02678660938457,25339.0,50337.3
1634,Большереченский муниципальный район,Большереченский,Омская область,муниципальный район,56.17384013248391,74.32378131566718,21499.0,45128.4
1635,Большеуковский муниципальный район,Большеуковский,Омская область,муниципальный район,56.93971860734338,72.30760968402538,5838.0,44267.3
1636,Горьковский муниципальный район,Горьковский,Омская область,муниципальный район,55.46662428987256,74.10123441450038,18069.0,43825.7
1637,Знаменский муниципальный район,Знаменский,Омская область,муниципальный район,57.20126529649272,73.61123999340339,9777.0,42358.2
1638,Исилькульский муниципальный район,Исилькульский,Омская область,муниципальный район,54.94460094325434,71.31891409493325,35262.0,46016.7
1639,Калачинский муниципальный район,Калачинский,Омская область,муниципальный район,54.98700308984796,74.74678976556488,35486.0,52071.7
1640,Колосовский муниципальный район,Колосовский,Омская область,муниципальный район,56.38303789255408,73.47175679150341,8763.0,43047.7
1641,Кормиловский муниципальный район,Кормиловский,Омская область,муниципальный район,54.95030832751448,74.11571146926572,23179.0,53569.9
1642,Крутинский муниципальный район,Крутинский,Омская область,муниципальный район,56.25065532962042,71.47069954296602,12735.0,46049.3
1643,Любинский муниципальный район,Любинский,Омская область,муниципальный район,55.29233943142048,72.5437710442967,38168.0,50588.3
1644,Марьяновский муниципальный район,Марьяновский,Омская область,муниципальный район,54.89643636759637,72.53109946090399,25313.0,50511.5
1645,Москаленский муниципальный район,Москаленский,Омская область,муниципальный район,54.90973259767599,71.8962184912792,26392.0,48378.3
1646,Муромцевский муниципальный район,Муромцевский,Омская область,муниципальный район,56.33422668689709,75.38088878016339,16992.0,42808.4
1647,Называевский муниципальный район,Называевский,Омская область,муниципальный район,55.553962424906544,71.200934101064,17786.0,46477.2
1648,Нижнеомский муниципальный район,Нижнеомский,Омская область,муниципальный район,55.60247411216567,74.87138018372052,12230.0,43901.7
1649,Нововаршавский муниципальный район,Нововаршавский,Омская область,муниципальный район,54.0340534096578,74.57467198620715,20369.0,50341.4
1650,Одесский муниципальный район,Одесский,Омская область,муниципальный район,54.17596766167991,72.8613970405376,15856.0,47241.1
1651,Оконешниковский муниципальный район,Оконешниковский,Омская область,муниципальный район,54.72471961652092,75.21171776491217,11776.0,45186.1
1652,Омский муниципальный район,Омский,Омская область,муниципальный район,55.04579217627733,73.54730009617748,100576.0,55625.4
1653,Павлоградский муниципальный район,Павлоградский,Омская область,муниципальный район,54.17624625517041,73.70980567620424,17473.0,48039.5
1654,Полтавский муниципальный район,Полтавский,Омская область,муниципальный район,54.36054269970269,71.58490475033034,18147.0,47737.2
1655,Русско-Полянский муниципальный район,Русско-Полянский,Омская область,муниципальный район,53.75233237592913,73.93137585335313,15619.0,44913.0
1656,Саргатский муниципальный район,Саргатский,Омская область,муниципальный район,55.7570260448269,73.35044625352424,15815.0,44770.5
1657,Седельниковский муниципальный район,Седельниковский,Омская область,муниципальный район,57.01523581608832,75.57262610717252,8137.0,43667.2
1658,Таврический муниципальный район,Таврический,Омская область,муниципальный район,54.50088720137951,73.6897904334109,33312.0,47839.0
1659,Тарский муниципальный район,Тарский,Омская область,муниципальный район,57.51859842893555,74.63496324782068,39838.0,49200.2
1660,Тевризский муниципальный район,Тевризский,Омская область,муниципальный район,57.71589707435433,72.77650429975452,11958.0,45468.8
1661,Тюкалинский муниципальный район,Тюкалинский,Омская область,муниципальный район,55.96495884715165,72.40263797303896,19114.0,46387.1
1662,Усть-Ишимский муниципальный район,Усть-Ишимский,Омская область,муниципальный район,57.83091953893971,71.08376570053375,9157.0,44483.8
1663,Черлакский муниципальный район,Черлакский,Омская область,муниципальный район,54.27514704759199,75.06476621988521,24866.0,44547.8
1664,Шербакульский муниципальный район,Шербакульский,Омская область,муниципальный район,54.51274069419805,72.45037801186491,18767.0,45717.9
1665,городской округ город Оренбург,Оренбург,Оренбургская область,городской округ,51.67612422875557,54.89232180608102,550344.0,77401.4
1666,городской округ Абдулинский,Абдулинский,Оренбургская область,городской округ,53.73265011862596,53.53974650873538,23381.0,63306.4
1667,городской округ город Бугуруслан,Бугуруслан,Оренбургская область,городской округ,53.63833063258876,52.401646009092005,42519.0,59751.9
1668,городской округ город Бузулук,Бузулук,Оренбургская область,городской округ,52.77397764380135,52.27019957955327,88339.0,79778.4
1669,городской округ Гайский,Гайский,Оренбургская область,городской округ,51.473480150010914,58.33537256522287,39040.0,83424.5
1670,городской округ Кувандыкский,Кувандыкский,Оренбургская область,городской округ,51.40000002029245,57.46196781145944,40357.0,51752.6
1671,городской округ город Медногорск,Медногорск,Оренбургская область,городской округ,51.39626873336146,57.59927331100085,24149.0,64872.6
1672,городской округ город Новотроицк,Новотроицк,Оренбургская область,городской округ,51.23368862144134,58.26852468325242,79410.0,74255.2
1673,городской округ город Орск,Орск,Оренбургская область,городской округ,51.31564470562024,58.70341330361393,190318.0,74043.2
1674,городской округ Соль-Илецкий,Соль-Илецкий,Оренбургская область,городской округ,51.12075631838118,54.81129763416986,45181.0,50777.4
1675,городской округ Сорочинский,Сорочинский,Оренбургская область,городской округ,52.38810741591615,53.20937695910372,39845.0,48696.2
1676,городской округ Ясненский,Ясненский,Оренбургская область,городской округ,51.08746169765114,59.94142183781593,17793.0,64263.7
1678,Адамовский муниципальный район,Адамовский,Оренбургская область,муниципальный район,51.58578059470907,60.00470528815254,18976.0,43601.6
1679,Акбулакский муниципальный район,Акбулакский,Оренбургская область,муниципальный район,50.97179519710533,55.7854745558014,19016.0,41483.2
1680,Александровский муниципальный район,Александровский,Оренбургская область,муниципальный район,52.64239698111958,54.39298870541727,12753.0,53187.5
1681,Асекеевский муниципальный район,Асекеевский,Оренбургская область,муниципальный район,53.434885279334594,52.96734708439266,15753.0,50076.5
1682,Беляевский муниципальный район,Беляевский,Оренбургская область,муниципальный район,51.35716802890831,56.347730048569616,13156.0,50165.4
1683,Бугурусланский муниципальный район,Бугурусланский,Оренбургская область,муниципальный район,53.66366892151911,52.60299530784547,16252.0,53931.6
1685,Грачёвский муниципальный район,Грачёвский,Оренбургская область,муниципальный район,52.987330455708246,52.98958162071634,10558.0,53369.0
1686,Домбаровский муниципальный район,Домбаровский,Оренбургская область,муниципальный район,50.82535978445771,59.320177778833546,11105.0,54897.1
1687,Илекский муниципальный район,Илекский,Оренбургская область,муниципальный район,51.5020274409776,53.7829668432991,25229.0,47564.7
1688,Кваркенский муниципальный район,Кваркенский,Оренбургская область,муниципальный район,52.15064012408104,59.41557569648568,14438.0,53385.3
1689,Красногвардейский муниципальный район,Красногвардейский,Оренбургская область,муниципальный район,52.827920566347295,53.553020797161125,16960.0,45739.4
1690,Курманаевский муниципальный район,Курманаевский,Оренбургская область,муниципальный район,52.3969091539109,51.86101269421087,14152.0,51089.2
1691,Матвеевский муниципальный район,Матвеевский,Оренбургская область,муниципальный район,53.35857882639978,53.5223705937424,8826.0,50219.0
1692,Новоорский муниципальный район,Новоорский,Оренбургская область,муниципальный район,51.46214476677611,59.08843695505412,23447.0,65573.1
1693,Новосергиевский муниципальный район,Новосергиевский,Оренбургская область,муниципальный район,52.1500708921308,53.75393813847784,28827.0,55143.1
1694,Октябрьский муниципальный район,Октябрьский,Оренбургская область,муниципальный район,52.37721698759519,55.232241975688055,17079.0,53243.7
1696,Первомайский муниципальный район,Первомайский,Оренбургская область,муниципальный район,51.8466710577385,51.64013872308034,20575.0,53986.9
1697,Переволоцкий муниципальный район,Переволоцкий,Оренбургская область,муниципальный район,51.97756660965285,54.32847974434149,20288.0,54376.2
1698,Пономарёвский муниципальный район,Пономарёвский,Оренбургская область,муниципальный район,53.21717090213957,54.15557151872948,12885.0,43159.2
1699,Сакмарский муниципальный район,Сакмарский,Оренбургская область,муниципальный район,52.072657910582166,55.29865269835682,29252.0,54767.9
1700,Саракташский муниципальный район,Саракташский,Оренбургская область,муниципальный район,51.84329747922864,56.30077299494808,39786.0,51540.8
1701,Светлинский муниципальный район,Светлинский,Оренбургская область,муниципальный район,51.03146549270666,60.97572738486187,9689.0,45985.6
1702,Северный муниципальный район,Северный,Оренбургская область,муниципальный район,54.12656717398152,52.7489674099477,10754.0,60306.4
1703,Ташлинский муниципальный район,Ташлинский,Оренбургская область,муниципальный район,51.79490024525937,52.81233856024499,19856.0,57467.1
1704,Тоцкий муниципальный район,Тоцкий,Оренбургская область,муниципальный район,52.32680415776347,52.55449534682083,30816.0,46971.3
1705,Тюльганский муниципальный район,Тюльганский,Оренбургская область,муниципальный район,52.36130342721117,56.08652517376685,17089.0,42087.2
1706,Шарлыкский муниципальный район,Шарлыкский,Оренбургская область,муниципальный район,52.90621569197966,54.81350121100215,14855.0,46125.0
1707,городской округ город Орёл,Орёл,Орловская область,городской округ,52.96082146877783,36.089225966859225,292406.0,61277.0
1708,городской округ город Ливны,Ливны,Орловская область,городской округ,52.42270906988859,37.59992520547952,42694.0,51959.9
1709,городской округ город Мценск,Мценск,Орловская область,городской округ,53.28171855111498,36.569714928944016,35554.0,53229.6
1710,Болховский муниципальный район,Болховский,Орловская область,муниципальный район,53.433916404853086,36.00341067893378,14977.0,45166.3
1711,Верховский муниципальный район,Верховский,Орловская область,муниципальный район,52.71266283111088,37.24866633746563,14493.0,52594.0
1712,Глазуновский муниципальный район,Глазуновский,Орловская область,муниципальный район,52.45939779610215,36.218757914342085,10168.0,49502.0
1714,Должанский муниципальный район,Должанский,Орловская область,муниципальный район,52.0976564917264,37.497445538774585,8587.0,50892.8
1715,Залегощенский муниципальный район,Залегощенский,Орловская область,муниципальный район,52.9028666879948,36.68238261519819,11724.0,48806.0
1717,Колпнянский муниципальный район,Колпнянский,Орловская область,муниципальный район,52.24117574927853,37.02460826441358,12286.0,69003.6
1718,Краснозоренский муниципальный район,Краснозоренский,Орловская область,муниципальный район,52.74620055857205,37.66181613060552,5084.0,50320.2
1719,Кромской муниципальный район,Кромской,Орловская область,муниципальный район,52.65384914159527,35.77444816784176,20537.0,54417.4
1722,Малоархангельский муниципальный район,Малоархангельский,Орловская область,муниципальный район,52.37517908449459,36.594979064509495,9312.0,46776.8
1724,Новодеревеньковский муниципальный район,Новодеревеньковский,Орловская область,муниципальный район,52.96555737622451,37.56549927504104,9028.0,51968.3
1725,Новосильский муниципальный район,Новосильский,Орловская область,муниципальный район,53.037051089233046,37.06253224250674,6534.0,50855.7
1726,муниципальный округ Орловский,Орловский,Орловская область,муниципальный округ,52.99567989486731,36.08797775969349,69588.0,65790.7
1727,Покровский муниципальный район,Покровский,Орловская область,муниципальный район,52.56728462103156,36.90929960216885,11873.0,53224.9
1728,Свердловский муниципальный район,Свердловский,Орловская область,муниципальный район,52.66744217451465,36.33059685122006,13337.0,49255.1
1730,Троснянский муниципальный район,Троснянский,Орловская область,муниципальный район,52.40485090451148,35.80991234250002,7678.0,54617.8
1731,Урицкий муниципальный район,Урицкий,Орловская область,муниципальный район,52.987489467262336,35.672186883749106,17284.0,43893.7
1732,Хотынецкий муниципальный район,Хотынецкий,Орловская область,муниципальный район,53.15831813890027,35.35524555484735,7819.0,53718.3
1733,Шаблыкинский муниципальный район,Шаблыкинский,Орловская область,муниципальный район,52.86078710130591,35.138168839013304,5835.0,60459.7
1737,Башмаковский муниципальный район,Башмаковский,Пензенская область,муниципальный район,53.23676113864624,42.83199544629757,19102.0,60294.0
1738,Бековский муниципальный район,Бековский,Пензенская область,муниципальный район,52.56704773129519,43.6834804491778,13474.0,48089.9
1739,Белинский муниципальный район,Белинский,Пензенская область,муниципальный район,52.976034572157886,43.392673351949824,23699.0,46192.3
1740,Бессоновский муниципальный район,Бессоновский,Пензенская область,муниципальный район,53.341518195623166,45.13897269508266,44901.0,62408.5
1741,Вадинский муниципальный район,Вадинский,Пензенская область,муниципальный район,53.65377782234816,43.04002180415826,7153.0,47719.8
1742,Городищенский муниципальный район,Городищенский,Пензенская область,муниципальный район,53.23163763057509,45.74547092269663,45419.0,47836.2
1743,Земетчинский муниципальный район,Земетчинский,Пензенская область,муниципальный район,53.58529477996875,42.482576382821385,18592.0,51322.9
1744,Иссинский муниципальный район,Иссинский,Пензенская область,муниципальный район,53.836419546079725,44.91332311739325,8268.0,48212.4
1745,Каменский муниципальный район,Каменский,Пензенская область,муниципальный район,53.104296893839255,44.012698151531225,48394.0,55626.9
1746,Камешкирский муниципальный район,Камешкирский,Пензенская область,муниципальный район,52.80112664105563,46.10485747286113,9895.0,42526.4
1747,Колышлейский муниципальный район,Колышлейский,Пензенская область,муниципальный район,52.73562887976032,44.52367355142295,20513.0,48162.6
1749,Лопатинский муниципальный район,Лопатинский,Пензенская область,муниципальный район,52.57415573469001,45.72196092957067,11327.0,47132.3
1750,Лунинский муниципальный район,Лунинский,Пензенская область,муниципальный район,53.66108687712944,45.26708309501283,15623.0,45966.3
1751,Малосердобинский муниципальный район,Малосердобинский,Пензенская область,муниципальный район,52.51126913039836,45.05708525612456,7959.0,40943.8
1752,Мокшанский муниципальный район,Мокшанский,Пензенская область,муниципальный район,53.47475851251868,44.48415681618947,23532.0,50058.6
1753,Наровчатский муниципальный район,Наровчатский,Пензенская область,муниципальный район,53.82945051377826,43.66340576017529,9756.0,48008.3
1754,Неверкинский муниципальный район,Неверкинский,Пензенская область,муниципальный район,52.798357349821885,46.666995769741256,13081.0,39738.6
1755,Нижнеломовский муниципальный район,Нижнеломовский,Пензенская область,муниципальный район,53.54828190287818,43.759891575090656,35595.0,65412.3
1756,Никольский муниципальный район,Никольский,Пензенская область,муниципальный район,53.71089515689709,45.94048933612063,27530.0,51354.5
1757,Пачелмский муниципальный район,Пачелмский,Пензенская область,муниципальный район,53.335682973247685,43.37012992433922,12972.0,47733.8
1758,Пензенский муниципальный район,Пензенский,Пензенская область,муниципальный район,52.98816719794152,44.85298646317967,66409.0,58702.9
1759,Сердобский муниципальный район,Сердобский,Пензенская область,муниципальный район,52.53822726252323,44.14250268942167,44283.0,47333.5
1760,Сосновоборский муниципальный район,Сосновоборский,Пензенская область,муниципальный район,53.36088590348832,46.25630458906989,13512.0,38565.0
1761,Спасский муниципальный район,Спасский,Пензенская область,муниципальный район,53.83705086338683,43.29219801508616,10833.0,50927.0
1762,Тамалинский муниципальный район,Тамалинский,Пензенская область,муниципальный район,52.63061474872335,43.342677116618034,12659.0,48864.2
1764,городской округ город Псков,Псков,Псковская область,городской округ,57.80811436004238,28.36496295730176,187129.0,63953.7
1765,городской округ город Великие Луки,Великие Луки,Псковская область,городской округ,56.33861302902699,30.541088899644237,85442.0,62918.6
1766,Бежаницкий муниципальный район,Бежаницкий,Псковская область,муниципальный район,57.06663843078502,29.969107360623337,9802.0,47785.3
1768,Гдовский муниципальный район,Гдовский,Псковская область,муниципальный район,58.60124023866816,27.963513694366657,8544.0,43483.6
1769,Дедовичский муниципальный район,Дедовичский,Псковская область,муниципальный район,57.49449395089093,29.986508232705063,11451.0,50884.3
1770,Дновский муниципальный район,Дновский,Псковская область,муниципальный район,57.80956374140874,30.106260233964456,10547.0,62309.5
1771,муниципальный округ Красногородский,Красногородский,Псковская область,муниципальный округ,56.79871186635805,28.245376910988327,6202.0,38848.7
1773,муниципальный округ Локнянский,Локнянский,Псковская область,муниципальный округ,56.81758378945242,30.327369994167764,7535.0,41230.4
1774,муниципальный округ Невельский,Невельский,Псковская область,муниципальный округ,56.00860664713327,29.79944489803177,20417.0,48842.2
1775,муниципальный округ Новоржевский,Новоржевский,Псковская область,муниципальный округ,57.09041332433103,29.306478670520047,7682.0,38828.1
1776,Новосокольнический муниципальный район,Новосокольнический,Псковская область,муниципальный район,56.43312567589136,29.97487930442401,11427.0,52751.2
1777,муниципальный округ Опочецкий,Опочецкий,Псковская область,муниципальный округ,56.68416126443355,28.807236192853107,14690.0,42888.8
1778,Островский муниципальный район,Островский,Псковская область,муниципальный район,57.29560579929584,28.546899571709112,26618.0,46005.5
1780,муниципальный округ Печорский,Печорский,Псковская область,муниципальный округ,57.763888753308166,27.721405908411928,18184.0,53153.1
1781,Плюсский муниципальный район,Плюсский,Псковская область,муниципальный район,58.55686293683965,29.11024922866328,6131.0,55319.8
1782,Порховский муниципальный район,Порховский,Псковская область,муниципальный район,57.72259625590657,29.368740037339265,14635.0,45317.9
1783,Псковский муниципальный район,Псковский,Псковская область,муниципальный район,57.90724136521668,28.4201019630158,44749.0,53166.2
1784,Пустошкинский муниципальный район,Пустошкинский,Псковская область,муниципальный район,56.38618208266973,29.38972656580843,7174.0,43254.7
1785,Пушкиногорский муниципальный район,Пушкиногорский,Псковская область,муниципальный район,57.00239502785781,28.794903861098355,7103.0,48343.6
1786,муниципальный округ Пыталовский,Пыталовский,Псковская область,муниципальный округ,57.05695855956563,27.95300701957425,9542.0,50507.8
1787,Себежский муниципальный район,Себежский,Псковская область,муниципальный район,56.26816012630341,28.690431010189343,18348.0,51684.5
1788,муниципальный округ Струго-Красненский,Струго-Красненский,Псковская область,муниципальный округ,58.21876527514826,28.992992781761348,9467.0,42718.1
1845,городской округ город Рязань,Рязань,Рязанская область,городской округ,54.63822550218097,39.72923028551159,520509.0,63591.8
1846,городской округ город Касимов,Касимов,Рязанская область,городской округ,54.94344658921204,41.392022607727526,27537.0,44889.1
1848,городской округ город Скопин,Скопин,Рязанская область,городской округ,53.79841757602073,39.54570361788098,25424.0,41017.1
1849,Ермишинский муниципальный район,Ермишинский,Рязанская область,муниципальный район,54.807666872687946,42.170863764388734,6511.0,42973.6
1850,Захаровский муниципальный район,Захаровский,Рязанская область,муниципальный район,54.41997296393893,39.23743691686398,7831.0,42297.1
1851,Кадомский муниципальный район,Кадомский,Рязанская область,муниципальный район,54.531529806270775,42.39056324364032,7386.0,33649.6
1852,Касимовский муниципальный район,Касимовский,Рязанская область,муниципальный район,54.94174202798015,41.40731792436416,27244.0,51666.2
1853,Клепиковский муниципальный район,Клепиковский,Рязанская область,муниципальный район,55.07939047054444,40.43847506755112,20955.0,43462.4
1854,Кораблинский муниципальный район,Кораблинский,Рязанская область,муниципальный район,53.97022355164348,40.06098378906738,21903.0,43636.5
1855,Милославский муниципальный район,Милославский,Рязанская область,муниципальный район,53.58741443932139,39.31662358233207,10730.0,38962.2
1856,Михайловский муниципальный район,Михайловский,Рязанская область,муниципальный район,54.15952799599302,39.02625721401689,31518.0,50677.0
1857,Александро-Невский муниципальный район,Александро-Невский,Рязанская область,муниципальный район,53.47879527729985,40.25957370819414,10529.0,43784.0
1858,Пителинский муниципальный район,Пителинский,Рязанская область,муниципальный район,54.600075964154215,41.72703989240177,4629.0,45638.6
1859,Пронский муниципальный район,Пронский,Рязанская область,муниципальный район,54.13162756221315,39.582672947797306,30144.0,46419.3
1860,Путятинский муниципальный округ,Путятинский,Рязанская область,муниципальный округ,54.1063568691213,41.10250282615131,,
1861,Рыбновский муниципальный район,Рыбновский,Рязанская область,муниципальный район,54.77168603550588,39.47102932085424,38973.0,66319.4
1862,Ряжский муниципальный округ,Ряжский,Рязанская область,муниципальный округ,53.68197447774787,40.08303369524372,,
1863,Рязанский муниципальный район,Рязанский,Рязанская область,муниципальный район,54.62933238576074,39.895769817634815,62396.0,57592.0
1864,Сапожковский муниципальный район,Сапожковский,Рязанская область,муниципальный район,53.98463622890983,40.68845686678643,9059.0,43440.8
1865,Сараевский муниципальный район,Сараевский,Рязанская область,муниципальный район,53.70864085196336,41.07440185942859,14601.0,44262.9
1868,Спасский муниципальный район,Спасский,Рязанская область,муниципальный район,54.554509143576816,40.538212074705136,24474.0,41006.0
1869,Старожиловский муниципальный район,Старожиловский,Рязанская область,муниципальный район,54.24094133919236,39.973866725731256,15692.0,47671.4
1870,Ухоловский муниципальный район,Ухоловский,Рязанская область,муниципальный район,53.749887960131,40.51884251475229,8264.0,37109.8
1871,Чучковский муниципальный район,Чучковский,Рязанская область,муниципальный район,54.29579538615391,41.44424363072965,6742.0,40250.2
1872,Шацкий муниципальный район,Шацкий,Рязанская область,муниципальный район,53.98278699850557,41.858932235836434,20503.0,42046.3
1873,Шиловский муниципальный район,Шиловский,Рязанская область,муниципальный район,54.423493662533616,40.97132554624083,34695.0,43213.8
1874,городской округ Самара,Самара,Самарская область,городской округ,53.26955073253256,50.15336224887603,1159044.0,81323.7
1875,городской округ Жигулевск,Жигулевск,Самарская область,городской округ,53.41281391306675,49.57735229515521,52171.0,64428.7
1876,городской округ Кинель,Кинель,Самарская область,городской округ,53.232193570650765,50.57591234933079,57721.0,61842.5
1877,городской округ Новокуйбышевск,Новокуйбышевск,Самарская область,городской округ,53.06225580675886,49.81979183323684,98550.0,70807.1
1878,городской округ Октябрьск,Октябрьск,Самарская область,городской округ,53.17717975676826,48.72011904367193,19887.0,63239.0
1879,городской округ Отрадный,Отрадный,Самарская область,городской округ,53.376926071890615,51.33462841097833,46480.0,76578.3
1880,городской округ Похвистнево,Похвистнево,Самарская область,городской округ,53.47612658808121,52.05288690194985,27685.0,55675.2
1881,городской округ Сызрань,Сызрань,Самарская область,городской округ,53.1218252349453,48.42190860443228,162372.0,66408.0
1883,городской округ Чапаевск,Чапаевск,Самарская область,городской округ,52.94385537914561,49.78682945616116,68824.0,64958.3
1884,Алексеевский муниципальный район,Алексеевский,Самарская область,муниципальный район,52.58396328894408,51.24207141839339,10499.0,50570.8
1885,Безенчукский муниципальный район,Безенчукский,Самарская область,муниципальный район,52.99298087532059,49.30063332478743,35844.0,59250.9
1886,Богатовский муниципальный район,Богатовский,Самарская область,муниципальный район,53.05733650918388,51.30802939390456,13052.0,54352.2
1887,Большеглушицкий муниципальный район,Большеглушицкий,Самарская область,муниципальный район,52.4320484284047,50.62387978417171,17856.0,52391.1
1888,Большечерниговский муниципальный район,Большечерниговский,Самарская область,муниципальный район,52.09284444577989,50.82027541196466,17085.0,51925.4
1889,Борский муниципальный район,Борский,Самарская область,муниципальный район,53.05104066154589,51.75184928637725,22166.0,48139.3
1890,Волжский муниципальный район,Волжский,Самарская область,муниципальный район,53.08531630263894,50.231864308008966,130495.0,77330.8
1891,Елховский муниципальный район,Елховский,Самарская область,муниципальный район,53.91507772628165,50.328266660248,9128.0,47937.6
1892,Исаклинский муниципальный район,Исаклинский,Самарская область,муниципальный район,54.02240340951763,51.59556076930281,12310.0,45915.4
1893,Камышлинский муниципальный район,Камышлинский,Самарская область,муниципальный район,54.05508550169057,52.184108417456414,10431.0,47809.8
1894,Кинельский муниципальный район,Кинельский,Самарская область,муниципальный район,53.193140718859766,50.830889143078814,30309.0,78024.4
1895,Кинель-Черкасский муниципальный район,Кинель-Черкасский,Самарская область,муниципальный район,53.4474676089418,51.45353571121483,40596.0,55781.2
1896,Клявлинский муниципальный район,Клявлинский,Самарская область,муниципальный район,54.29216434582898,52.09595243610283,13967.0,53888.6
1897,Кошкинский муниципальный район,Кошкинский,Самарская область,муниципальный район,54.23613993870717,50.48285713174698,20672.0,54399.4
1898,Красноармейский муниципальный район,Красноармейский,Самарская область,муниципальный район,52.70233821569076,49.921834827037735,15788.0,54573.0
1899,Красноярский муниципальный район,Красноярский,Самарская область,муниципальный район,53.59413071174264,50.40531044179967,56124.0,68328.3
1900,Нефтегорский муниципальный район,Нефтегорский,Самарская область,муниципальный район,52.79865670222451,50.91459234247977,31958.0,56101.5
1901,Пестравский муниципальный район,Пестравский,Самарская область,муниципальный район,52.374144289247965,49.80136418874613,14513.0,57468.2
1902,Похвистневский муниципальный район,Похвистневский,Самарская область,муниципальный район,53.70169613858634,51.96111100495571,25635.0,49082.1
1903,Приволжский муниципальный район,Приволжский,Самарская область,муниципальный район,52.950843921192416,48.69686245207832,21590.0,49714.2
1904,Сергиевский муниципальный район,Сергиевский,Самарская область,муниципальный район,53.89928427248578,51.06496803764136,43600.0,71418.9
1905,Ставропольский муниципальный район,Ставропольский,Самарская область,муниципальный район,53.551985840834575,49.49102458325645,88162.0,67602.8
1906,Сызранский муниципальный район,Сызранский,Самарская область,муниципальный район,53.26702105808296,48.425197164806605,23295.0,56574.0
1907,Хворостянский муниципальный район,Хворостянский,Самарская область,муниципальный район,52.66953181392004,49.04098070554346,15789.0,52156.5
1908,Челно-Вершинский муниципальный район,Челно-Вершинский,Самарская область,муниципальный район,54.39348643145275,51.08942702483743,14451.0,48023.3
1909,Шенталинский муниципальный район,Шенталинский,Самарская область,муниципальный район,54.41577704548517,51.56409068647351,12565.0,49451.8
1910,Шигонский муниципальный район,Шигонский,Самарская область,муниципальный район,53.49337914146515,48.77683227903158,19272.0,56364.0
1912,городской округ город Шиханы,Шиханы,Саратовская область,городской округ,52.12047581905229,47.20895691917966,4872.0,50635.5
1915,Александрово-Гайский муниципальный район,Александрово-Гайский,Саратовская область,муниципальный район,50.15020058879715,48.48947280429602,14280.0,50824.1
1916,Аркадакский муниципальный район,Аркадакский,Саратовская область,муниципальный район,51.89902950048712,43.64114332042679,19018.0,44492.7
1917,Аткарский муниципальный район,Аткарский,Саратовская область,муниципальный район,51.87105207470724,44.96910827921537,33425.0,47933.4
1918,Базарно-Карабулакский муниципальный район,Базарно-Карабулакский,Саратовская область,муниципальный район,52.28846025624792,46.37789843240074,24991.0,41671.5
1919,Балаковский муниципальный район,Балаковский,Саратовская область,муниципальный район,51.92222635850762,47.90160781176896,200241.0,72660.5
1920,Балашовский муниципальный район,Балашовский,Саратовская область,муниципальный район,51.531541227859705,43.217206772825264,99921.0,47550.6
1921,Балтайский муниципальный район,Балтайский,Саратовская область,муниципальный район,52.48728004062599,46.66115170405061,9850.0,39974.2
1922,Вольский муниципальный район,Вольский,Саратовская область,муниципальный район,52.264371672234,47.29050707096047,80407.0,49672.8
1923,Воскресенский муниципальный район,Воскресенский,Саратовская область,муниципальный район,51.88897339009012,46.66560033024295,10854.0,47934.7
1924,Дергачевский муниципальный район,Дергачевский,Саратовская область,муниципальный район,51.1038608337278,48.89414208422852,15660.0,38847.0
1925,Духовницкий муниципальный район,Духовницкий,Саратовская область,муниципальный район,52.423432635104426,48.442802504343625,9856.0,49765.8
1926,Екатериновский муниципальный район,Екатериновский,Саратовская область,муниципальный район,52.105775427488325,44.45105468651918,16296.0,47785.6
1927,Ершовский муниципальный район,Ершовский,Саратовская область,муниципальный район,51.31639275935012,48.20387720624154,30920.0,53668.0
1928,Ивантеевский муниципальный район,Ивантеевский,Саратовская область,муниципальный район,52.27496415364068,49.27189963786536,12313.0,43334.6
1929,Калининский муниципальный район,Калининский,Саратовская область,муниципальный район,51.46682300407326,44.30440189205432,26679.0,47516.0
1930,Красноармейский муниципальный район,Красноармейский,Саратовская область,муниципальный район,50.92576648449805,45.57304181677912,40536.0,43374.0
1931,Краснокутский муниципальный район,Краснокутский,Саратовская область,муниципальный район,50.901013792593226,46.966942507210064,30318.0,47620.4
1932,Краснопартизанский муниципальный район,Краснопартизанский,Саратовская область,муниципальный район,51.70274828155251,48.73862670782812,8776.0,41997.3
1933,Лысогорский муниципальный район,Лысогорский,Саратовская область,муниципальный район,51.40518217018536,45.00703770701712,17228.0,48388.2
1934,Марксовский муниципальный район,Марксовский,Саратовская область,муниципальный район,51.656172372458286,47.130180307212,57354.0,48052.8
1935,Новобурасский муниципальный район,Новобурасский,Саратовская область,муниципальный район,52.11856680556251,46.00378851122583,14824.0,43299.4
1936,Новоузенский муниципальный район,Новоузенский,Саратовская область,муниципальный район,50.567032848968,48.22989285808487,26367.0,39927.4
1937,Озинский муниципальный район,Озинский,Саратовская область,муниципальный район,51.40780723373266,49.804547925899946,14262.0,39996.7
1938,Перелюбский муниципальный район,Перелюбский,Саратовская область,муниципальный район,51.858602435702025,50.15898400621221,10960.0,45244.7
1939,Петровский муниципальный район,Петровский,Саратовская область,муниципальный район,52.22702113275359,45.363196079682936,36094.0,47805.9
1940,Питерский муниципальный район,Питерский,Саратовская область,муниципальный район,50.67486820331444,47.4675292411618,14503.0,37833.4
1941,Пугачевский муниципальный район,Пугачевский,Саратовская область,муниципальный район,51.95890663595472,49.05402929463286,54377.0,45150.5
1942,Ровенский муниципальный район,Ровенский,Саратовская область,муниципальный район,50.81391038465295,46.26227674541402,16346.0,40355.1
1943,Романовский муниципальный район,Романовский,Саратовская область,муниципальный район,51.777182777899895,42.81956085867982,12117.0,39097.0
1944,Ртищевский муниципальный район,Ртищевский,Саратовская область,муниципальный район,52.2455384300002,43.70085174255699,50179.0,49550.0
1945,Самойловский муниципальный район,Самойловский,Саратовская область,муниципальный район,51.24250325903373,43.63024014532011,15904.0,38548.4
1947,Советский муниципальный район,Советский,Саратовская область,муниципальный район,51.3104495086218,46.90413381569874,24242.0,50621.3
1948,Татищевский муниципальный район,Татищевский,Саратовская область,муниципальный район,51.7739155213656,45.61522335407934,27609.0,54763.5
1949,Турковский муниципальный район,Турковский,Саратовская область,муниципальный район,52.101251887527646,43.08144949758344,9477.0,40761.0
1950,Федоровский муниципальный район,Федоровский,Саратовская область,муниципальный район,51.24120457583985,47.57902346754553,16427.0,47657.8
1951,Хвалынский муниципальный район,Хвалынский,Саратовская область,муниципальный район,52.51854371217619,47.94824997178717,20628.0,41161.3
1952,Энгельсский муниципальный район,Энгельсский,Саратовская область,муниципальный район,51.3272110756945,46.31450656702862,304713.0,59289.0
1954,городской округ Александровск-Сахалинский район,Александровск-Сахалинский,Сахалинская область,городской округ,51.15100974179345,142.04126700114708,9868.0,96625.0
1955,городской округ Анивский,Анивский,Сахалинская область,городской округ,46.36514259546807,142.35962987273265,20975.0,108286.4
1956,городской округ Долинский,Долинский,Сахалинская область,городской округ,47.50421945294977,142.73530933788882,22145.0,106257.6
1957,городской округ Корсаковский,Корсаковский,Сахалинская область,городской округ,46.52181798471968,143.33535251443652,39675.0,128090.6
1958,городской округ Курильский,Курильский,Сахалинская область,городской округ,45.74270363826499,149.34853736256142,6956.0,149723.6
1959,городской округ Макаровский,Макаровский,Сахалинская область,городской округ,48.50963186828808,142.7578121557009,6778.0,95628.8
1960,городской округ Невельский,Невельский,Сахалинская область,городской округ,46.31393160838951,141.65821522852158,15099.0,108694.7
1961,городской округ Ногликский,Ногликский,Сахалинская область,городской округ,51.82927693170201,143.11451187967913,11222.0,192734.4
1962,городской округ Охинский,Охинский,Сахалинская область,городской округ,53.32004763804534,142.49989190743895,21086.0,126841.9
1963,городской округ Поронайский,Поронайский,Сахалинская область,городской округ,49.22605435137817,143.88294417737873,20376.0,93411.3
1965,городской округ Смирныховский,Смирныховский,Сахалинская область,городской округ,50.11580610625783,143.14166919901427,11238.0,94562.8
1966,городской округ Томаринский,Томаринский,Сахалинская область,городской округ,48.15381664038312,142.1145100978956,8177.0,102967.7
1967,городской округ Тымовский,Тымовский,Сахалинская область,городской округ,50.83333972089175,142.7579167840754,14336.0,101926.2
1968,городской округ Углегорский,Углегорский,Сахалинская область,городской округ,49.18833103203207,142.0829264120472,16020.0,147821.8
1969,городской округ Холмский,Холмский,Сахалинская область,городской округ,47.2212779436224,142.0371074020374,32754.0,108750.4
1970,городской округ Южно-Курильский,Южно-Курильский,Сахалинская область,городской округ,43.93983242272904,146.19842565549826,11480.0,153313.4
1971,городской округ город Екатеринбург,Екатеринбург,Свердловская область,городской округ,56.79000131287617,60.53892711086146,1580109.0,101589.0
1972,городской округ город Алапаевск,Алапаевск,Свердловская область,городской округ,57.79511334550805,61.41527553918403,41048.0,56865.1
1973,городской округ Артемовский,Артемовский,Свердловская область,городской округ,57.38753265585638,62.019442939924254,52119.0,59481.7
1974,городской округ Асбестовский,Асбестовский,Свердловская область,городской округ,57.06503727789495,61.50363901782888,58293.0,62189.6
1975,городской округ Малышевский,Малышевский,Свердловская область,городской округ,57.10405249092745,61.4060250551669,9499.0,68613.5
1976,городской округ Рефтинский,Рефтинский,Свердловская область,городской округ,57.08373868341874,61.66850886920013,15137.0,90919.5
1977,городской округ Березовский,Березовский,Свердловская область,городской округ,57.02180527634216,61.00349739979783,76770.0,74891.5
1978,городской округ Богданович,Богданович,Свердловская область,городской округ,56.70284673474718,62.09388390956448,43489.0,64660.1
1979,городской округ Верхняя Пышма,Верхняя Пышма,Свердловская область,городской округ,57.14314536253615,60.601580899248766,90810.0,121612.1
1980,городской округ Среднеуральск,Среднеуральск,Свердловская область,городской округ,56.99688020536325,60.456051847959415,25139.0,85577.2
1981,городской округ Верхнесалдинский,Верхнесалдинский,Свердловская область,городской округ,58.16522360870487,60.75362853986125,41952.0,80504.6
1982,городской округ Заречный,Заречный,Свердловская область,городской округ,56.82503694997786,61.268874818817146,31897.0,92315.7
1983,городской округ Ивдельский,Ивдельский,Свердловская область,городской округ,60.993600939370445,60.67693052775894,17176.0,76838.7
1984,городской округ Пелым,Пелым,Свердловская область,городской округ,60.9906445650708,62.22285882188212,3418.0,102305.9
1985,городской округ город Ирбит,Ирбит,Свердловская область,городской округ,57.641960857696816,63.02425003589005,36505.0,57882.8
1986,городской округ город Каменск-Уральский,Каменск-Уральский,Свердловская область,городской округ,56.40245407112725,61.93618592277411,163501.0,78639.4
1987,городской округ Камышловский,Камышловский,Свердловская область,городской округ,56.83304145197096,62.72064747283251,26765.0,60568.7
1988,городской округ Карпинск,Карпинск,Свердловская область,городской округ,59.7016963085826,59.208028046131815,26968.0,64332.3
1989,городской округ Волчанский,Волчанский,Свердловская область,городской округ,59.96980211657386,60.058022690541584,8570.0,59169.4
1990,городской округ Качканарский,Качканарский,Свердловская область,городской округ,58.708671802878726,59.467997102996,38418.0,84160.7
1991,городской округ Кировградский,Кировградский,Свердловская область,городской округ,57.47986617252333,59.93558746755521,23721.0,68445.2
1992,городской округ Верхний Тагил,Верхний Тагил,Свердловская область,городской округ,57.32297252033117,59.90875298453462,10991.0,63572.3
1993,городской округ Краснотурьинск,Краснотурьинск,Свердловская область,городской округ,59.73579696545798,60.237034859179374,58850.0,75733.3
1994,городской округ Красноуральск,Красноуральск,Свердловская область,городской округ,58.35141607653328,60.25302758218747,21994.0,77467.3
1995,городской округ Красноуфимск,Красноуфимск,Свердловская область,городской округ,56.56866804871101,57.66528922364219,37866.0,74010.3
1996,городской округ Кушвинский,Кушвинский,Свердловская область,городской округ,58.24066522810545,59.4787155426318,35844.0,71488.4
1997,городской округ Верхняя Тура,Верхняя Тура,Свердловская область,городской округ,58.406875542750704,59.69745008402781,8418.0,77512.3
1999,городской округ Невьянский,Невьянский,Свердловская область,городской округ,57.39672839519133,60.3773009070173,37190.0,75222.0
2000,городской округ город Нижний Тагил,Нижний Тагил,Свердловская область,городской округ,57.768887487206406,59.30698249119276,333179.0,79610.3
2001,городской округ Нижняя Салда,Нижняя Салда,Свердловская область,городской округ,58.11260787005226,60.95094603159775,16275.0,62956.5
2002,городской округ Нижнетуринский,Нижнетуринский,Свердловская область,городской округ,58.76669861282885,59.7818400561377,21907.0,67976.0
2004,городской округ Первоуральск,Первоуральск,Свердловская область,городской округ,56.977778569891385,59.7416454407752,130039.0,79425.9
2005,городской округ Полевской,Полевской,Свердловская область,городской округ,56.41193628126023,60.17422822308313,59979.0,75830.5
2006,городской округ Ревда,Ревда,Свердловская область,городской округ,56.61874426088807,59.8964477997449,60262.0,83436.2
2007,городской округ Дегтярск,Дегтярск,Свердловская область,городской округ,56.702500918214,60.10157782927066,14941.0,54823.3
2008,городской округ Режевской,Режевской,Свердловская область,городской округ,57.40297337649695,61.24130076784905,45338.0,68749.4
2009,городской округ Североуральский,Североуральский,Свердловская область,городской округ,60.34730086788415,59.73931885032764,35125.0,74651.5
2010,городской округ Серовский,Серовский,Свердловская область,городской округ,59.71610126685028,60.97378957032898,98415.0,74232.0
2011,городской округ Сухой Лог,Сухой Лог,Свердловская область,городской округ,57.01262276655454,62.05835246493341,46498.0,74281.6
2012,городской округ Тавдинский,Тавдинский,Свердловская область,городской округ,58.16320558408439,65.36044253055418,35602.0,52608.5
2015,городской округ Алапаевское,Алапаевское,Свердловская область,городской округ,57.95798684179934,61.903151902351816,22842.0,60835.5
2017,городской округ Артинский,Артинский,Свердловская область,городской округ,56.34881721055081,58.51076333285841,24973.0,51459.1
2018,городской округ Ачитский,Ачитский,Свердловская область,городской округ,56.845345409170974,58.15292767413406,13693.0,64903.7
2019,городской округ Белоярский,Белоярский,Свердловская область,городской округ,56.690033399594725,61.33381279361127,33349.0,67794.2
2021,городской округ Верхотурский,Верхотурский,Свердловская область,городской округ,58.70748164783544,61.13777499843202,13374.0,58918.1
2022,городской округ Гаринский,Гаринский,Свердловская область,городской округ,59.73414766261662,62.73654707492548,2442.0,76557.2
2023,городской округ Ирбитское,Ирбитское,Свердловская область,городской округ,57.61041509794557,62.87841136315687,26013.0,59483.3
2024,городской округ Каменский,Каменский,Свердловская область,городской округ,56.4290578326867,61.774885125197954,26362.0,56177.8
2025,городской округ Красноуфимский округ,Красноуфимский,Свердловская область,городской округ,56.49768785003679,57.70201858114538,22803.0,51932.3
2027,городской округ Бисертский,Бисертский,Свердловская область,городской округ,56.87550852336512,59.02174793715346,9456.0,48978.2
2028,городской округ Новолялинский,Новолялинский,Свердловская область,городской округ,59.20072151416016,59.977330748194206,18687.0,52468.4
2030,городской округ Пышминский,Пышминский,Свердловская область,городской округ,56.87388665764159,63.19110017180242,18498.0,53137.8
2031,городской округ Сосьвинский,Сосьвинский,Свердловская область,городской округ,59.0480972372362,61.85436186980607,12459.0,68694.0
2032,городской округ Сысертский,Сысертский,Свердловская область,городской округ,56.44235343560771,60.81348376260139,65368.0,71343.5
2033,городской округ Арамильский,Арамильский,Свердловская область,городской округ,56.6963251731731,60.87646075989508,23609.0,79463.7
2034,городской округ Талицкий,Талицкий,Свердловская область,городской округ,56.92398111843126,63.78053150385264,39733.0,56097.7
2035,городской округ Тугулымский,Тугулымский,Свердловская область,городской округ,57.05425193460864,64.59017823584496,17096.0,50712.1
2036,городской округ Туринский,Туринский,Свердловская область,городской округ,58.19859771636685,63.57406429420995,23655.0,52992.1
2037,городской округ Шалинский,Шалинский,Свердловская область,городской округ,57.33420817233898,58.58840710562941,16263.0,49926.3
2039,Байкаловский муниципальный район,Байкаловский,Свердловская область,муниципальный район,57.477618637438304,63.685976265170986,14422.0,53780.1
2040,Камышловский муниципальный район,Камышловский,Свердловская область,муниципальный район,56.870200796622576,62.69799195673408,20537.0,52378.1
2041,Слободо-Туринский муниципальный район,Слободо-Туринский,Свердловская область,муниципальный район,57.60609877644105,64.45396000059424,11664.0,53489.2
2042,Нижнесергинский муниципальный район,Нижнесергинский,Свердловская область,муниципальный район,56.60022218912638,59.14709260123725,37356.0,61036.3
2043,Таборинский муниципальный район,Таборинский,Свердловская область,муниципальный район,58.82686886280737,64.44493872059887,2677.0,50324.4
2044,городской округ город Смоленск,Смоленск,Смоленская область,городской округ,54.79152762194041,32.02281114925385,310645.0,68443.7
2045,городской округ город Десногорск,Десногорск,Смоленская область,городской округ,54.17510224532043,33.300637677238974,24684.0,87361.0
2046,Велижский муниципальный район,Велижский,Смоленская область,муниципальный район,55.58725535416414,31.278612840517138,8848.0,43608.9
2047,Вяземский муниципальный район,Вяземский,Смоленская область,муниципальный район,55.196213905827086,34.265801397301885,69941.0,60265.2
2048,Гагаринский муниципальный район,Гагаринский,Смоленская область,муниципальный район,55.65128772925373,34.977255281209864,39257.0,77713.3
2049,Глинковский муниципальный район,Глинковский,Смоленская область,муниципальный район,54.6558047922484,32.8147383051652,3397.0,47232.3
2050,Демидовский муниципальный район,Демидовский,Смоленская область,муниципальный район,55.40342751673463,31.70453517819205,10717.0,39952.1
2051,Дорогобужский муниципальный район,Дорогобужский,Смоленская область,муниципальный район,54.8719875636512,33.34718064329822,23563.0,71388.1
2052,Духовщинский муниципальный район,Духовщинский,Смоленская область,муниципальный район,55.38028361775982,32.32026034860378,13641.0,50272.8
2053,Ельнинский муниципальный район,Ельнинский,Смоленская область,муниципальный район,54.525644476587054,33.30904549146399,10930.0,44343.3
2054,Ершичский муниципальный район,Ершичский,Смоленская область,муниципальный район,53.62617365792518,32.73286855080011,5052.0,40367.3
2055,Кардымовский муниципальный район,Кардымовский,Смоленская область,муниципальный район,54.87904673567709,32.44231702940066,10664.0,53651.1
2056,Краснинский муниципальный район,Краснинский,Смоленская область,муниципальный район,54.5670589431776,31.42543237417173,10187.0,43346.9
2057,Монастырщинский муниципальный район,Монастырщинский,Смоленская область,муниципальный район,54.32303796524785,31.75657529081422,7769.0,43381.2
2058,Новодугинский муниципальный район,Новодугинский,Смоленская область,муниципальный район,55.617587577825695,34.08222978034403,7059.0,40534.1
2059,Починковский муниципальный район,Починковский,Смоленская область,муниципальный район,54.35866266575195,32.54331475443191,24335.0,50576.0
2060,Рославльский муниципальный район,Рославльский,Смоленская область,муниципальный район,54.04347372064368,33.11167198299632,59934.0,53933.4
2061,Руднянский муниципальный район,Руднянский,Смоленская область,муниципальный район,55.0344231487717,31.124868111273276,20478.0,46800.5
2062,Сафоновский муниципальный район,Сафоновский,Смоленская область,муниципальный район,55.20833920720867,33.432146180511474,49887.0,54974.6
2063,Смоленский муниципальный район,Смоленский,Смоленская область,муниципальный район,54.861494271811786,31.83915052380134,61413.0,65632.8
2064,Сычевский муниципальный район,Сычевский,Смоленская область,муниципальный район,55.86575401124522,34.14545316015794,11980.0,52535.6
2065,Темкинский муниципальный район,Темкинский,Смоленская область,муниципальный район,55.13538827748603,34.98003333617658,4146.0,42277.7
2066,Угранский муниципальный район,Угранский,Смоленская область,муниципальный район,54.76866086489883,34.310492621786025,6524.0,45267.7
2067,Хиславичский муниципальный район,Хиславичский,Смоленская область,муниципальный район,54.13161174232102,32.1319909660842,6419.0,42242.5
2068,Холм-Жирковский муниципальный район,Холм-Жирковский,Смоленская область,муниципальный район,55.53904497390743,33.283979881542535,7716.0,62154.1
2069,Шумячский муниципальный район,Шумячский,Смоленская область,муниципальный район,53.888304618461966,32.28233926381809,7974.0,39974.4
2070,Ярцевский муниципальный район,Ярцевский,Смоленская область,муниципальный район,55.20845535029122,32.772200854339445,46827.0,55685.9
2072,городской округ город Кирсанов,Кирсанов,Тамбовская область,городской округ,52.65014825520072,42.75299069339369,15827.0,48888.3
2073,городской округ город Котовск,Котовск,Тамбовская область,городской округ,52.59112908536375,41.50474675176032,26128.0,59305.8
2074,городской округ город Мичуринск,Мичуринск,Тамбовская область,городской округ,52.91673879346608,40.47352079451668,88785.0,60937.2
2075,городской округ город Моршанск,Моршанск,Тамбовская область,городской округ,53.44121073076295,41.80536292309739,38294.0,43097.5
2076,городской округ город Рассказово,Рассказово,Тамбовская область,городской округ,52.65985559896462,41.89146732161909,46633.0,48163.7
2077,городской округ город Уварово,Уварово,Тамбовская область,городской округ,51.976858812544336,42.25209263807296,22986.0,46146.3
2078,Бондарский муниципальный округ,Бондарский,Тамбовская область,муниципальный округ,52.96419402127034,42.04329033596898,8210.0,46999.5
2079,Гавриловский муниципальный округ,Гавриловский,Тамбовская область,муниципальный округ,52.93648349700314,42.64672211906449,9164.0,55400.1
2080,Жердевский муниципальный округ,Жердевский,Тамбовская область,муниципальный округ,51.85010054810488,41.59126432026413,24844.0,64545.6
2081,Знаменский муниципальный округ,Знаменский,Тамбовская область,муниципальный округ,52.39650524357305,41.3016430797353,13674.0,53739.0
2082,Инжавинский муниципальный округ,Инжавинский,Тамбовская область,муниципальный округ,52.32008886479562,42.52565032050399,17016.0,51231.2
2085,Мордовский муниципальный округ,Мордовский,Тамбовская область,муниципальный округ,52.17583840019907,40.8185888022482,13380.0,48586.8
2087,Мучкапский муниципальный округ,Мучкапский,Тамбовская область,муниципальный округ,51.839378822180535,42.47178153038328,10669.0,44689.0
2088,Никифоровский муниципальный округ,Никифоровский,Тамбовская область,муниципальный округ,52.85938906336762,40.8456045565205,15378.0,52189.0
2089,Первомайский муниципальный округ,Первомайский,Тамбовская область,муниципальный округ,53.20596515831055,40.34055879635257,23709.0,56790.7
2090,Петровский муниципальный округ,Петровский,Тамбовская область,муниципальный округ,52.56880534158517,40.39287917726598,13536.0,51120.9
2091,Пичаевский муниципальный округ,Пичаевский,Тамбовская область,муниципальный округ,53.21326988403991,42.19174960335995,10656.0,47307.8
2093,Ржаксинский муниципальный округ,Ржаксинский,Тамбовская область,муниципальный округ,52.15498725097175,41.98686501678907,14028.0,47048.8
2094,Сампурский муниципальный округ,Сампурский,Тамбовская область,муниципальный округ,52.26546831919535,41.66140865969908,11610.0,48078.1
2095,Сосновский муниципальный округ,Сосновский,Тамбовская область,муниципальный округ,53.20037440474131,41.2940405062615,24282.0,40100.6
2096,Староюрьевский муниципальный округ,Староюрьевский,Тамбовская область,муниципальный округ,53.36792010086109,40.71951485387969,11015.0,51813.6
2098,Токарёвский муниципальный округ,Токарёвский,Тамбовская область,муниципальный округ,52.01396705907598,41.17293759397638,15011.0,61793.1
2100,Умётский муниципальный округ,Умётский,Тамбовская область,муниципальный округ,52.61192010694344,42.974517405885706,9405.0,48407.2
2101,городской округ город Тверь,Тверь,Тверская область,городской округ,56.85144397596061,35.89918762182124,412994.0,65117.7
2105,городской округ Осташковский,Осташковский,Тверская область,городской округ,57.204339911357856,33.09493303315759,20992.0,52059.9
2108,городской округ город Торжок,Торжок,Тверская область,городской округ,57.04645313284044,34.96597693583169,39503.0,52482.9
2109,городской округ Удомельский,Удомельский,Тверская область,городской округ,57.96247869081176,34.99515527574565,29515.0,83991.5
2110,муниципальный округ Андреапольский,Андреапольский,Тверская область,муниципальный округ,56.73378105113208,32.116868739242854,9731.0,40828.3
2111,муниципальный округ Бежецкий,Бежецкий,Тверская область,муниципальный округ,57.730784467934086,36.55638515311917,30567.0,
2112,муниципальный округ Бельский,Бельский,Тверская область,муниципальный округ,55.83143370410965,32.98983437599207,4852.0,37703.5
2113,муниципальный округ Бологовский,Бологовский,Тверская область,муниципальный округ,57.958170562019085,34.03892392064145,30273.0,
2114,муниципальный округ Весьегонский,Весьегонский,Тверская область,муниципальный округ,58.565414872996094,37.08880043095046,9486.0,37967.0
2116,муниципальный округ Жарковский,Жарковский,Тверская область,муниципальный округ,55.89182426249638,32.191913725426495,3931.0,34026.2
2117,муниципальный округ Западнодвинский,Западнодвинский,Тверская область,муниципальный округ,56.1228751816967,31.83090851779918,11945.0,38152.2
2118,муниципальный округ Зубцовский,Зубцовский,Тверская область,муниципальный округ,56.13745154683024,34.87281776693245,14191.0,44647.9
2119,муниципальный округ Калининский,Калининский,Тверская область,муниципальный округ,56.77965501714518,35.89717310956968,59603.0,
2120,муниципальный округ Калязинский,Калязинский,Тверская область,муниципальный округ,57.08934821760232,37.98690769816291,18994.0,
2121,городской округ Кашинский,Кашинский,Тверская область,городской округ,57.35107943181537,37.43680886264029,22713.0,44298.4
2122,муниципальный округ Кесовогорский,Кесовогорский,Тверская область,муниципальный округ,57.56771158155001,37.28932745170683,7244.0,69657.2
2124,муниципальный округ Конаковский,Конаковский,Тверская область,муниципальный округ,56.648008534081065,36.599403868116646,67829.0,
2125,муниципальный округ Краснохолмский,Краснохолмский,Тверская область,муниципальный округ,58.1055151306794,37.21209234846118,8508.0,38926.4
2126,муниципальный округ Кувшиновский,Кувшиновский,Тверская область,муниципальный округ,57.051060866991335,34.133530462215354,12610.0,
2127,муниципальный округ Лесной,Лесной,Тверская область,муниципальный округ,58.24484769219915,35.60561256517303,3827.0,36594.0
2128,муниципальный округ Лихославльский,Лихославльский,Тверская область,муниципальный округ,57.28130469919024,35.56353115867726,24344.0,43062.2
2129,муниципальный округ Максатихинский,Максатихинский,Тверская область,муниципальный округ,57.84288516407873,35.86025941041589,13807.0,37841.2
2130,муниципальный округ Молоковский,Молоковский,Тверская область,муниципальный округ,58.16754066196081,36.64917176175815,3690.0,36728.6
2131,городской округ Нелидовский,Нелидовский,Тверская область,городской округ,56.25991280305763,32.749659162335185,22742.0,38418.2
2132,муниципальный округ Оленинский,Оленинский,Тверская область,муниципальный округ,56.20804601841525,33.475905383960416,11371.0,32232.2
2133,муниципальный округ Пеновский,Пеновский,Тверская область,муниципальный округ,56.953370157931886,32.486591655255175,5051.0,35791.8
2134,муниципальный округ Рамешковский,Рамешковский,Тверская область,муниципальный округ,57.25515648081807,36.273289464062096,14777.0,42725.4
2136,муниципальный округ Сандовский,Сандовский,Тверская область,муниципальный округ,58.38863206076064,36.37072232661484,4788.0,37497.3
2137,муниципальный округ Селижаровский,Селижаровский,Тверская область,муниципальный округ,56.76078033021097,33.445857163717726,9920.0,39613.2
2138,муниципальный округ Сонковский,Сонковский,Тверская область,муниципальный округ,57.78085548740895,37.20943510090244,6439.0,36302.4
2139,муниципальный округ Спировский,Спировский,Тверская область,муниципальный округ,57.464069022297146,35.181301486665255,8413.0,35453.5
2140,муниципальный округ Старицкий,Старицкий,Тверская область,муниципальный округ,56.56586214824375,34.78165502360415,20834.0,43060.5
2142,муниципальный округ Торопецкий,Торопецкий,Тверская область,муниципальный округ,56.61803523972148,31.4077497515208,16137.0,
2143,муниципальный округ Фировский,Фировский,Тверская область,муниципальный округ,57.48821371363536,33.67402355606407,7887.0,
2144,городской округ город Томск,Томск,Томская область,городской округ,56.52755206134268,85.00720595650294,565753.0,90444.3
2145,городской округ город Кедровый,Кедровый,Томская область,городской округ,57.56700397708312,79.83240897060449,2626.0,76099.6
2146,городской округ город Стрежевой,Стрежевой,Томская область,городской округ,60.74891120409774,77.54643727828984,37478.0,102903.1
2148,Александровский муниципальный район,Александровский,Томская область,муниципальный район,60.160964097856,78.77460125672522,7233.0,126598.4
2149,Асиновский муниципальный район,Асиновский,Томская область,муниципальный район,57.35405664718652,85.50707093276603,33342.0,51907.3
2150,Бакчарский муниципальный район,Бакчарский,Томская область,муниципальный район,57.02164130046205,81.47598673036583,11191.0,62639.2
2151,Верхнекетский муниципальный район,Верхнекетский,Томская область,муниципальный район,59.00858322557283,85.98750942475903,14438.0,65346.1
2152,Зырянский муниципальный район,Зырянский,Томская область,муниципальный район,56.76409373615109,87.03694372460428,11051.0,51218.0
2153,Каргасокский муниципальный район,Каргасокский,Томская область,муниципальный район,59.16829266034003,79.49999850625663,17438.0,101019.6
2154,Кожевниковский муниципальный район,Кожевниковский,Томская область,муниципальный район,56.14693868385065,83.62378545984014,20183.0,55490.7
2155,Колпашевский муниципальный район,Колпашевский,Томская область,муниципальный район,58.49732645276465,82.84212244134729,32143.0,78500.9
2156,Кривошеинский муниципальный район,Кривошеинский,Томская область,муниципальный район,57.2567762458398,84.03190557231261,12022.0,64584.0
2157,Молчановский муниципальный район,Молчановский,Томская область,муниципальный район,57.74885394247395,84.20035801212246,12103.0,69354.3
2158,Парабельский муниципальный район,Парабельский,Томская область,муниципальный район,58.32094389385036,80.45309111400113,11379.0,115751.0
2159,Первомайский муниципальный район,Первомайский,Томская область,муниципальный район,57.72794111566933,86.71751665914289,16471.0,51540.8
2160,Тегульдетский муниципальный район,Тегульдетский,Томская область,муниципальный район,57.45857679137877,88.22781392570734,6463.0,70669.8
2161,Томский муниципальный район,Томский,Томская область,муниципальный район,56.61265929066949,85.04399585133523,89298.0,66370.5
2162,Чаинский муниципальный район,Чаинский,Томская область,муниципальный район,57.72982731392361,82.39401023518694,11633.0,69126.2
2163,Шегарский муниципальный район,Шегарский,Томская область,муниципальный район,56.76838806778684,83.74880621433587,19646.0,50048.9
2164,городской округ город Тула,Тула,Тульская область,городской округ,54.23037942832849,37.54598760177647,538297.0,87275.6
2165,городской округ город Алексин,Алексин,Тульская область,городской округ,54.45674965305136,37.14847424227887,69514.0,65671.5
2167,городской округ город Донской,Донской,Тульская область,городской округ,53.97738692389366,38.34662830170812,62255.0,55751.0
2168,городской округ город Ефремов,Ефремов,Тульская область,городской округ,53.16832970687952,38.26619999869583,56354.0,65612.1
2169,городской округ город Новомосковск,Новомосковск,Тульская область,городской округ,54.1374307532945,38.44369933033782,129639.0,80775.1
2171,Арсеньевский муниципальный район,Арсеньевский,Тульская область,муниципальный район,53.65449092040112,36.611550636156885,9159.0,48226.3
2172,Белевский муниципальный район,Белевский,Тульская область,муниципальный район,53.77502588944376,36.198875848372005,18494.0,57262.0
2173,Богородицкий муниципальный район,Богородицкий,Тульская область,муниципальный район,53.71012938974869,38.19943349236311,49454.0,64849.9
2174,Веневский муниципальный район,Веневский,Тульская область,муниципальный район,54.4070227438965,38.221206104089525,33948.0,61582.5
2175,Воловский муниципальный район,Воловский,Тульская область,муниципальный район,53.48339600651126,38.04844906393954,13746.0,71011.9
2176,Дубенский муниципальный район,Дубенский,Тульская область,муниципальный район,54.15325266131933,36.98533215178114,14743.0,54710.0
2177,Заокский муниципальный район,Заокский,Тульская область,муниципальный район,54.66404810096004,37.46171767007569,26774.0,60987.6
2178,Каменский муниципальный район,Каменский,Тульская область,муниципальный район,53.251327772649375,37.73278741484668,8141.0,60127.2
2179,Кимовский муниципальный район,Кимовский,Тульская область,муниципальный район,53.83752766154177,38.66663573927836,38587.0,62210.4
2180,Киреевский муниципальный район,Киреевский,Тульская область,муниципальный район,53.99051214053633,37.874878977148,73376.0,55658.2
2181,Куркинский муниципальный район,Куркинский,Тульская область,муниципальный район,53.4860566640989,38.57302349816413,10641.0,57155.1
2182,Одоевский муниципальный район,Одоевский,Тульская область,муниципальный район,53.91501335920183,36.7481696682782,11804.0,55383.7
2183,Плавский муниципальный район,Плавский,Тульская область,муниципальный район,53.63250076507904,37.25317876227163,29592.0,56367.1
2184,Суворовский муниципальный район,Суворовский,Тульская область,муниципальный район,54.125446530844,36.43128876786869,34424.0,59611.5
2185,Тепло-Огаревский муниципальный район,Тепло-Огаревский,Тульская область,муниципальный район,53.56640564046424,37.64580712679625,11101.0,50110.0
2186,Узловский муниципальный район,Узловский,Тульская область,муниципальный район,53.90840761414443,38.2540687888147,75414.0,74356.2
2187,Чернский муниципальный район,Чернский,Тульская область,муниципальный район,53.43188466778545,36.94996824457512,18218.0,55736.8
2188,Щекинский муниципальный район,Щекинский,Тульская область,муниципальный район,53.911897455248045,37.38662377512546,101699.0,74387.0
2189,Ясногорский муниципальный район,Ясногорский,Тульская область,муниципальный район,54.56906650145298,37.83688870637946,30348.0,85275.5
2190,городской округ город Тюмень,Тюмень,Тюменская область,городской округ,57.18284834559583,65.55970191308104,861098.0,106290.0
2191,городской округ Заводоуковский,Заводоуковский,Тюменская область,городской округ,56.51260028263316,66.79915477789409,47394.0,60984.4
2192,городской округ город Ишим,Ишим,Тюменская область,городской округ,56.103341559811504,69.49285567296425,67329.0,64808.8
2193,городской округ город Тобольск,Тобольск,Тюменская область,городской округ,58.22941308020524,68.34388447989978,102733.0,97335.7
2194,городской округ город Ялуторовск,Ялуторовск,Тюменская область,городской округ,56.65111534036338,66.30138725538312,38970.0,64096.2
2195,Абатский муниципальный район,Абатский,Тюменская область,муниципальный район,56.25770950101838,70.46190838586682,18641.0,57922.5
2196,Армизонский муниципальный район,Армизонский,Тюменская область,муниципальный район,55.97675183215008,67.62692369353732,9306.0,53701.3
2197,Аромашевский муниципальный район,Аромашевский,Тюменская область,муниципальный район,56.92385268889177,68.96994407380434,10235.0,55769.3
2198,Бердюжский муниципальный район,Бердюжский,Тюменская область,муниципальный район,55.76933754214373,68.50742151088104,10693.0,54815.8
2199,Вагайский муниципальный район,Вагайский,Тюменская область,муниципальный район,57.771233976993685,69.58221317777173,17835.0,59621.4
2200,Викуловский муниципальный район,Викуловский,Тюменская область,муниципальный район,56.91655850718752,70.78104457680634,14670.0,53629.6
2201,городской округ Голышмановский,Голышмановский,Тюменская область,городской округ,56.44866213066621,68.42397765710493,23386.0,62188.6
2202,Исетский муниципальный район,Исетский,Тюменская область,муниципальный район,56.56272158798353,65.43344375224903,25979.0,58380.7
2203,Ишимский муниципальный район,Ишимский,Тюменская область,муниципальный район,56.19433812519358,69.35442523544461,28178.0,57455.9
2204,Казанский муниципальный район,Казанский,Тюменская область,муниципальный район,55.60351719629294,69.26566140087753,19959.0,55932.0
2205,Нижнетавдинский муниципальный район,Нижнетавдинский,Тюменская область,муниципальный район,57.62692444805003,66.00555402287932,27122.0,59034.7
2206,Омутинский муниципальный район,Омутинский,Тюменская область,муниципальный район,56.44230827980042,67.62679592880231,18399.0,57938.6
2207,Сладковский муниципальный район,Сладковский,Тюменская область,муниципальный район,55.56982757202333,70.15724565809188,10763.0,54093.6
2208,Сорокинский муниципальный район,Сорокинский,Тюменская область,муниципальный район,56.73306196537876,69.80641804204592,9230.0,55426.9
2210,Тюменский муниципальный район,Тюменский,Тюменская область,муниципальный район,57.08098997366257,65.6244892106565,143580.0,81701.1
2211,Уватский муниципальный район,Уватский,Тюменская область,муниципальный район,58.9421954810526,71.13682731041332,18683.0,122655.3
2212,Упоровский муниципальный район,Упоровский,Тюменская область,муниципальный район,56.20671373178967,66.28316561637811,19403.0,54553.1
2213,Юргинский муниципальный район,Юргинский,Тюменская область,муниципальный район,56.97307914891834,67.71022638846274,11096.0,54980.6
2215,Ярковский муниципальный район,Ярковский,Тюменская область,муниципальный район,57.57564547706725,67.17603035915249,23139.0,62492.9
2216,городской округ город Ханты-Мансийск,Ханты-Мансийск,Ханты-Мансийский автономный округ — Югра,городской округ,61.01834070092761,69.144807004533,111772.0,133101.4
2217,городской округ город Когалым,Когалым,Ханты-Мансийский автономный округ — Югра,городской округ,62.29048217165315,74.54472738073898,63963.0,142278.9
2218,городской округ город Лангепас,Лангепас,Ханты-Мансийский автономный округ — Югра,городской округ,61.2568226130177,75.18084052877843,44157.0,114243.3
2219,городской округ город Мегион,Мегион,Ханты-Мансийский автономный округ — Югра,городской округ,61.06614519571492,76.05780132449395,59715.0,124732.7
2220,городской округ город Нефтеюганск,Нефтеюганск,Ханты-Мансийский автономный округ — Югра,городской округ,61.07845615008615,72.57107227235406,126690.0,134448.9
2221,городской округ город Нижневартовск,Нижневартовск,Ханты-Мансийский автономный округ — Югра,городской округ,60.93319136027835,76.56018446821574,290535.0,119385.6
2222,городской округ город Нягань,Нягань,Ханты-Мансийский автономный округ — Югра,городской округ,62.11135370307367,65.57223457484446,63466.0,117913.9
2223,городской округ город Покачи,Покачи,Ханты-Мансийский автономный округ — Югра,городской округ,61.72921033813959,75.50924584428216,16556.0,115289.7
2224,городской округ город Пыть-Ях,Пыть-Ях,Ханты-Мансийский автономный округ — Югра,городской округ,60.724609087383854,72.81738737674948,40530.0,118280.6
2225,городской округ город Радужный,Радужный,Ханты-Мансийский автономный округ — Югра,городской округ,62.15780638856203,77.4260642888117,45574.0,117694.5
2226,городской округ город Сургут,Сургут,Ханты-Мансийский автономный округ — Югра,городской округ,61.29345986743972,73.48785487255296,420347.0,140879.7
2227,городской округ город Урай,Урай,Ханты-Мансийский автономный округ — Югра,городской округ,60.11344367308481,64.82974480715323,41356.0,114415.3
2228,городской округ город Югорск,Югорск,Ханты-Мансийский автономный округ — Югра,городской округ,61.30740178325888,63.31759884346122,39233.0,142055.4
2229,Белоярский муниципальный район,Белоярский,Ханты-Мансийский автономный округ — Югра,муниципальный район,63.62242438672917,68.23709265768588,28479.0,146470.7
2230,Березовский муниципальный район,Березовский,Ханты-Мансийский автономный округ — Югра,муниципальный район,63.57611014218927,62.10011476080326,22821.0,123093.5
2231,Кондинский муниципальный район,Кондинский,Ханты-Мансийский автономный округ — Югра,муниципальный район,59.94629981885978,66.20510987343802,30387.0,116572.3
2232,Нефтеюганский муниципальный район,Нефтеюганский,Ханты-Мансийский автономный округ — Югра,муниципальный район,60.39491637322469,71.88131505982456,47486.0,138589.1
2233,Нижневартовский муниципальный район,Нижневартовский,Ханты-Мансийский автономный округ — Югра,муниципальный район,61.611756835250766,79.73872194247579,38693.0,127830.1
2234,Октябрьский муниципальный район,Октябрьский,Ханты-Мансийский автономный округ — Югра,муниципальный район,62.318769999346245,66.10866768643486,32120.0,129455.8
2235,Советский муниципальный район,Советский,Ханты-Мансийский автономный округ — Югра,муниципальный район,61.508659341050006,63.58621446783291,46492.0,105421.9
2236,Сургутский муниципальный район,Сургутский,Ханты-Мансийский автономный округ — Югра,муниципальный район,61.54399752448388,73.25021772197121,129992.0,141717.7
2237,Ханты-Мансийский муниципальный район,Ханты-Мансийский,Ханты-Мансийский автономный округ — Югра,муниципальный район,61.34019865564944,68.72173208416508,19022.0,142244.3
2238,городской округ город Салехард,Салехард,Ямало-Ненецкий автономный округ,городской округ,66.32196759688105,66.4997253872492,49236.0,169044.9
2241,городской округ город Муравленко,Муравленко,Ямало-Ненецкий автономный округ,городской округ,63.796964612707214,74.534683135203,29581.0,130077.5
2242,городской округ город Новый Уренгой,Новый Уренгой,Ямало-Ненецкий автономный округ,городской округ,66.08137282935051,76.78939140663613,106890.0,174598.5
2243,городской округ город Ноябрьск,Ноябрьск,Ямало-Ненецкий автономный округ,городской округ,63.16411166841678,75.64384944005104,102938.0,156219.1
2244,муниципальный округ Красноселькупский район,Красноселькупский,Ямало-Ненецкий автономный округ,муниципальный округ,64.57884700449443,82.48663748322201,5640.0,177997.6
2245,муниципальный округ Надымский район,Надымский,Ямало-Ненецкий автономный округ,муниципальный округ,66.05714465300905,73.39516952230781,65345.0,192600.2
2248,муниципальный округ Тазовский район,Тазовский,Ямало-Ненецкий автономный округ,муниципальный округ,70.3222788237131,77.35037052252234,17876.0,181196.5
2249,муниципальный округ Шурышкарский район,Шурышкарский,Ямало-Ненецкий автономный округ,муниципальный округ,65.34857603419492,65.27116020780603,9162.0,118486.6
2250,муниципальный округ Ямальский район,Ямальский,Ямало-Ненецкий автономный округ,муниципальный округ,70.39282091478205,70.36950444999826,16268.0,163565.2
2251,городской округ город Ульяновск,Ульяновск,Ульяновская область,городской округ,54.30426959416543,48.34223920494785,632771.0,69508.0
2252,городской округ город Димитровград,Димитровград,Ульяновская область,городской округ,54.21807333791851,49.55720451501205,108804.0,64255.5
2253,городской округ город Новоульяновск,Новоульяновск,Ульяновская область,городской округ,54.14578337174635,48.45703749043111,16791.0,62325.9
2254,Базарносызганский муниципальный район,Базарносызганский,Ульяновская область,муниципальный район,53.68515804697474,46.71627452372463,7275.0,38635.8
2255,Барышский муниципальный район,Барышский,Ульяновская область,муниципальный район,53.607662291363255,47.13440673121636,34969.0,42037.2
2256,Вешкаймский муниципальный район,Вешкаймский,Ульяновская область,муниципальный район,53.99758085346884,47.101274109044326,14314.0,40269.2
2257,Инзенский муниципальный район,Инзенский,Ульяновская область,муниципальный район,53.947963082018845,46.36209436085007,25875.0,45354.6
2258,Карсунский муниципальный район,Карсунский,Ульяновская область,муниципальный район,54.25073205212015,46.9399364387444,19556.0,38809.2
2259,Кузоватовский муниципальный район,Кузоватовский,Ульяновская область,муниципальный район,53.58707048851372,47.72911899422408,17939.0,43252.9
2260,Майнский муниципальный район,Майнский,Ульяновская область,муниципальный район,54.139708600997714,47.64059744031948,19862.0,42546.4
2262,Николаевский муниципальный район,Николаевский,Ульяновская область,муниципальный район,53.132499921069886,47.217845441095946,21200.0,48128.2
2264,Новоспасский муниципальный район,Новоспасский,Ульяновская область,муниципальный район,53.179281098540685,47.82718129462592,19921.0,53868.8
2265,Павловский муниципальный район,Павловский,Ульяновская область,муниципальный район,52.71426936639769,47.124232019496624,11582.0,48968.3
2266,Радищевский муниципальный район,Радищевский,Ульяновская область,муниципальный район,52.9150421084367,48.03178588975818,11246.0,39825.0
2267,Сенгилеевский муниципальный район,Сенгилеевский,Ульяновская область,муниципальный район,53.900313968505536,48.67460212730347,19008.0,55450.6
2268,Старокулаткинский муниципальный район,Старокулаткинский,Ульяновская область,муниципальный район,52.7566416056447,47.58808658814918,9545.0,36450.9
2269,Старомайнский муниципальный район,Старомайнский,Ульяновская область,муниципальный район,54.61340276031597,49.17357163690959,14556.0,41303.6
2270,Сурский муниципальный район,Сурский,Ульяновская область,муниципальный район,54.55138395051743,46.905983083561296,14437.0,40095.8
2271,Тереньгульский муниципальный район,Тереньгульский,Ульяновская область,муниципальный район,53.753296221600266,48.20968363160635,15507.0,42415.2
2272,Ульяновский муниципальный район,Ульяновский,Ульяновская область,муниципальный район,54.35999310419325,48.1829650968542,34931.0,52985.3
2274,Чердаклинский муниципальный район,Чердаклинский,Ульяновская область,муниципальный район,54.27377066413671,48.86679732167463,38945.0,69072.4
2275,городской округ Челябинский,Челябинский,Челябинская область,городской округ,55.16677184555747,61.40552646925427,1177058.0,84815.5
2276,городской округ Верхнеуфалейский,Верхнеуфалейский,Челябинская область,городской округ,56.00792094928326,60.1825096364873,25205.0,59045.2
2278,городской округ Карабашский,Карабашский,Челябинская область,городской округ,55.53317514322126,60.20012646483281,10372.0,66587.7
2279,городской округ Копейский,Копейский,Челябинская область,городской округ,55.05547836680892,61.56820849946629,147109.0,71657.4
2280,городской округ Кыштымский,Кыштымский,Челябинская область,городской округ,55.71827155744585,60.41113493800228,37146.0,65719.5
2281,городской округ Магнитогорский,Магнитогорский,Челябинская область,городской округ,53.41051681918997,59.03910827214551,408715.0,83303.8
2282,городской округ Миасский,Миасский,Челябинская область,городской округ,55.07373495065053,60.02394089145288,160837.0,78991.3
2286,городской округ Троицкий,Троицкий,Челябинская область,городской округ,54.08521589265246,61.571027214715855,69845.0,57716.2
2287,городской округ Усть-Катавский,Усть-Катавский,Челябинская область,городской округ,54.98975657994611,58.30025893375212,23326.0,57046.3
2288,городской округ Чебаркульский,Чебаркульский,Челябинская область,городской округ,54.98068986410224,60.35568243100328,44648.0,57557.8
2289,городской округ Южноуральский,Южноуральский,Челябинская область,городской округ,54.42246575164384,61.18186163013472,37265.0,70031.6
2292,Аргаяшский муниципальный район,Аргаяшский,Челябинская область,муниципальный район,55.41154010822561,60.75661114089775,39383.0,59756.1
2293,Ашинский муниципальный район,Ашинский,Челябинская область,муниципальный район,55.05125303485126,57.57290109768551,54113.0,70379.1
2294,Брединский муниципальный район,Брединский,Челябинская область,муниципальный район,52.43254407043938,60.30762973304089,23380.0,48500.9
2295,Варненский муниципальный район,Варненский,Челябинская область,муниципальный район,53.28351925869954,61.237692387322696,24054.0,73409.7
2296,Верхнеуральский муниципальный район,Верхнеуральский,Челябинская область,муниципальный район,53.90784524117182,59.52202364471605,31251.0,70358.1
2297,Еманжелинский муниципальный район,Еманжелинский,Челябинская область,муниципальный район,54.71551528988971,61.29506996011915,47326.0,54543.8
2298,Еткульский муниципальный район,Еткульский,Челябинская область,муниципальный район,54.762223997657486,61.58803662428602,29743.0,61685.8
2299,Карталинский муниципальный район,Карталинский,Челябинская область,муниципальный район,53.04344973525646,60.398198433029016,43290.0,63612.2
2300,Каслинский муниципальный район,Каслинский,Челябинская область,муниципальный район,56.08227910813691,61.118488406583474,29118.0,56740.0
2301,Катав-Ивановский муниципальный район,Катав-Ивановский,Челябинская область,муниципальный район,54.69088113797008,58.198000390048506,26222.0,53527.9
2302,Кизильский муниципальный район,Кизильский,Челябинская область,муниципальный район,52.74984317311629,59.30156283080047,19276.0,47177.6
2303,Коркинский муниципальный округ,Коркинский,Челябинская область,муниципальный округ,54.89213023643301,61.32186110934924,55417.0,60182.9
2304,Красноармейский муниципальный район,Красноармейский,Челябинская область,муниципальный район,55.4438369846433,62.04820356267367,49996.0,61073.5
2305,Кунашакский муниципальный район,Кунашакский,Челябинская область,муниципальный район,55.84062276952033,61.63699597829827,27505.0,52293.7
2307,Нагайбакский муниципальный район,Нагайбакский,Челябинская область,муниципальный район,53.55864205583419,59.82569803286135,16951.0,60069.3
2308,Нязепетровский муниципальный район,Нязепетровский,Челябинская область,муниципальный район,55.965803228219215,59.58134099274112,13666.0,46232.3
2309,Октябрьский муниципальный район,Октябрьский,Челябинская область,муниципальный район,54.38571329241951,62.707696924044,18139.0,52761.0
2310,Пластовский муниципальный район,Пластовский,Челябинская область,муниципальный район,54.28040235501195,60.60521086912243,24231.0,102847.9
2311,Саткинский муниципальный район,Саткинский,Челябинская область,муниципальный район,54.97903466592725,58.99652623742988,74031.0,60418.5
2312,Сосновский муниципальный район,Сосновский,Челябинская область,муниципальный район,55.232246179700574,61.1987838272591,93044.0,78815.5
2314,Увельский муниципальный район,Увельский,Челябинская область,муниципальный район,54.48135404155571,61.49691585823544,30982.0,69599.1
2315,Уйский муниципальный район,Уйский,Челябинская область,муниципальный район,54.384421018669904,60.090091490439136,20981.0,47728.1
2316,Чебаркульский муниципальный район,Чебаркульский,Челябинская область,муниципальный район,54.82718262114604,60.51839450100396,28564.0,60279.1
2317,Чесменский муниципальный район,Чесменский,Челябинская область,муниципальный район,53.72849011472434,60.57130171350288,15114.0,53848.6
2318,городской округ город Ярославль,Ярославль,Ярославская область,городской округ,57.63360504401472,39.8566901907736,567443.0,76713.9
2320,городской округ город Рыбинск,Рыбинск,Ярославская область,городской округ,58.057818805133806,38.82169295172533,171810.0,72473.2
2321,Большесельский муниципальный район,Большесельский,Ярославская область,муниципальный район,57.724032588920686,38.98323193564646,9122.0,50677.7
2322,Борисоглебский муниципальный район,Борисоглебский,Ярославская область,муниципальный район,57.32743594312295,38.9843653823108,11831.0,52498.4
2323,Брейтовский муниципальный район,Брейтовский,Ярославская область,муниципальный район,58.35718403148546,37.84719491424492,5332.0,45626.1
2324,Гаврилов-Ямский муниципальный район,Гаврилов-Ямский,Ярославская область,муниципальный район,57.33347520124376,39.88615209066519,23809.0,62073.5
2325,Даниловский муниципальный район,Даниловский,Ярославская область,муниципальный район,58.12085373018443,40.11502398134397,20497.0,54092.9
2326,Любимский муниципальный район,Любимский,Ярославская область,муниципальный район,58.32525181711848,40.74532985899348,9732.0,48998.8
2327,Мышкинский муниципальный район,Мышкинский,Ярославская область,муниципальный район,57.76399485511642,38.19867665504056,9051.0,62791.0
2328,Некоузский муниципальный район,Некоузский,Ярославская область,муниципальный район,57.95085306510197,37.88832018852192,11435.0,58673.1
2329,Некрасовский муниципальный район,Некрасовский,Ярославская область,муниципальный район,57.65756525517339,40.38663283653984,19480.0,55614.7
2330,Первомайский муниципальный район,Первомайский,Ярославская область,муниципальный район,58.54313317617142,39.90545633888851,8362.0,50142.8
2332,Пошехонский муниципальный район,Пошехонский,Ярославская область,муниципальный район,58.5731382014165,38.96774356181301,10190.0,45040.6
2333,Ростовский муниципальный район,Ростовский,Ярославская область,муниципальный район,57.09643214274202,39.34865057836596,57986.0,59404.8
2334,Рыбинский муниципальный район,Рыбинский,Ярославская область,муниципальный район,58.13591974101296,38.79619893690396,26409.0,68584.3
2335,Тутаевский муниципальный район,Тутаевский,Ярославская область,муниципальный район,57.94435759036844,39.56581894833407,52373.0,57575.9
2336,Угличский муниципальный район,Угличский,Ярославская область,муниципальный район,57.44601923591329,38.34869597124351,46215.0,57746.0
2337,Ярославский муниципальный район,Ярославский,Ярославская область,муниципальный район,57.63177661956937,39.819046923590975,72442.0,77400.4
2338,городской округ город Биробиджан,Биробиджан,Еврейская автономная область,городской округ,48.77772155364224,132.9103872085314,67788.0,76309.1
2339,Биробиджанский муниципальный район,Биробиджанский,Еврейская автономная область,муниципальный район,48.48308932210041,132.87666582923106,9980.0,61844.1
2340,Ленинский муниципальный район,Ленинский,Еврейская автономная область,муниципальный район,48.08549333059991,132.20480566529346,15325.0,66714.9
2341,Облученский муниципальный район,Облученский,Еврейская автономная область,муниципальный район,48.91788772068165,131.84573726905853,23265.0,97090.7
2342,Октябрьский муниципальный район,Октябрьский,Еврейская автономная область,муниципальный район,48.1313352287682,131.29090886346995,7462.0,56576.3
2343,Смидовичский муниципальный район,Смидовичский,Еврейская автономная область,муниципальный район,48.51221090057952,133.87237326270682,21982.0,96699.5
2344,городской округ Анадырь,Анадырь,Чукотский автономный округ,городской округ,64.72455196068191,177.46236238293807,13412.0,199856.1
2345,городской округ Эгвекинот,Эгвекинот,Чукотский автономный округ,городской округ,68.20899445690652,8.411305348346074,5197.0,170752.1
2348,Анадырский муниципальный район,Анадырский,Чукотский автономный округ,муниципальный район,64.94441491178121,173.3400970808746,8790.0,167493.4
2349,Билибинский муниципальный район,Билибинский,Чукотский автономный округ,муниципальный район,67.34284529740107,163.81839858933392,7279.0,199396.5
2351,внутригородская территория города федерального значения муниципальный округ Коломна,Коломна,Санкт-Петербург,внутригородская территория города федерального значения,59.92236722277568,30.28203551998813,33530.0,108102.7
2352,внутригородская территория города федерального значения муниципальный округ Сенной округ,Сенной,Санкт-Петербург,внутригородская территория города федерального значения,59.92519406502915,30.31364687821521,20360.0,161058.2
2353,внутригородская территория города федерального значения муниципальный округ Адмиралтейский округ,Адмиралтейский,Санкт-Петербург,внутригородская территория города федерального значения,59.9312412632532,30.300161771195977,23945.0,173598.5
2354,внутригородская территория города федерального значения муниципальный округ Семеновский,Семеновский,Санкт-Петербург,внутригородская территория города федерального значения,59.91769664818226,30.32787975520624,22123.0,121453.5
2355,внутригородская территория города федерального значения муниципальный округ Измайловское,Измайловское,Санкт-Петербург,внутригородская территория города федерального значения,59.9074348573725,30.30766956922593,32593.0,101555.8
2356,внутригородская территория города федерального значения муниципальный округ Екатерингофский,Екатерингофский,Санкт-Петербург,внутригородская территория города федерального значения,59.90878739864922,30.27637462295297,21671.0,125997.2
2357,внутригородская территория города федерального значения муниципальный округ № 7,№ 7,Санкт-Петербург,внутригородская территория города федерального значения,59.934818615925145,30.277288795012016,36091.0,134158.9
2358,внутригородская территория города федерального значения муниципальный округ Васильевский,Васильевский,Санкт-Петербург,внутригородская территория города федерального значения,59.94439845250213,30.262742715411907,31425.0,134399.1
2359,внутригородская территория города федерального значения муниципальный округ Гавань,Гавань,Санкт-Петербург,внутригородская территория города федерального значения,59.93316243561002,30.231028436409783,41047.0,184908.8
2360,внутригородская территория города федерального значения муниципальный округ Морской,Морской,Санкт-Петербург,внутригородская территория города федерального значения,59.94369137781924,30.20526713855998,36080.0,128388.0
2361,внутригородская территория города федерального значения муниципальный округ Остров Декабристов,Остров Декабристов,Санкт-Петербург,внутригородская территория города федерального значения,59.95517023993756,30.229297247504192,60755.0,151689.0
2362,внутригородская территория города федерального значения поселок Левашово,Левашово,Санкт-Петербург,внутригородская территория города федерального значения,60.09198865827305,30.15365883390995,6101.0,125672.2
2363,внутригородская территория города федерального значения поселок Парголово,Парголово,Санкт-Петербург,внутригородская территория города федерального значения,60.083685291877934,30.25671852892035,111145.0,106082.5
2364,внутригородская территория города федерального значения муниципальный округ Сампсониевское,Сампсониевское,Санкт-Петербург,внутригородская территория города федерального значения,59.975593257809365,30.342655502397847,39068.0,134530.3
2365,внутригородская территория города федерального значения муниципальный округ Светлановское,Светлановское,Санкт-Петербург,внутригородская территория города федерального значения,60.00889688775261,30.338905464068887,89796.0,114557.0
2366,внутригородская территория города федерального значения муниципальный округ Сосновское,Сосновское,Санкт-Петербург,внутригородская территория города федерального значения,60.02815544677773,30.34604681781194,60378.0,109650.5
2367,внутригородская территория города федерального значения муниципальный округ № 15,№ 15,Санкт-Петербург,внутригородская территория города федерального значения,60.05313167965325,30.36896905110021,60902.0,105497.0
2368,внутригородская территория города федерального значения муниципальный округ Сергиевское,Сергиевское,Санкт-Петербург,внутригородская территория города федерального значения,60.0637406911296,30.354668659227016,60031.0,135662.9
2369,внутригородская территория города федерального значения муниципальный округ Шувалово-Озерки,Шувалово-Озерки,Санкт-Петербург,внутригородская территория города федерального значения,60.05126418725436,30.31183837968582,116146.0,90022.3
2370,внутригородская территория города федерального значения поселок Лисий Нос,Лисий Нос,Санкт-Петербург,внутригородская территория города федерального значения,60.01499696203436,30.002757442580428,6508.0,116882.1
2371,внутригородская территория города федерального значения муниципальный округ Лахта-Ольгино,Лахта-Ольгино,Санкт-Петербург,внутригородская территория города федерального значения,60.01134509632936,30.1370316149404,15567.0,405587.4
2372,внутригородская территория города федерального значения муниципальный округ № 65,№ 65,Санкт-Петербург,внутригородская территория города федерального значения,59.994512322767285,30.220393827384875,191571.0,127853.4
2373,внутригородская территория города федерального значения муниципальный округ Ланское,Ланское,Санкт-Петербург,внутригородская территория города федерального значения,59.98806063868703,30.30253314721938,70100.0,148160.9
2374,внутригородская территория города федерального значения муниципальный округ Комендантский аэродром,Комендантский аэродром,Санкт-Петербург,внутригородская территория города федерального значения,60.004293314142735,30.295458399922836,94400.0,122732.3
2375,внутригородская территория города федерального значения муниципальный округ Озеро Долгое,Озеро Долгое,Санкт-Петербург,внутригородская территория города федерального значения,60.004799874139984,30.262801315919027,91526.0,111013.4
2376,внутригородская территория города федерального значения муниципальный округ Юнтолово,Юнтолово,Санкт-Петербург,внутригородская территория города федерального значения,60.02426515699129,30.23127004001207,115111.0,131474.9
2377,внутригородская территория города федерального значения муниципальный округ Коломяги,Коломяги,Санкт-Петербург,внутригородская территория города федерального значения,60.04448459435741,30.23268818625113,119292.0,118280.7
2378,внутригородская территория города федерального значения муниципальный округ Гражданка,Гражданка,Санкт-Петербург,внутригородская территория города федерального значения,60.00628012553051,30.40252460935824,67654.0,136485.7
2379,внутригородская территория города федерального значения муниципальный округ Академическое,Академическое,Санкт-Петербург,внутригородская территория города федерального значения,60.01693476820196,30.385669541083544,108549.0,120412.0
2380,внутригородская территория города федерального значения муниципальный округ Финляндский округ,Финляндский,Санкт-Петербург,внутригородская территория города федерального значения,59.96853125329985,30.38021443538818,72078.0,139671.6
2381,внутригородская территория города федерального значения муниципальный округ № 21,№ 21,Санкт-Петербург,внутригородская территория города федерального значения,60.03184940034024,30.422895693727284,76567.0,103820.0
2382,внутригородская территория города федерального значения муниципальный округ Пискаревка,Пискаревка,Санкт-Петербург,внутригородская территория города федерального значения,59.99342308899844,30.40519693764662,81396.0,106376.8
2383,внутригородская территория города федерального значения муниципальный округ Северный,Северный,Санкт-Петербург,внутригородская территория города федерального значения,60.04380458922092,30.38063627062045,48022.0,88848.6
2384,внутригородская территория города федерального значения муниципальный округ Прометей,Прометей,Санкт-Петербург,внутригородская территория города федерального значения,60.04055975999536,30.39938369655568,76479.0,83890.2
2385,внутригородская территория города федерального значения муниципальный округ Княжево,Княжево,Санкт-Петербург,внутригородская территория города федерального значения,59.85026100922444,30.271148788576056,59699.0,131825.9
2386,внутригородская территория города федерального значения муниципальный округ Ульянка,Ульянка,Санкт-Петербург,внутригородская территория города федерального значения,59.83122118863157,30.216878487640155,76019.0,81411.9
2387,внутригородская территория города федерального значения муниципальный округ Дачное,Дачное,Санкт-Петербург,внутригородская территория города федерального значения,59.843706061460544,30.240415537358544,70462.0,79387.8
2388,внутригородская территория города федерального значения муниципальный округ Автово,Автово,Санкт-Петербург,внутригородская территория города федерального значения,59.87429596069477,30.231390108596404,42639.0,132541.9
2389,внутригородская территория города федерального значения муниципальный округ Нарвский округ,Нарвский,Санкт-Петербург,внутригородская территория города федерального значения,59.89051832149832,30.26675049090591,33260.0,117340.4
2390,внутригородская территория города федерального значения муниципальный округ Красненькая речка,Красненькая речка,Санкт-Петербург,внутригородская территория города федерального значения,59.856581170824775,30.23787779649419,38302.0,88191.4
2391,внутригородская территория города федерального значения муниципальный округ Морские ворота,Морские ворота,Санкт-Петербург,внутригородская территория города федерального значения,59.90038842085562,30.226940110931046,10430.0,129501.2
2392,внутригородская территория города федерального значения город Колпино,Колпино,Санкт-Петербург,внутригородская территория города федерального значения,59.75666698197527,30.618719783009208,145875.0,104491.6
2393,внутригородская территория города федерального значения поселок Металлострой,Металлострой,Санкт-Петербург,внутригородская территория города федерального значения,59.798373416228806,30.560681434157747,27407.0,120868.5
2395,внутригородская территория города федерального значения поселок Понтонный,Понтонный,Санкт-Петербург,внутригородская территория города федерального значения,59.78145815808304,30.633457684943203,8552.0,121181.9
2398,внутригородская территория города федерального значения муниципальный округ Полюстрово,Полюстрово,Санкт-Петербург,внутригородская территория города федерального значения,59.99877213020416,30.45431762029333,75419.0,109170.8
2399,внутригородская территория города федерального значения муниципальный округ Большая Охта,Большая Охта,Санкт-Петербург,внутригородская территория города федерального значения,59.9486871461796,30.426399845098093,57831.0,107544.0
2400,внутригородская территория города федерального значения муниципальный округ Малая Охта,Малая Охта,Санкт-Петербург,внутригородская территория города федерального значения,59.93022755437978,30.416951859936077,43157.0,149041.5
2401,внутригородская территория города федерального значения муниципальный округ Пороховые,Пороховые,Санкт-Петербург,внутригородская территория города федерального значения,59.94544008866815,30.472704725015745,128099.0,99455.2
2402,внутригородская территория города федерального значения муниципальный округ Ржевка,Ржевка,Санкт-Петербург,внутригородская территория города федерального значения,59.97308592926338,30.4933893763294,60985.0,112774.9
2403,внутригородская территория города федерального значения город Красное Село,Красное Село,Санкт-Петербург,внутригородская территория города федерального значения,59.72444984251527,30.090473973254177,60306.0,99429.6
2404,внутригородская территория города федерального значения муниципальный округ Юго-Запад,Юго-Запад,Санкт-Петербург,внутригородская территория города федерального значения,59.85591455808623,30.21488631812348,58402.0,83016.2
2405,внутригородская территория города федерального значения муниципальный округ Южно-Приморский,Южно-Приморский,Санкт-Петербург,внутригородская территория города федерального значения,59.85761066933537,30.1663583096771,128489.0,95978.1
2406,внутригородская территория города федерального значения муниципальный округ Сосновая поляна,Сосновая поляна,Санкт-Петербург,внутригородская территория города федерального значения,59.84443892594823,30.121095791920578,73238.0,93823.1
2407,внутригородская территория города федерального значения муниципальный округ Урицк,Урицк,Санкт-Петербург,внутригородская территория города федерального значения,59.83612121148933,30.18144574612361,50257.0,96371.5
2408,внутригородская территория города федерального значения муниципальный округ Константиновское,Константиновское,Санкт-Петербург,внутригородская территория города федерального значения,59.82244836330273,30.122755959357765,35619.0,79940.4
2409,внутригородская территория города федерального значения муниципальный округ Горелово,Горелово,Санкт-Петербург,внутригородская территория города федерального значения,59.790996643879765,30.146316102672227,28519.0,97190.5
2410,внутригородская территория города федерального значения город Кронштадт,Кронштадт,Санкт-Петербург,внутригородская территория города федерального значения,60.00445361014674,29.74560322183919,44515.0,80937.2
2411,внутригородская территория города федерального значения город Зеленогорск,Зеленогорск,Санкт-Петербург,внутригородская территория города федерального значения,60.21169963432202,29.712449265392618,15462.0,83433.5
2412,внутригородская территория города федерального значения город Сестрорецк,Сестрорецк,Санкт-Петербург,внутригородская территория города федерального значения,60.06587053501442,30.025789401475585,45935.0,109561.6
2416,внутригородская территория города федерального значения поселок Песочный,Песочный,Санкт-Петербург,внутригородская территория города федерального значения,60.12088739064646,30.11353359798295,9869.0,145968.3
2422,внутригородская территория города федерального значения город Ломоносов,Ломоносов,Санкт-Петербург,внутригородская территория города федерального значения,59.90455967046837,29.74740440933923,38558.0,92014.9
2423,внутригородская территория города федерального значения муниципальный округ Московская застава,Московская застава,Санкт-Петербург,внутригородская территория города федерального значения,59.88537185094442,30.323726487446205,44916.0,162233.1
2424,внутригородская территория города федерального значения муниципальный округ Гагаринское,Гагаринское,Санкт-Петербург,внутригородская территория города федерального значения,59.84783779769637,30.35571864598124,65624.0,110892.9
2425,внутригородская территория города федерального значения муниципальный округ Новоизмайловское,Новоизмайловское,Санкт-Петербург,внутригородская территория города федерального значения,59.85176548914984,30.3017731938179,83316.0,131139.0
2426,внутригородская территория города федерального значения муниципальный округ Пулковский меридиан,Пулковский меридиан,Санкт-Петербург,внутригородская территория города федерального значения,59.79784125464211,30.28751349960138,45574.0,146876.2
2427,внутригородская территория города федерального значения муниципальный округ Звездное,Звездное,Санкт-Петербург,внутригородская территория города федерального значения,59.83003423506379,30.338259422024933,93726.0,140023.1
2428,внутригородская территория города федерального значения муниципальный округ Невская застава,Невская застава,Санкт-Петербург,внутригородская территория города федерального значения,59.902585495417874,30.404653675222683,28050.0,111001.4
2429,внутригородская территория города федерального значения муниципальный округ Ивановский,Ивановский,Санкт-Петербург,внутригородская территория города федерального значения,59.87816365915817,30.429501261824445,27157.0,94443.0
2430,внутригородская территория города федерального значения муниципальный округ Обуховский,Обуховский,Санкт-Петербург,внутригородская территория города федерального значения,59.86170054755309,30.457908330884543,56679.0,106569.0
2431,внутригородская территория города федерального значения муниципальный округ Рыбацкое,Рыбацкое,Санкт-Петербург,внутригородская территория города федерального значения,59.83440801847604,30.508494081528784,70132.0,122881.2
2432,внутригородская территория города федерального значения муниципальный округ Народный,Народный,Санкт-Петербург,внутригородская территория города федерального значения,59.87791452364311,30.48239820673696,79762.0,110914.1
2433,внутригородская территория города федерального значения муниципальный округ № 54,№ 54,Санкт-Петербург,внутригородская территория города федерального значения,59.89887839682348,30.475650460279606,67469.0,85933.2
2434,внутригородская территория города федерального значения муниципальный округ Невский округ,Невский,Санкт-Петербург,внутригородская территория города федерального значения,59.9093247894088,30.44852442169643,69494.0,99233.6
2435,внутригородская территория города федерального значения муниципальный округ Оккервиль,Оккервиль,Санкт-Петербург,внутригородская территория города федерального значения,59.91694746434259,30.488914511701413,61924.0,91327.1
2436,внутригородская территория города федерального значения муниципальный округ Правобережный,Правобережный,Санкт-Петербург,внутригородская территория города федерального значения,59.92581686753579,30.461819802697704,88163.0,131801.7
2437,внутригородская территория города федерального значения город Павловск,Павловск,Санкт-Петербург,внутригородская территория города федерального значения,59.66933441729977,30.432305502981155,18097.0,86920.1
2439,внутригородская территория города федерального значения муниципальный округ Введенский,Введенский,Санкт-Петербург,внутригородская территория города федерального значения,59.9512687789604,30.298895218524613,15440.0,157832.9
2440,внутригородская территория города федерального значения муниципальный округ Кронверкское,Кронверкское,Санкт-Петербург,внутригородская территория города федерального значения,59.95426650843763,30.313704806520075,16497.0,157393.5
2441,внутригородская территория города федерального значения муниципальный округ Посадский,Посадский,Санкт-Петербург,внутригородская территория города федерального значения,59.95786660885749,30.329508928120088,15788.0,128583.0
2442,внутригородская территория города федерального значения муниципальный округ Аптекарский остров,Аптекарский остров,Санкт-Петербург,внутригородская территория города федерального значения,59.97090608794826,30.316048456737448,20583.0,153575.1
2443,внутригородская территория города федерального значения муниципальный округ округ Петровский,Петровский,Санкт-Петербург,внутригородская территория города федерального значения,59.95950367553789,30.27037461450056,17453.0,107416.3
2444,внутригородская территория города федерального значения муниципальный округ Чкаловское,Чкаловское,Санкт-Петербург,внутригородская территория города федерального значения,59.97240744610804,30.26510878158245,29553.0,189818.6
2445,внутригородская территория города федерального значения город Петергоф,Петергоф,Санкт-Петербург,внутригородская территория города федерального значения,59.86780299842148,29.906874282764647,80345.0,99081.5
2446,внутригородская территория города федерального значения поселок Стрельна,Стрельна,Санкт-Петербург,внутригородская территория города федерального значения,59.844590490229606,30.04759672961661,14268.0,203097.6
2447,внутригородская территория города федерального значения город Пушкин,Пушкин,Санкт-Петербург,внутригородская территория города федерального значения,59.70189738448088,30.33972376842887,108470.0,96984.5
2449,внутригородская территория города федерального значения поселок Шушары,Шушары,Санкт-Петербург,внутригородская территория города федерального значения,59.76252845428677,30.44318265714084,138847.0,113087.1
2450,внутригородская территория города федерального значения муниципальный округ Волковское,Волковское,Санкт-Петербург,внутригородская территория города федерального значения,59.89213236370679,30.366311620994352,61193.0,111006.0
2451,внутригородская территория города федерального значения муниципальный округ № 72,№ 72,Санкт-Петербург,внутригородская территория города федерального значения,59.86818259217907,30.401712349890467,67637.0,95415.1
2452,внутригородская территория города федерального значения муниципальный округ Купчино,Купчино,Санкт-Петербург,внутригородская территория города федерального значения,59.86391321710463,30.37178176439193,55958.0,96447.9
2453,внутригородская территория города федерального значения муниципальный округ Георгиевский,Георгиевский,Санкт-Петербург,внутригородская территория города федерального значения,59.84649979051581,30.385326212685577,92071.0,95187.5
2454,внутригородская территория города федерального значения муниципальный округ № 75,№ 75,Санкт-Петербург,внутригородская территория города федерального значения,59.845296780152296,30.432330372876024,62317.0,103672.1
2455,внутригородская территория города федерального значения муниципальный округ Балканский,Балканский,Санкт-Петербург,внутригородская территория города федерального значения,59.82846583601958,30.40053770760846,73743.0,109575.5
2456,внутригородская территория города федерального значения муниципальный округ Дворцовый округ,Дворцовый,Санкт-Петербург,внутригородская территория города федерального значения,59.941036113725296,30.327773511032262,7273.0,155058.8
2457,внутригородская территория города федерального значения муниципальный округ № 78,№ 78,Санкт-Петербург,внутригородская территория города федерального значения,59.93179487032409,30.32713122648421,8978.0,126106.3
2458,внутригородская территория города федерального значения муниципальный округ Литейный округ,Литейный,Санкт-Петербург,внутригородская территория города федерального значения,59.94266975348337,30.34985106520839,39745.0,132047.4
2459,внутригородская территория города федерального значения муниципальный округ Смольнинское,Смольнинское,Санкт-Петербург,внутригородская территория города федерального значения,59.94146451054639,30.381669238105257,73451.0,144892.4
2460,внутригородская территория города федерального значения муниципальный округ Лиговка-Ямская,Лиговка-Ямская,Санкт-Петербург,внутригородская территория города федерального значения,59.92118953483573,30.37280746613846,19437.0,114002.5
2461,внутригородская территория города федерального значения муниципальный округ Владимирский округ,Владимирский,Санкт-Петербург,внутригородская территория города федерального значения,59.92504298696068,30.34661803613206,49727.0,162042.2
2462,внутригородская территория города федерального значения муниципальный округ Богородское,Богородское,Москва,внутригородская территория города федерального значения,55.8192219320522,37.70351793698335,107571.0,150817.4
2463,внутригородская территория города федерального значения муниципальный округ Вешняки,Вешняки,Москва,внутригородская территория города федерального значения,55.73068573619671,37.81519947542246,119585.0,123692.0
2464,внутригородская территория города федерального значения муниципальный округ Восточное Измайлово,Восточное Измайлово,Москва,внутригородская территория города федерального значения,55.79565452638098,37.82237534270219,73857.0,139913.0
2465,внутригородская территория города федерального значения муниципальный округ Восточный,Восточный,Москва,внутригородская территория города федерального значения,55.825309032503874,37.8650459524649,12454.0,96567.2
2466,внутригородская территория города федерального значения муниципальный округ Гольяново,Гольяново,Москва,внутригородская территория города федерального значения,55.82429283428272,37.79620087010168,164715.0,132274.9
2467,внутригородская территория города федерального значения муниципальный округ Ивановское,Ивановское,Москва,внутригородская территория города федерального значения,55.77134148669594,37.82402620667089,125062.0,108689.0
2468,внутригородская территория города федерального значения муниципальный округ Измайлово,Измайлово,Москва,внутригородская территория города федерального значения,55.7837914545915,37.77275193204678,108666.0,125617.2
2469,внутригородская территория города федерального значения муниципальный округ Косино-Ухтомский,Косино-Ухтомский,Москва,внутригородская территория города федерального значения,55.71620198710437,37.88347639062216,89438.0,119476.7
2470,внутригородская территория города федерального значения муниципальный округ Новогиреево,Новогиреево,Москва,внутригородская территория города федерального значения,55.74804843521625,37.804112475964,99348.0,139017.1
2471,внутригородская территория города федерального значения муниципальный округ Новокосино,Новокосино,Москва,внутригородская территория города федерального значения,55.740070031428544,37.861842195422206,107461.0,115822.7
2472,внутригородская территория города федерального значения муниципальный округ Метрогородок,Метро,Москва,внутригородская территория города федерального значения,55.84287867844898,37.73845888869637,40122.0,115041.8
2473,внутригородская территория города федерального значения муниципальный округ Перово,Перово,Москва,внутригородская территория города федерального значения,55.752060180629165,37.76761268279686,134308.0,133502.6
2474,внутригородская территория города федерального значения муниципальный округ Северное Измайлово,Северное Измайлово,Москва,внутригородская территория города федерального значения,55.8068486045662,37.80539090964937,84957.0,106671.0
2475,внутригородская территория города федерального значения муниципальный округ Соколиная гора,Соколиная гора,Москва,внутригородская территория города федерального значения,55.77279789472219,37.73064817080634,92805.0,162116.6
2476,внутригородская территория города федерального значения муниципальный округ Сокольники,Сокольники,Москва,внутригородская территория города федерального значения,55.799880405125606,37.67757788927887,60396.0,180898.4
2477,внутригородская территория города федерального значения муниципальный округ Преображенское,Преображенское,Москва,внутригородская территория города федерального значения,55.79731558794931,37.72240904164991,87933.0,197587.9
2478,внутригородская территория города федерального значения муниципальный округ Внуково,Внуково,Москва,внутригородская территория города федерального значения,55.60315697438575,37.262938406855255,25182.0,158742.3
2479,внутригородская территория города федерального значения муниципальный округ Дорогомилово,Дорогомилово,Москва,внутригородская территория города федерального значения,55.73907939179937,37.53687126051327,75669.0,183835.8
2480,внутригородская территория города федерального значения муниципальный округ Крылатское,Крылатское,Москва,внутригородская территория города федерального значения,55.76322327764604,37.4236639336805,82363.0,251108.1
2481,внутригородская территория города федерального значения муниципальный округ Кунцево,Кунцево,Москва,внутригородская территория города федерального значения,55.74557791329877,37.17070713506371,151447.0,153258.6
2482,внутригородская территория города федерального значения муниципальный округ Можайский,Можайский,Москва,внутригородская территория города федерального значения,55.708019968364816,37.39561915016749,145961.0,219334.6
2483,внутригородская территория города федерального значения муниципальный округ Ново-Переделкино,Ново-Переделкино,Москва,внутригородская территория города федерального значения,55.645910963180384,37.357418228544205,122058.0,121277.8
2484,внутригородская территория города федерального значения муниципальный округ Очаково-Матвеевское,Очаково-Матвеевское,Москва,внутригородская территория города федерального значения,55.6928922346343,37.44678832896705,126535.0,143973.4
2485,внутригородская территория города федерального значения муниципальный округ Проспект Вернадского,Проспект Вернадского,Москва,внутригородская территория города федерального значения,55.67635478865631,37.49905546007143,65316.0,317345.3
2486,внутригородская территория города федерального значения муниципальный округ Раменки,Раменки,Москва,внутригородская территория города федерального значения,55.70655036154911,37.51417666737786,151931.0,162475.6
2487,внутригородская территория города федерального значения муниципальный округ Солнцево,Солнцево,Москва,внутригородская территория города федерального значения,55.65116072671391,37.3991208677632,126309.0,121441.6
2488,внутригородская территория города федерального значения муниципальный округ Тропарево-Никулино,Тропарево-Никулино,Москва,внутригородская территория города федерального значения,55.660378467115386,37.46842342998235,128029.0,179236.2
2489,внутригородская территория города федерального значения муниципальный округ Филевский парк,Филевский парк,Москва,внутригородская территория города федерального значения,55.7493245968528,37.4869643301102,112388.0,163078.2
2490,внутригородская территория города федерального значения муниципальный округ Фили-Давыдково,Фили-Давыдково,Москва,внутригородская территория города федерального значения,55.72722855310363,37.46923394280839,111926.0,163829.5
2491,внутригородская территория города федерального значения муниципальный округ Крюково,Крюково,Москва,внутригородская территория города федерального значения,55.96935788762397,37.17682058993852,110660.0,108061.4
2492,внутригородская территория города федерального значения муниципальный округ Матушкино,Матушкино,Москва,внутригородская территория города федерального значения,56.00507729815089,37.20429579744563,43049.0,146480.9
2493,внутригородская территория города федерального значения муниципальный округ Силино,Силино,Москва,внутригородская территория города федерального значения,56.00231884378225,37.17034130344168,42047.0,161249.9
2494,внутригородская территория города федерального значения муниципальный округ Аэропорт,Аэропорт,Москва,внутригородская территория города федерального значения,55.802723313399845,37.540347538676535,81833.0,241012.2
2495,внутригородская территория города федерального значения муниципальный округ Беговой,Беговой,Москва,внутригородская территория города федерального значения,55.78322680477961,37.56625702767618,43190.0,192207.0
2496,внутригородская территория города федерального значения муниципальный округ Бескудниковский,Бескудниковский,Москва,внутригородская территория города федерального значения,55.867288710196426,37.55274816309616,79896.0,159783.3
2497,внутригородская территория города федерального значения муниципальный округ Войковский,Войковский,Москва,внутригородская территория города федерального значения,55.82733095834657,37.49707322675869,72173.0,218129.8
2498,внутригородская территория города федерального значения муниципальный округ Восточное Дегунино,Восточное Дегунино,Москва,внутригородская территория города федерального значения,55.87867289055436,37.560742236857806,101167.0,124829.0
2499,внутригородская территория города федерального значения муниципальный округ Головинский,Головинский,Москва,внутригородская территория города федерального значения,55.84949437953087,37.51197087370805,106612.0,151028.1
2500,внутригородская территория города федерального значения муниципальный округ Дмитровский,Дмитровский,Москва,внутригородская территория города федерального значения,55.89137594953986,37.52841751408402,103496.0,129755.4
2501,внутригородская территория города федерального значения муниципальный округ Западное Дегунино,Западное Дегунино,Москва,внутригородская территория города федерального значения,55.87233702279153,37.519265923354425,84743.0,118175.0
2502,внутригородская территория города федерального значения муниципальный округ Коптево,Коптево,Москва,внутригородская территория города федерального значения,55.832341457963054,37.5290003370957,103676.0,190203.9
2503,внутригородская территория города федерального значения муниципальный округ Левобережный,Левобережный,Москва,внутригородская территория города федерального значения,55.86563122119728,37.46575376835506,55420.0,137148.0
2504,внутригородская территория города федерального значения муниципальный округ Молжаниновский,Молжаниновский,Москва,внутригородская территория города федерального значения,55.93672216725851,37.37696264097214,13337.0,140431.6
2505,внутригородская территория города федерального значения муниципальный округ Савеловский,Савеловский,Москва,внутригородская территория города федерального значения,55.79973884857984,37.57083264865994,60149.0,215132.7
2506,внутригородская территория города федерального значения муниципальный округ Сокол,Сокол,Москва,внутригородская территория города федерального значения,55.8048927432137,37.50551254582472,57677.0,142955.5
2507,внутригородская территория города федерального значения муниципальный округ Тимирязевский,Тимирязевский,Москва,внутригородская территория города федерального значения,55.82584703941288,37.55783095063874,82774.0,216063.6
2508,внутригородская территория города федерального значения муниципальный округ Ховрино,Ховрино,Москва,внутригородская территория города федерального значения,55.869145306471694,37.48947324998621,96233.0,106351.2
2509,внутригородская территория города федерального значения муниципальный округ Хорошевский,Хорошевский,Москва,внутригородская территория города федерального значения,55.78229536963436,37.52734809544949,75533.0,183231.2
2510,внутригородская территория города федерального значения муниципальный округ Алексеевский,Алексеевский,Москва,внутригородская территория города федерального значения,55.81241654064645,37.65022353572259,77681.0,150849.0
2511,внутригородская территория города федерального значения муниципальный округ Алтуфьевский,Алтуфьевский,Москва,внутригородская территория города федерального значения,55.87976932530269,37.583389051790846,55741.0,129178.4
2512,внутригородская территория города федерального значения муниципальный округ Бабушкинский,Бабушкинский,Москва,внутригородская территория города федерального значения,55.86762785288012,37.66544945082588,88627.0,130245.0
2513,внутригородская территория города федерального значения муниципальный округ Бибирево,Бибирево,Москва,внутригородская территория города федерального значения,55.89498500768084,37.60795758457639,158797.0,100618.5
2514,внутригородская территория города федерального значения муниципальный округ Бутырский,Бутырский,Москва,внутригородская территория города федерального значения,55.814137098007656,37.58944381055159,71703.0,205249.2
2515,внутригородская территория города федерального значения муниципальный округ Лианозово,Лианозово,Москва,внутригородская территория города федерального значения,55.90074186225873,37.56843529207546,84105.0,133442.7
2516,внутригородская территория города федерального значения муниципальный округ Лосиноостровский,Лосиноостровский,Москва,внутригородская территория города федерального значения,55.8811720574252,37.69403969462124,83136.0,115734.3
2517,внутригородская территория города федерального значения муниципальный округ Марфино,Марфино,Москва,внутригородская территория города федерального значения,55.834235942170665,37.58894432106124,36742.0,140528.6
2518,внутригородская территория города федерального значения муниципальный округ Марьина роща,Марьина роща,Москва,внутригородская территория города федерального значения,55.79716974724253,37.61155619751884,62191.0,184505.8
2519,внутригородская территория города федерального значения муниципальный округ Останкинский,Останкинский,Москва,внутригородская территория города федерального значения,55.829227750933605,37.61850231530411,64840.0,167222.6
2520,внутригородская территория города федерального значения муниципальный округ Отрадное,Отрадное,Москва,внутригородская территория города федерального значения,55.862037202106215,37.60097369308916,187737.0,131674.3
2521,внутригородская территория города федерального значения муниципальный округ Ростокино,Ростокино,Москва,внутригородская территория города федерального значения,55.83604734542865,37.65320678602688,52115.0,152010.4
2522,внутригородская территория города федерального значения муниципальный округ Свиблово,Свиблово,Москва,внутригородская территория города федерального значения,55.85187742168949,37.64775775686361,60013.0,139610.7
2523,внутригородская территория города федерального значения муниципальный округ Северное Медведково,Северное Медведково,Москва,внутригородская территория города федерального значения,55.88824548880293,37.65506362742695,129632.0,121827.0
2524,внутригородская территория города федерального значения муниципальный округ Северный,Северный,Москва,внутригородская территория города федерального значения,55.93281068264679,37.547101562052575,55740.0,120516.1
2525,внутригородская территория города федерального значения муниципальный округ Южное Медведково,Южное Медведково,Москва,внутригородская территория города федерального значения,55.8749673319977,37.63465968779048,88150.0,115802.8
2526,внутригородская территория города федерального значения муниципальный округ Ярославский,Ярославский,Москва,внутригородская территория города федерального значения,55.86085512056663,37.70009903138712,98861.0,133247.7
2527,внутригородская территория города федерального значения муниципальный округ Куркино,Куркино,Москва,внутригородская территория города федерального значения,55.8913375065524,37.38938414918312,33298.0,125392.2
2528,внутригородская территория города федерального значения муниципальный округ Митино,Митино,Москва,внутригородская территория города федерального значения,55.845374458424,37.365891028739775,198194.0,122877.5
2529,внутригородская территория города федерального значения муниципальный округ Покровское-Стрешнево,Покровское-Стрешнево,Москва,внутригородская территория города федерального значения,55.82387496532305,37.44557829011315,67364.0,175675.7
2530,внутригородская территория города федерального значения муниципальный округ Северное Тушино,Северное Тушино,Москва,внутригородская территория города федерального значения,55.86171808395705,37.42820998175981,172055.0,127789.4
2531,внутригородская территория города федерального значения муниципальный округ Строгино,Строгино,Москва,внутригородская территория города федерального значения,55.79710068012746,37.40433179510442,163074.0,137223.0
2532,внутригородская территория города федерального значения муниципальный округ Хорошево-Мневники,Хорошево-Мневники,Москва,внутригородская территория города федерального значения,55.77290885707122,37.464190275511285,182497.0,144182.2
2533,внутригородская территория города федерального значения муниципальный округ Щукино,Щукино,Москва,внутригородская территория города федерального значения,55.80066729016727,37.47386413564261,110486.0,166965.1
2534,внутригородская территория города федерального значения муниципальный округ Южное Тушино,Южное Тушино,Москва,внутригородская территория города федерального значения,55.84290998407725,37.4295500986987,112628.0,153504.9
2535,внутригородская территория города федерального значения муниципальный округ Арбат,Арбат,Москва,внутригородская территория города федерального значения,55.75115496741319,37.590015702138,36246.0,247231.3
2536,внутригородская территория города федерального значения муниципальный округ Басманный,Басманный,Москва,внутригородская территория города федерального значения,55.76669496866895,37.67084805655209,111289.0,187752.5
2537,внутригородская территория города федерального значения муниципальный округ Замоскворечье,Замоскворечье,Москва,внутригородская территория города федерального значения,55.73360250382286,37.633734772504425,55293.0,224018.5
2538,внутригородская территория города федерального значения муниципальное образование Савелки,Савелки,Москва,внутригородская территория города федерального значения,55.98770986180949,37.240632013279416,36947.0,138589.8
2539,внутригородская территория города федерального значения муниципальный округ Красносельский,Красносельский,Москва,внутригородская территория города федерального значения,55.77793650843817,37.65456919968744,45851.0,246666.7
2540,внутригородская территория города федерального значения муниципальный округ Мещанский,Мещанский,Москва,внутригородская территория города федерального значения,55.78001575560696,37.62877823783855,55635.0,191847.6
2541,внутригородская территория города федерального значения муниципальный округ Пресненский,Пресненский,Москва,внутригородская территория города федерального значения,55.76082449482416,37.55942484658481,127506.0,257910.1
2542,внутригородская территория города федерального значения муниципальный округ Таганский,Таганский,Москва,внутригородская территория города федерального значения,55.74079734275095,37.66679667228432,134759.0,207264.0
2543,внутригородская территория города федерального значения муниципальный округ Тверской,Тверской,Москва,внутригородская территория города федерального значения,55.7702250083444,37.60669477709032,75735.0,231223.2
2544,внутригородская территория города федерального значения муниципальный округ Хамовники,Хамовники,Москва,внутригородская территория города федерального значения,55.72913353494803,37.574956934590745,105094.0,214306.4
2545,внутригородская территория города федерального значения муниципальный округ Якиманка,Якиманка,Москва,внутригородская территория города федерального значения,55.730673566261146,37.60745808237328,27022.0,289698.4
2546,внутригородская территория города федерального значения муниципальный округ Выхино-Жулебино,Выхино-Жулебино,Москва,внутригородская территория города федерального значения,55.69632798922113,37.82452142665792,241326.0,136813.5
2547,внутригородская территория города федерального значения муниципальный округ Капотня,Капотня,Москва,внутригородская территория города федерального значения,55.64479202077856,37.80560911889819,32161.0,167969.9
2548,внутригородская территория города федерального значения муниципальный округ Кузьминки,Кузьминки,Москва,внутригородская территория города федерального значения,55.69876736788463,37.77380920998836,139880.0,115360.6
2549,внутригородская территория города федерального значения муниципальный округ Лефортово,Лефортово,Москва,внутригородская территория города федерального значения,55.75363508577346,37.70489601575428,109711.0,161314.5
2550,внутригородская территория города федерального значения муниципальный округ Люблино,Люблино,Москва,внутригородская территория города федерального значения,55.67203971494156,37.77907712760483,184071.0,103011.1
2551,внутригородская территория города федерального значения муниципальный округ Марьино,Марьино,Москва,внутригородская территория города федерального значения,55.6525303700436,37.74455985405709,272278.0,113051.7
2552,внутригородская территория города федерального значения муниципальный округ Некрасовка,Некрасовка,Москва,внутригородская территория города федерального значения,55.69597853045798,37.93969290030389,112860.0,161474.2
2553,внутригородская территория города федерального значения муниципальный округ Нижегородский,Нижегородский,Москва,внутригородская территория города федерального значения,55.7318503881324,37.72252814863396,50637.0,234124.8
2554,внутригородская территория города федерального значения муниципальный округ Печатники,Печатники,Москва,внутригородская территория города федерального значения,55.68469616358855,37.70530280525576,89544.0,153895.3
2555,внутригородская территория города федерального значения муниципальный округ Рязанский,Рязанский,Москва,внутригородская территория города федерального значения,55.72053084399725,37.770268209991805,108657.0,120679.8
2556,внутригородская территория города федерального значения муниципальный округ Текстильщики,Текстильщики,Москва,внутригородская территория города федерального значения,55.70723385176324,37.7381497874513,101550.0,156975.9
2557,внутригородская территория города федерального значения муниципальный округ Южнопортовый,Южнопортовый,Москва,внутригородская территория города федерального значения,55.71471301875038,37.676827908253,73112.0,172426.0
2558,внутригородская территория города федерального значения муниципальный округ Академический,Академический,Москва,внутригородская территория города федерального значения,55.68868764847077,37.5777378757774,114228.0,341422.7
2559,внутригородская территория города федерального значения муниципальный округ Гагаринский,Гагаринский,Москва,внутригородская территория города федерального значения,55.6983690256507,37.558655130516165,80493.0,204188.1
2560,внутригородская территория города федерального значения муниципальный округ Зюзино,Зюзино,Москва,внутригородская территория города федерального значения,55.65416533186882,37.58986858747379,123288.0,126194.2
2561,внутригородская территория города федерального значения муниципальный округ Коньково,Коньково,Москва,внутригородская территория города федерального значения,55.64204991295124,37.530241271800605,152544.0,164088.8
2562,внутригородская территория города федерального значения муниципальный округ Котловка,Котловка,Москва,внутригородская территория города федерального значения,55.67618306778714,37.5972512262487,65708.0,159641.6
2563,внутригородская территория города федерального значения муниципальный округ Ломоносовский,Ломоносовский,Москва,внутригородская территория города федерального значения,55.67877696670404,37.53327918279739,87044.0,164648.3
2564,внутригородская территория города федерального значения муниципальный округ Обручевский,Обручевский,Москва,внутригородская территория города федерального значения,55.659086843744376,37.51879675239423,87258.0,164188.7
2565,внутригородская территория города федерального значения муниципальный округ Северное Бутово,Северное Бутово,Москва,внутригородская территория города федерального значения,55.56899606864026,37.57015228057536,97516.0,140130.2
2566,внутригородская территория города федерального значения муниципальный округ Теплый Стан,Теплый Стан,Москва,внутригородская территория города федерального значения,55.631408881217865,37.48979228552847,131899.0,121234.8
2567,внутригородская территория города федерального значения муниципальный округ Черемушки,Черемушки,Москва,внутригородская территория города федерального значения,55.66466339125838,37.56136990821062,107951.0,235335.8
2568,внутригородская территория города федерального значения муниципальный округ Южное Бутово,Южное Бутово,Москва,внутригородская территория города федерального значения,55.53003097059756,37.54772328330622,211116.0,116897.0
2569,внутригородская территория города федерального значения муниципальный округ Ясенево,Ясенево,Москва,внутригородская территория города федерального значения,55.6128532463872,37.54673800530146,176505.0,148214.9
2570,внутригородская территория города федерального значения муниципальный округ Бирюлево Восточное,Бирюлево Восточное,Москва,внутригородская территория города федерального значения,55.59459885242697,37.67879199488797,156160.0,122129.0
2571,внутригородская территория города федерального значения муниципальный округ Бирюлево Западное,Бирюлево Западное,Москва,внутригородская территория города федерального значения,55.58692930107645,37.63755535343356,85308.0,126319.5
2572,внутригородская территория города федерального значения муниципальный округ Братеево,Братеево,Москва,внутригородская территория города федерального значения,55.63337546765484,37.76503958718993,101271.0,108766.1
2573,внутригородская территория города федерального значения муниципальный округ Даниловский,Даниловский,Москва,внутригородская территория города федерального значения,55.70648187642472,37.64281981426732,104272.0,209472.4
2574,внутригородская территория города федерального значения муниципальный округ Донской,Донской,Москва,внутригородская территория города федерального значения,55.70376508111684,37.60662036018538,51291.0,190541.9
2575,внутригородская территория города федерального значения муниципальный округ Зябликово,Зябликово,Москва,внутригородская территория города федерального значения,55.62051138563971,37.74595324858281,133658.0,167071.2
2576,внутригородская территория города федерального значения муниципальный округ Москворечье-Сабурово,Москворечье-Сабурово,Москва,внутригородская территория города федерального значения,55.6430939846689,37.66985090498049,86969.0,138021.5
2577,внутригородская территория города федерального значения муниципальный округ Нагатино-Садовники,Нагатино-Садовники,Москва,внутригородская территория города федерального значения,55.672052237405616,37.64220312494736,83390.0,159567.9
2578,внутригородская территория города федерального значения муниципальный округ Нагатинский затон,Нагатинский затон,Москва,внутригородская территория города федерального значения,55.67968582632844,37.68075798577596,120779.0,130753.7
2579,внутригородская территория города федерального значения муниципальный округ Нагорный,Нагорный,Москва,внутригородская территория города федерального значения,55.66475398499499,37.61554347445132,77073.0,219575.6
2580,внутригородская территория города федерального значения муниципальный округ Орехово-Борисово Северное,Орехово-Борисово Северное,Москва,внутригородская территория города федерального значения,55.61985572984248,37.70270250050429,124886.0,118742.5
2581,внутригородская территория города федерального значения муниципальный округ Орехово-Борисово Южное,Орехово-Борисово Южное,Москва,внутригородская территория города федерального значения,55.60443032657645,37.7335606956828,146959.0,122290.3
2582,внутригородская территория города федерального значения муниципальный округ Царицыно,Царицыно,Москва,внутригородская территория города федерального значения,55.62741984225743,37.65280797844673,119021.0,125095.9
2583,внутригородская территория города федерального значения муниципальный округ Чертаново Северное,Чертаново Северное,Москва,внутригородская территория города федерального значения,55.63219325746832,37.60478754595878,109640.0,164137.5
2584,внутригородская территория города федерального значения муниципальный округ Чертаново Центральное,Чертаново Центральное,Москва,внутригородская территория города федерального значения,55.61386678601983,37.603880924773904,111983.0,125365.5
2585,внутригородская территория города федерального значения муниципальный округ Чертаново Южное,Чертаново Южное,Москва,внутригородская территория города федерального значения,55.59172344946152,37.60030580871483,156092.0,152138.1
2586,внутригородская территория города федерального значения муниципальный округ Старое Крюково,Старое Крюково,Москва,внутригородская территория города федерального значения,55.9808989890741,37.1991146417823,37824.0,160068.6
2587,внутригородская территория города федерального значения городской округ Троицк,Троицк,Москва,внутригородская территория города федерального значения,55.47866333881079,37.29373510377746,71615.0,125638.0
2588,внутригородская территория города федерального значения городской округ Щербинка,Щербинка,Москва,внутригородская территория города федерального значения,55.50391813244581,37.55150034282691,62771.0,141844.7
2589,внутригородская территория города федерального значения поселение Внуковское,Внуковское,Москва,внутригородская территория города федерального значения,55.632704354176006,37.28578611526337,64390.0,135886.0
2590,внутригородская территория города федерального значения поселение Воскресенское,Воскресенское,Москва,внутригородская территория города федерального значения,55.51837398044598,37.46174258949278,19919.0,110214.4
2591,внутригородская территория города федерального значения поселение Вороновское,Вороновское,Москва,внутригородская территория города федерального значения,55.32210128927209,37.13341882551848,14565.0,119990.0
2592,внутригородская территория города федерального значения поселение Десеновское,Десеновское,Москва,внутригородская территория города федерального значения,55.49781102698135,37.37667480987362,47195.0,111816.1
2593,внутригородская территория города федерального значения поселение Киевский,Киевский,Москва,внутригородская территория города федерального значения,55.38787927964771,36.90043199329187,12040.0,109628.8
2595,внутригородская территория города федерального значения поселение Кокошкино,Кокошкино,Москва,внутригородская территория города федерального значения,55.60019601885917,37.16795396589495,21756.0,185658.9
2596,внутригородская территория города федерального значения поселение Краснопахорское,Краснопахорское,Москва,внутригородская территория города федерального значения,55.42430228260712,37.26543866123314,13029.0,121098.4
2597,внутригородская территория города федерального значения поселение Марушкинское,Марушкинское,Москва,внутригородская территория города федерального значения,55.57615309146416,37.18781244860575,16230.0,116707.6
2598,внутригородская территория города федерального значения поселение Михайлово-Ярцевское,Михайлово-Ярцевское,Москва,внутригородская территория города федерального значения,55.400685470091176,37.14163359213124,9107.0,107179.7
2599,внутригородская территория города федерального значения поселение Московский,Московский,Москва,внутригородская территория города федерального значения,55.61384498715646,37.38094832463501,114244.0,240641.4
2600,"внутригородская территория города федерального значения поселение Мосрентген""""",Мосрентген,Москва,внутригородская территория города федерального значения,55.61879314813122,37.46580737163247,21590.0,134899.1
2601,внутригородская территория города федерального значения поселение Новофедоровское,Новофедоровское,Москва,внутригородская территория города федерального значения,55.44389992734575,36.94721090268632,23187.0,104248.9
2602,внутригородская территория города федерального значения поселение Первомайское,Первомайское,Москва,внутригородская территория города федерального значения,55.50683839032608,37.20715383771088,27069.0,90102.0
2604,внутригородская территория города федерального значения поселение Рязановское,Рязановское,Москва,внутригородская территория города федерального значения,55.4795821948034,37.50343362451347,33033.0,175654.3
2605,внутригородская территория города федерального значения поселение Сосенское,Сосенское,Москва,внутригородская территория города федерального значения,55.57321834138831,37.462393615560686,122303.0,161868.4
2606,внутригородская территория города федерального значения поселение Филимонковское,Филимонковское,Москва,внутригородская территория города федерального значения,55.565440391102726,37.3207777532131,17811.0,105347.3
2607,внутригородская территория города федерального значения поселение Щаповское,Щаповское,Москва,внутригородская территория города федерального значения,55.38980926366654,37.381790854488806,13360.0,100707.3
2618,Мантуровский муниципальный округ,Мантуровский,Костромская область,муниципальный округ,58.29485499350253,44.69015574973263,15147.0,50475.0
2619,городской округ город Переславль-Залесский,Переславль-Залесский,Ярославская область,городской округ,56.81795097240733,38.72399023790689,54039.0,65925.5
2620,городской округ Соликамский,Соликамский,Пермский край,городской округ,59.81078392551281,56.7093152879703,99951.0,72739.3
2621,городской округ город Березники,Березники,Пермский край,городской округ,59.38758184228324,56.324114418860646,147365.0,89172.5
2644,городской округ Серпухов,Серпухов,Московская область,городской округ,54.91545474671765,37.50364245965919,181687.0,95253.0
2646,городской округ город Обнинск,Обнинск,Калужская область,городской округ,55.10463463403939,36.60114830233597,132477.0,93271.9
2647,Боровский муниципальный район,Боровский,Калужская область,муниципальный район,55.18412064906064,36.424891350259465,82139.0,98046.0
2648,городской округ Лосино-Петровский,Лосино-Петровский,Московская область,городской округ,55.912967226572015,38.175681268549,72040.0,78580.1
2649,городской округ Щёлково,Щёлково,Московская область,городской округ,56.02420415661558,38.21573639613607,218279.0,99529.8
2651,городской округ Одинцовский,Одинцовский,Московская область,городской округ,55.665796198667394,36.85573447650842,482184.0,127207.5
2652,городской округ Орехово-Зуевский,Орехово-Зуевский,Московская область,городской округ,55.66791609254306,39.04937092219396,240323.0,84913.1
2710,городской округ Вышневолоцкий,Вышневолоцкий,Тверская область,городской округ,57.54637880340938,34.50297755714385,63833.0,42874.9
2808,городской округ Коломна,Коломна,Московская область,городской округ,55.042045410328825,38.69693608227606,213701.0,88235.0
2809,муниципальный округ Кунгурский,Кунгурский,Пермский край,муниципальный округ,57.47881974889148,56.61225024721576,103245.0,57065.1
2813,городской округ Шатура,Шатура,Московская область,городской округ,55.471839730912194,39.78816545744897,101188.0,72601.9
2814,городской округ Пушкинский,Пушкинский,Московская область,городской округ,56.11267790683766,37.97625797446673,300898.0,88257.1
2872,муниципальный округ Приуральский район,Приуральский,Ямало-Ненецкий автономный округ,муниципальный округ,67.13073800010793,67.53944081400105,10095.0,129786.2
2876,городской округ город-курорт Кисловодск,Кисловодск,Ставропольский край,городской округ,43.882534230435546,42.75187033310549,133451.0,63656.5
2879,городской округ город Губкинский,Губкинский,Ямало-Ненецкий автономный округ,городской округ,64.42919268398403,76.41398609826443,34958.0,157226.9
2880,городской округ город Лабытнанги,Лабытнанги,Ямало-Ненецкий автономный округ,городской округ,66.69140519494164,66.33656700879452,31295.0,124659.2
2881,Предгорный муниципальный округ,Предгорный,Ставропольский край,муниципальный округ,44.0551848332665,42.78618822589589,109591.0,54992.4
2882,муниципальный округ Пуровский район,Пуровский,Ямало-Ненецкий автономный округ,муниципальный округ,64.85610336445144,77.36990884292472,36676.0,176767.4
2883,муниципальный округ Кимрский,Кимрский,Тверская область,муниципальный округ,57.02787711508696,37.14180064054109,51679.0,48260.2
2884,муниципальный округ Ржевский,Ржевский,Тверская область,муниципальный округ,56.35305892672184,34.15757112774977,63768.0,51322.1
2885,муниципальный округ Кудымкарский,Кудымкарский,Пермский край,муниципальный округ,59.04103126045404,54.53991470322384,50562.0,51081.4
2886,муниципальный округ Губахинский,Губахинский,Пермский край,муниципальный округ,58.821305337322464,57.81548144012615,43671.0,69339.0
2887,городской округ город Саратов,Саратов,Саратовская область,городской округ,51.50526625469066,45.82392462835831,937364.0,68749.6
3005,городской округ город Арзамас,Арзамас,Нижегородская область,городской округ,55.466042486688536,43.72676929207624,144670.0,69530.0
3007,Прокопьевский муниципальный округ,Прокопьевский,Кемеровская область,муниципальный округ,54.0312317629562,86.67727617540086,43200.0,90215.6
3009,городской округ город Тамбов,Тамбов,Тамбовская область,городской округ,52.6897405536642,41.4256502908372,288947.0,60551.3
3011,городской округ Златоустовский,Златоустовский,Челябинская область,городской округ,55.04033476976752,59.52965551343381,160367.0,58394.4
3012,Кусинский муниципальный район,Кусинский,Челябинская область,муниципальный район,55.41128327143098,59.58085619517491,24970.0,47588.8
3013,городской округ Солнечногорск,Солнечногорск,Московская область,городской округ,56.14279734323833,37.025174229319575,135509.0,102601.2
